,East Village,Carroll Gardens-Cobble Hill-Gowanus-Red Hook,Woodside,South Williamsburg,Ocean Hill,East New York (North),Longwood,Bedford-Stuyvesant (East),Bay Ridge,Brownsville,Sunset Park (West),Mott Haven-Port Morris,Maspeth,Annadale-Huguenot-Prince's Bay-Woodrow,Morrisania,Astoria (North)-Ditmars-Steinway,East Williamsburg,University Heights (South)-Morris Heights,Bedford-Stuyvesant (West),Tremont,West Farms,Breezy Point-Belle Harbor-Rockaway Park-Broad Channel,Ridgewood,East Harlem (South),Lower East Side,Rockaway Beach-Arverne-Edgemere,East Harlem (North),East Elmhurst,Sunnyside,Todt Hill-Emerson Hill-Lighthouse Hill-Manor Heights,Chinatown-Two Bridges,Riverdale-Spuyten Duyvil,Coney Island-Sea Gate,Prospect Lefferts Gardens-Wingate,Tottenville-Charleston,Melrose,Highbridge,Brooklyn Heights,Williamsburg,Windsor Terrace-South Slope,Bushwick (East),Crotona Park East,Grasmere-Arrochar-South Beach-Dongan Hills,Fort Greene,Mount Hope,Astoria (East)-Woodside (North),Westchester Square,Flatbush (West)-Ditmas Park-Parkville,Mount Eden-Claremont (West),Ozone Park,Norwood,Great Kills-Eltingville,Corona,Rosebank-Shore Acres-Park Hill,New Dorp-Midland Beach,Spring Creek-Starrett City,Kingsbridge Heights-Van Cortlandt Village,Mapleton-Midwood (West),Bedford Park,Arden Heights-Rossville,Kingsbridge-Marble Hill,Long Island City-Hunters Point,West New Brighton-Silver Lake-Grymes Hill,Queensbridge-Ravenswood-Dutch Kills,Hunts Point,Inwood,West Village,Bushwick (West),Harlem (North),Greenpoint,Oakwood-Richmondtown,Douglaston-Little Neck,Co-op City,Kensington,New Springville-Willowbrook-Bulls Head-Travis,Belmont,Port Richmond,Borough Park,Clinton Hill,Gravesend (East)-Homecrest,Harlem (South),Upper West Side-Manhattan Valley,Bensonhurst,Gravesend (West),East New York-City Line,SoHo-Little Italy-Hudson Square,Sunset Park (East)-Borough Park (West),Gravesend (South),Manhattanville-West Harlem,Soundview-Clason Point,Pelham Bay-Country Club-City Island,Morningside Heights,Westerleigh-Castleton Corners,Old Astoria-Hallets Point,Mariner's Harbor-Arlington-Graniteville,East Flatbush-Farragut,Madison,Cambria Heights,North Corona,Springfield Gardens (North)-Rochdale Village,Middle Village,Claremont Village-Claremont (East),Crown Heights (South),Brighton Beach,Jackson Heights,Oakland Gardens-Hollis Hills,Cypress Hills,Laurelton,Tribeca-Civic Center,Howard Beach-Lindenwood,Kew Gardens Hills,St. George-New Brighton,East Flatbush-Erasmus,Kew Gardens,St. Albans,East Flatbush-Rugby,Ozone Park (North),Fresh Meadows-Utopia,Pelham Gardens,Castle Hill-Unionport,Washington Heights (South),Rego Park,Murray Hill-Broadway Flushing,Crown Heights (North),East Flushing,Far Rockaway-Bayswater,Hollis,Greenwich Village,Financial District-Battery Park City,Park Slope,Hamilton Heights-Sugar Hill,Dyker Heights,Bay Terrace-Clearview,Glendale,Queensboro Hill,Midwood,Bellerose,Fordham Heights,Allerton,Jamaica Estates-Holliswood,Tompkinsville-Stapleton-Clifton-Fox Hills,Rosedale,Woodhaven,Pomonok-Electchester-Hillcrest,Marine Park-Mill Basin-Bergen Beach,South Richmond Hill,Concourse-Concourse Village,Prospect Heights,Sunset Park (Central),Queens Village,Elmhurst,University Heights (North)-Fordham,Whitestone-Beechhurst,Glen Oaks-Floral Park-New Hyde Park,Jamaica Hills-Briarwood,Parkchester,Flatlands,Springfield Gardens (South)-Brookville,Bath Beach,Bayside,East Flatbush-Remsen Village,College Point,Pelham Parkway-Van Nest,Sheepshead Bay-Manhattan Beach-Gerritsen Beach,Auburndale,Washington Heights (North),Richmond Hill,Upper East Side-Carnegie Hill,Astoria (Central),South Ozone Park,Soundview-Bruckner-Bronx River,Eastchester-Edenwald-Baychester,Upper West Side-Lincoln Square,Upper East Side-Yorkville,Morris Park,Williamsbridge-Olinville,Forest Hills,Throgs Neck-Schuylerville,Stuyvesant Town-Peter Cooper Village,Murray Hill-Kips Bay,Canarsie,Upper West Side (Central),East Midtown-Turtle Bay,Baisley Park,Wakefield-Woodlawn,Downtown Brooklyn-DUMBO-Boerum Hill,Hell's Kitchen,South Jamaica,Chelsea-Hudson Yards,Upper East Side-Lenox Hill-Roosevelt Island,Flushing-Willets Point,Flatbush,Gramercy,Midtown-Times Square,Jamaica,East New York-New Lots,Midtown South-Flatiron-Union Square
East Village,1.0000000000000002,0.9275829021154132,0.8674915083277825,0.8460290261910747,0.8983348800978064,0.9241832895706507,0.8725521179745637,0.966533334166625,0.8714832590295688,0.9099343034324158,0.8532472218453472,0.8696093848551539,0.8567157352356696,0.8556865393127349,0.8693248621143108,0.8551332279316675,0.902752786185576,0.8563756130776787,0.9770022094709608,0.8608573146746512,0.8008988491017264,0.8167351477841338,0.8240194350847434,0.8690723146537761,0.8823096994225443,0.8452286290375598,0.8978277259775606,0.8373631922815611,0.822006649552979,0.7860422372518873,0.8234221044981632,0.8554230831735198,0.8220548152435833,0.8085338915271105,0.7550521640763106,0.8577927540023174,0.8171762088352643,0.8401434987774636,0.9706624424676858,0.8018096864132498,0.8658982360719102,0.8232881901377271,0.7708948607832538,0.8654600560636067,0.8810576985026207,0.8173954678519693,0.739479622590449,0.7534512281270351,0.8547448746988201,0.781664197923812,0.7623861834463185,0.7685409730575331,0.8335766906522272,0.7608271290784698,0.7392611856220218,0.7142073486888508,0.7734892865977729,0.7475638907235055,0.78984145658187,0.7213935861415827,0.7546052767436668,0.7960587857973282,0.7696607283569273,0.8145386199645582,0.7488281920837117,0.7603372318329723,0.8416954269826447,0.8376917736440357,0.925497427765616,0.8270081591154606,0.7243218527950046,0.7728385708201748,0.6929805033282942,0.7265040571549327,0.770628159885282,0.7736907704674432,0.7526318237853271,0.7416887628932795,0.7778944199629686,0.7814360460594627,0.8682699563591517,0.7969446580796269,0.7748229146722153,0.7603348918412686,0.7832994684927155,0.8156848453884177,0.7438732178077236,0.70928280243722,0.7647592827555513,0.7712464806468284,0.7445615914399356,0.7756818694278032,0.7577148481459763,0.7412345470328472,0.7594432354359976,0.7188618498382959,0.7288045787164846,0.702371951673175,0.7735035348182104,0.711218329582627,0.7272097230613633,0.7816907176971465,0.7838638924394183,0.7205062108358005,0.8637224529964875,0.7216752755468299,0.7469646201722222,0.7029769547756368,0.7390853314154455,0.735132846488312,0.7201360297725489,0.7777834015470643,0.7401687671103373,0.7193123426056119,0.7445726233559105,0.7275388957975946,0.721837203101064,0.7343311256842866,0.7249590891540887,0.7623460840476226,0.8381631840026419,0.7263884025442628,0.7505087959099992,0.8409679345233351,0.7054129664010171,0.8407541284113762,0.7054510032127624,0.8293138097026471,0.7321821131184447,0.7710382714299395,0.8777461055848647,0.7208522574006803,0.7216449518039812,0.7313284303404883,0.6948330525875399,0.7293754458304963,0.7143878654331979,0.727616546112375,0.7211051293438715,0.7033747302093615,0.7423036114871354,0.7066522230065729,0.7293580793211488,0.72304956174733,0.7449483052466478,0.6940175728689284,0.8127731288218318,0.7278659949172314,0.7517196895104443,0.7543388556445776,0.8941810382208211,0.847788411441603,0.7254760196871904,0.7032613957162308,0.730517986266326,0.7159178800221372,0.7682904382980021,0.7324974979978549,0.7048549370829498,0.7551759507230685,0.7390801002379365,0.7464672843668827,0.7147656329071672,0.7885673478053384,0.7017454262040742,0.8321820299020493,0.705998461963325,0.7306512715334658,0.7580210705272149,0.813429579389673,0.7993004140174642,0.7204838597338439,0.7912656570108549,0.7649558012607462,0.7072850834379982,0.7531197432796771,0.8228767675223182,0.765856411473087,0.6681337577343633,0.7935054520877947,0.7773108874523703,0.8319039202641489,0.7717065133876001,0.7400511899536433,0.7182621462401843,0.8639547735697449,0.8036135242942364,0.777021115586283,0.7787551907415708,0.7950216978485195,0.7466091316457513,0.7319694747283427,0.6951076610736506,0.569837477636549,0.7224372233647063,0.787695386384886,0.6600213968755939
Carroll Gardens-Cobble Hill-Gowanus-Red Hook,0.9275829021154132,1.0000000000000002,0.9439352211932088,0.8830665082709995,0.9140921832339081,0.8883146780978934,0.8897255269089074,0.9204598305736194,0.9523025508389746,0.852974641861413,0.9436532176351546,0.8692808729887574,0.9151908546412525,0.889931671857284,0.8468974915584553,0.9470460174874811,0.9795702159021047,0.8818423811981585,0.9590177043423898,0.8507409229217108,0.8489664794102972,0.8521526287240807,0.9289220122745119,0.878436136054162,0.8739193787665055,0.8466356960501752,0.8150612381400381,0.9029316151806641,0.9198467834570127,0.8094518680448962,0.8514053296874139,0.8955841199720487,0.8125754295285273,0.9029532598149924,0.810733431941296,0.8605945661506109,0.8217832807626372,0.9153212176803817,0.9858556963945246,0.8931185573845568,0.9506511093309864,0.8504001652953177,0.8237368292305042,0.9588559297508075,0.8787436154480877,0.9113901088923255,0.8045750443839489,0.8465077746901399,0.8727143260215432,0.8469171957040363,0.8518162715135285,0.8229399533580358,0.8986557197656905,0.811090048484658,0.8134494809033684,0.7494397066395576,0.8160010614122803,0.8281849785373636,0.8722118278081942,0.779688197131954,0.8462736115027129,0.9520942542827783,0.8073957042186941,0.9017515759364957,0.7850960974646338,0.8423779208633971,0.9497422337191648,0.941597449527278,0.8069556639452157,0.9336067089588803,0.8060696202684422,0.8312484310159106,0.7490854698692091,0.8284564615248732,0.8102892705557401,0.8142118613799548,0.8013952602420105,0.8207597252325612,0.8810878447460974,0.8218698011112959,0.8865567526346176,0.874057038399542,0.8577872197433672,0.8214895901597569,0.8167106850287971,0.9594970135131452,0.7954681218750069,0.7900295119575175,0.8245041614160648,0.7872589306624066,0.8184419369127854,0.8780160976737393,0.8012230549343549,0.8344017647769308,0.8034128299461033,0.7908344349081259,0.7984593347248526,0.7797128735289316,0.8532795830687138,0.7722643773407749,0.7970859532762351,0.7771305943538428,0.8751489324971194,0.7862557148925405,0.9216294256941546,0.8008077420610852,0.8279333504418055,0.7778028200130176,0.9234255213333441,0.8027090663227917,0.7897194270580813,0.8125036829680751,0.8306879628114848,0.7990382469767413,0.7902298500369916,0.8066663372245794,0.7868757616409471,0.8038827046521171,0.8074933148132788,0.7912044864936911,0.8747685041108697,0.8038336429526419,0.7982169271352432,0.8968015318342021,0.7752946605716886,0.8450776538970398,0.7721416014002512,0.9523714782773314,0.9273946148443146,0.929703148023066,0.9038982822776656,0.7859500962029666,0.8069924117368799,0.8049561693782172,0.7746859249576759,0.7995567081940587,0.7962967767021488,0.8120484175507164,0.770378237871696,0.7797883659707596,0.8140059380418383,0.7904975406575425,0.8042725377532136,0.7831526775700671,0.8029138148747988,0.7753385968139977,0.8549539514869993,0.8489521599408533,0.8222604896415784,0.7982823424953053,0.9101904155154086,0.8441358414025502,0.8007059084301721,0.7923768113345788,0.7963557460087208,0.7717245074350145,0.8020929571898598,0.8070519159479853,0.7736939646782662,0.826573663159298,0.7733235398251249,0.8092665596034087,0.7779483350139538,0.8153108739062431,0.7833990619504541,0.877288449594094,0.7957032611637157,0.90130534152588,0.861972315043821,0.8568224797034938,0.8070560781420543,0.7957101479294838,0.9173666577014908,0.8705680253370358,0.7683189770210271,0.8074816388186038,0.8574303652702574,0.7980552166809213,0.7978845327461627,0.9216327454954266,0.8093133579141387,0.9331948548930955,0.9083671233181059,0.7958461492933604,0.7856757075643538,0.96794606572683,0.8850970940223085,0.7798914492805105,0.9549687869396911,0.9001233818566655,0.7842970769259049,0.7920051652878933,0.8380069629279169,0.778616123177779,0.7821597988226276,0.6321896100275248,0.8799395074133566
Woodside,0.8674915083277825,0.9439352211932088,0.9999999999999998,0.9787136656231021,0.9760154885563161,0.9271269270097775,0.9705153034539769,0.8908377835164109,0.9822376926370905,0.9023613983134209,0.9856437755271558,0.9215004950554343,0.9850878847481448,0.9600435490229872,0.9401218497158389,0.9976071555222831,0.9856123860867234,0.9773552340639637,0.9133527803371295,0.950611698796266,0.9704380958645256,0.9608841998970999,0.9849575251804658,0.959175600634324,0.9542506364586034,0.9593012346339672,0.8445943502062516,0.9886398497617317,0.994856552460551,0.9396292774720311,0.9670186311828655,0.9729380053593758,0.9328156367410135,0.9913682884649867,0.9515587033349613,0.9452141897327815,0.9514641348960788,0.9521380313530369,0.9359688860401768,0.9614109162706778,0.9931546681810844,0.9686903270407352,0.955145036488862,0.9848367362813,0.9646557247535322,0.99435502299717,0.9487131089368094,0.9717427396339957,0.9651466570461426,0.963590405407258,0.974162384173668,0.9510237983524232,0.9912432470697286,0.9441140517776193,0.9500032742592925,0.9186723298013413,0.9561663865127357,0.9564566854438221,0.9828103794219702,0.9302423091146516,0.9728359416208048,0.9454732948603338,0.9389764864382737,0.9929781660791985,0.9350913526094514,0.9714292461131298,0.964241948689033,0.9958374512298025,0.8186794970596779,0.9846575509522324,0.9407372002223396,0.9273331769713004,0.9185851241104812,0.9596439511184545,0.9392113803811525,0.9513662601226084,0.9364833951603988,0.9568909234886048,0.956304812404624,0.9564934153187771,0.9786362172402677,0.9759338176467123,0.9774155858285309,0.9588404960912068,0.948596087460534,0.9678261232694827,0.9457762147448946,0.9377639398745183,0.9639631336612573,0.9292702116579102,0.9510054136749131,0.969717001480899,0.937245404619662,0.9485587384317193,0.9359133061425505,0.9401689843360209,0.9429680424159042,0.9251925322365003,0.9724355186905927,0.9270355337378868,0.9299359289682038,0.929850344168407,0.9823506262785836,0.9396479200904618,0.9626481353353035,0.9240373211023216,0.9613225181938206,0.9257960417371182,0.888448945227837,0.9314401193394188,0.9296279715157999,0.943431422945777,0.9655289275998339,0.9398016742051599,0.9333484171925062,0.9498465611472314,0.9304576441545745,0.9289247239529871,0.941794958165025,0.9384248367486874,0.9713857307358832,0.9355866586102498,0.9357279247386467,0.9737157399358148,0.9261893681905149,0.9562768968050781,0.9264167917648306,0.9769766316631744,0.8464984644488035,0.9613077500740463,0.9857061594071043,0.9303874836493776,0.9155942924532334,0.9399739594932545,0.9224725697688572,0.9470018114360802,0.9242052124777361,0.9546921676804688,0.9278600090968169,0.9253868068405408,0.9458221045669503,0.9237952005855606,0.9476115042635079,0.9308842551345871,0.9344078133100687,0.922700321559309,0.9500416328729776,0.9383014086104422,0.962845114272044,0.9350222856373311,0.9051333768768265,0.9589167079293048,0.9261108623256757,0.9183146194392676,0.9313946005916007,0.9281771535949985,0.9335630562773499,0.9279947411059575,0.9264146579624971,0.9179061895034656,0.928881601522972,0.9334090314380872,0.9335716811168803,0.9511271922200388,0.9231239930661056,0.968482731036788,0.9420857570007609,0.953589366505872,0.9740930794710754,0.9691310315419402,0.9415636846250872,0.9376019890541629,0.9474674680916326,0.9604512649354353,0.9298226262482393,0.9486318215131097,0.9649888134618978,0.9376296262177017,0.9009251675615315,0.9392642250518477,0.9427512633773426,0.9877243651909675,0.9507609570769108,0.9277330727606194,0.9424703982732549,0.8452426446422131,0.9723555868095056,0.927307214603609,0.9080270147717827,0.9596853857063509,0.9272927321711163,0.9484345152165917,0.9127123902471076,0.6908435084064772,0.8811858435047726,0.7361978080864648,0.8204035538646066
South Williamsburg,0.8460290261910747,0.8830665082709995,0.9787136656231021,1.0,0.9696236473089339,0.9523215686863411,0.9739439495812673,0.8636392860639622,0.9304135459690281,0.9244502316663659,0.9405496638415287,0.8930254781844683,0.994535168708767,0.9883382478750805,0.9778600451392958,0.9737985694951317,0.9390457929666357,0.9895366674862018,0.869150394086166,0.9849443653624992,0.9941419025617841,0.9959994272073197,0.936493982180073,0.9744955820832374,0.9553751679040328,0.9900826317937712,0.8502965725356899,0.9960595677777495,0.9673931348228461,0.9891461168746142,0.989963121030638,0.9951937261226695,0.9743219608344059,0.9709625695087474,0.9878007249602321,0.9548489743240594,0.9891284968855675,0.9590876312494431,0.8946455237611013,0.9721315536477274,0.9539751303934505,0.9903299315268164,0.9912586553185924,0.9617208179181728,0.9804769018937857,0.9814671761020707,0.9843446786389317,0.9823239085519362,0.9794932915731069,0.9922315550186357,0.9803444006200206,0.9894475379464582,0.9939801736288701,0.9873937428976214,0.9841735249518356,0.969700737904938,0.9893649443764215,0.9845094822708806,0.971612132736357,0.9774160200439609,0.9810178883857952,0.8953307303854953,0.9873134645407851,0.985779649706715,0.9770717734825634,0.9854457703163478,0.9466786957861651,0.9612209410934937,0.8022019581148588,0.9657981205971773,0.9769080471250807,0.9697198899393334,0.9678121644424427,0.9761645559364993,0.9871175416524002,0.9848788383970911,0.9842971713749278,0.9846977692107471,0.9680987013942756,0.9916559670356113,0.9819145404964225,0.9932681105922874,0.9831043990765584,0.9889204607212189,0.99013025342271,0.9229772970659981,0.9821079338247507,0.9751947620781061,0.9846849030236804,0.9812312490449879,0.9829313609125324,0.9807406914480794,0.9845809071128635,0.9742313682418069,0.9846467112205273,0.9785809711182092,0.9808361805927114,0.9701889509876871,0.990552895792316,0.9750794303537982,0.974554092627826,0.9633420155264518,0.9659142288220726,0.978435430174334,0.9197459933564944,0.9665288202555676,0.9854968411337246,0.9714229927757582,0.8309716177482939,0.9762165047568898,0.97503704172262,0.9888411257087508,0.9789218016320897,0.9758471076719389,0.9824703761306867,0.9799602849447455,0.9765140426497791,0.9725207880241382,0.9780673450558626,0.9847711338248615,0.959221236949416,0.97554122137904,0.9825018516126349,0.9486671124200723,0.9719481452056923,0.9930492553223806,0.9730771102297374,0.9495726658982846,0.738285779808567,0.9204879596841375,0.9798051940544401,0.9770377531309888,0.955800432039947,0.9793528067115232,0.9668324157156474,0.9800715671581386,0.9672663699619107,0.9769596381963918,0.9740079728008968,0.9703459972505816,0.9836096743267786,0.9674133812130579,0.979774849842787,0.9779812714737809,0.9814069308312258,0.9672968822368943,0.9415941979383932,0.950671358447511,0.9794160326663769,0.9840160424288649,0.8506851299986368,0.9762148838670209,0.9691199894057811,0.9599255321538168,0.9765844398748769,0.9759165177213764,0.9836565509259134,0.9715448416819653,0.9730506512638358,0.9582992674901036,0.9793497847008896,0.9784216991912543,0.9764871020674493,0.9913791398429868,0.9667624588652531,0.9426911344877772,0.9744702325300791,0.925441472931601,0.9688189486328366,0.9976031346573915,0.9798456792004762,0.9763324167853423,0.9362929089832543,0.9719829420002156,0.9724310439682322,0.9797553724743038,0.9964870356166659,0.9864092246189892,0.9277621417181634,0.9261742201055629,0.9881823492289797,0.9701803936182907,0.9368520725149831,0.9763169878160863,0.9765382373997944,0.7499148682452556,0.9776335661205333,0.9768467978304675,0.8132664168386523,0.9550729658955867,0.9738713996395404,0.9710451588601005,0.9245913063964717,0.559529792550152,0.8992696368612042,0.7614593346761871,0.7238168965800981
Ocean Hill,0.8983348800978064,0.9140921832339081,0.9760154885563161,0.9696236473089339,0.9999999999999999,0.9691507822314499,0.9977305077023119,0.9470109043279696,0.9701762496796205,0.9697613414390122,0.9742133359318211,0.9740231924949572,0.9606036962786879,0.9382179518481232,0.9761127475359337,0.9593863816600599,0.9685039689008924,0.9914520096897635,0.9430227700328487,0.979368423605471,0.9675644782588513,0.9448590788263768,0.9528275657781493,0.991713931137487,0.994673562436244,0.978506406912698,0.9385119289970074,0.96300259235751,0.9648683091808229,0.9354298523594357,0.9805016047849373,0.952399635369541,0.970009271294877,0.9703350414491474,0.9350444111455439,0.9904515826398643,0.9638635734277574,0.8974214656022684,0.9204748291274937,0.9061277757522509,0.9772790007671024,0.9796371980107543,0.9431387706543342,0.9346712503511856,0.994054270716043,0.9581477954216648,0.9305790432382682,0.9373806305983425,0.992147088364623,0.9358175130472187,0.957983101910499,0.9277997661951877,0.9771984969979391,0.9245850642392074,0.9248521178711323,0.9220813064424829,0.9459284977589162,0.9214363668697297,0.9654009897735176,0.9069676551163186,0.9499954716238915,0.8653811241963539,0.9262273095197721,0.9693625318461274,0.947129678192893,0.9468377391807553,0.9085227237776439,0.9567559724384148,0.8951303014175892,0.9270586410218615,0.9021675579004417,0.8854521281830362,0.9091382075366905,0.9173491638256466,0.9240067225751776,0.9598021133705826,0.9200193432485574,0.9310418492061094,0.8977884902143278,0.943547663620002,0.9931313387402708,0.9472562112447044,0.9630974538827983,0.9405693891086817,0.9511853430566971,0.9055995851197103,0.9265530463903348,0.9059945649699666,0.9472819179234013,0.9432868421075395,0.9153532194365118,0.9233052162343907,0.9165140968150121,0.8968414573072594,0.9271267559867323,0.9153432407354398,0.9153185729740941,0.8895506942578381,0.9451577079592028,0.9102324132145809,0.893276393070442,0.945023112540509,0.9634270661506481,0.9170222065473381,0.980365424081177,0.8767393203413488,0.9376653831161743,0.8938240010863854,0.790875826026119,0.896566625977535,0.8968873338273907,0.9427186623256123,0.944485877739336,0.9013411951993454,0.9252992202502334,0.9329049664847684,0.9010298490716195,0.8872966414036768,0.9068343585971047,0.941098888661735,0.9868715782376136,0.8966829701733762,0.9110393004464138,0.9875461629083693,0.8940592259589307,0.9708941570791347,0.8998355512340019,0.9211390340596336,0.7518524176171086,0.8821714065568376,0.98335951469336,0.9051609796310893,0.8587675232256013,0.9062725200948388,0.8824532206416076,0.9185869503692243,0.8797982391560478,0.9402592279071292,0.9294049838762699,0.8893357144184173,0.9235402731023241,0.8821576116417627,0.9146317094023134,0.9076928033563452,0.9139432891612004,0.8845323798997875,0.9831076947167866,0.8648562960373223,0.9375776391458572,0.927246085824148,0.9510944381119694,0.9800284457618528,0.88117453137302,0.8659959631957811,0.8977112037086133,0.9080466619661327,0.9357554898344782,0.8877106093166136,0.9001739015811606,0.8663162979666675,0.9284632460020235,0.9008023162682418,0.9110357778354161,0.9480374956905118,0.8799210711482129,0.9697409973620085,0.9126027834187325,0.8844091619607838,0.9242191978461125,0.9628744784581966,0.9672356458325488,0.9239662782942473,0.8747580322492772,0.9023306816072075,0.905289739812335,0.9539865769630387,0.9473230208581731,0.9261443145667115,0.8227996084932375,0.8677909643646858,0.9452402983184767,0.9340532401656959,0.8729775114280365,0.9212847713135015,0.9285444024560352,0.7846264738863771,0.9689774354200777,0.9219982212147331,0.8374322452179849,0.8883853096214417,0.9412870738083551,0.9431184458099079,0.8324679865111421,0.6643547902985251,0.9245146659742253,0.8133986736877211,0.7579256943804609
East New York (North),0.9241832895706507,0.8883146780978934,0.9271269270097775,0.9523215686863411,0.9691507822314499,0.9999999999999998,0.9682237660861263,0.9501213173215663,0.8968762925844657,0.9886808690112318,0.9037842617450924,0.9183602019663548,0.9455251380194108,0.9484444819714622,0.9850971105999312,0.9104513750999179,0.9205581321929054,0.962870936354166,0.9317742782678848,0.9785715139599409,0.936726705564871,0.9368331021089628,0.8641849446429389,0.9804267837947539,0.9600497930781211,0.9622148148964753,0.9473922111651275,0.9333463815510412,0.8936520314334736,0.9331050764890213,0.9530511463148005,0.9490089150912158,0.965931626667423,0.9008529782542739,0.9066637396013338,0.9684751058277519,0.9439280181776967,0.9002467591341599,0.9136633083523711,0.8928982377561415,0.9139843100830407,0.9473993734353983,0.9224968009943021,0.9036323467098979,0.9769845333193437,0.9015420091963937,0.8998221691601398,0.8840501451039124,0.9705583058984123,0.9140271702362577,0.9032721055015396,0.9112223289513304,0.9371955728261749,0.9116602533846697,0.8978572120341597,0.894565183552985,0.9124970460326873,0.8905285072144584,0.8914537999651113,0.8866400491752819,0.8940596741500554,0.8211134238890965,0.9215593126370542,0.9166300005692043,0.9228836249439651,0.8960688250924671,0.896073746302839,0.8898075506694201,0.8731042092054173,0.8836396619141544,0.8780641391687611,0.8965188616264754,0.8794110816542,0.8682253224709734,0.9205697153892519,0.9326916858580476,0.9127998650405896,0.8952341472811124,0.8820108489510451,0.9166391981732218,0.9522166896094614,0.9214524825615827,0.9091209333338611,0.9059760332591521,0.9383025872677451,0.8600068347599604,0.8894891132056976,0.8747828581733186,0.8965836321859948,0.9378324273297614,0.8857593483025192,0.8960248818228363,0.906055119558457,0.8717597879464826,0.9241662662963466,0.8844358127876906,0.8864324500625458,0.870314710752364,0.9076658164810041,0.8896982953675767,0.8820077177955439,0.8990414089794587,0.8851206421819391,0.8829173449311803,0.91428370512078,0.8689146128141342,0.8991939986632705,0.8739555749268232,0.7573367878791748,0.8888007060016926,0.882071132984446,0.9360792207148108,0.8902315806605625,0.8719144762099498,0.9149855983635962,0.896890543652135,0.88428551147553,0.8794526682535189,0.8840843849409222,0.9227396066487114,0.9213476844862775,0.8798949925429792,0.898378997153944,0.9202692674054279,0.8712620987962625,0.9646027817891847,0.8764196955082947,0.888100867987809,0.6765525847286723,0.8234215779070764,0.9341009801787181,0.8895589835389192,0.8577424642511564,0.8865528337847675,0.859859516417846,0.8798937041693453,0.8702604969079625,0.8938979197455055,0.9056422121975556,0.8697111012820157,0.9060264798067429,0.8701504287659783,0.8776013180645313,0.889797685158735,0.9089401213211875,0.8632805907621406,0.9287671555676311,0.8383886855020632,0.8794941392289456,0.9215490950233441,0.9008252453083784,0.9405087002653216,0.8723310356665172,0.8551737349585363,0.8855904246014512,0.8841642950460405,0.9362698195473409,0.88411727820296,0.8783732968609782,0.8779563142966021,0.9100643565693741,0.8967247070850067,0.8811014195927529,0.9278064482535967,0.8621857532650482,0.8855458380082503,0.8766239847750581,0.833172250959972,0.8550168649424961,0.9451853055429901,0.9475663421867896,0.902234810991325,0.8591859970382242,0.875189668526814,0.8693983159473427,0.9216192840944383,0.9341546437461375,0.915193267907635,0.8079223012391485,0.8594493572628982,0.9368593232552106,0.8899515487159999,0.8442449060195459,0.920875837829129,0.8865300771579808,0.7541207365576588,0.9417288300469595,0.9022271531372187,0.7596050043455008,0.8569526020510189,0.9302256498450371,0.8841380302007222,0.8184542694671711,0.5715777922066683,0.9122718996287111,0.7764259332731256,0.694355323292293
Longwood,0.8725521179745637,0.8897255269089074,0.9705153034539769,0.9739439495812673,0.9977305077023119,0.9682237660861263,0.9999999999999998,0.9300385528586056,0.9584824249452549,0.9704166746142672,0.9664468899463952,0.9690243779364789,0.9606535131468233,0.939782990449878,0.9832223369988217,0.9527991761401373,0.9546026367528692,0.9958537727712278,0.9203585850710163,0.9867130048226816,0.9772291149167432,0.9522074999517143,0.9441666207392755,0.9965341286973243,0.9950777246155043,0.9860871177576737,0.9352056424897346,0.9646726467426767,0.9616802586990365,0.9482259497383232,0.9893458378397182,0.9540992302283579,0.9823097885652534,0.9708349080310116,0.9482033594092079,0.9956133660886891,0.9738236379038085,0.892088797705514,0.895232089427376,0.9063138750997974,0.9692544366145146,0.987848818538591,0.9557833646423676,0.9246587262868756,0.9971569812983448,0.957320519099215,0.9449916087915945,0.9457116851306403,0.9979607100386381,0.9446903786549272,0.9675029670048264,0.9391385963204272,0.9801650121929968,0.9375105113637956,0.938462267998028,0.9415950971841616,0.9574292643949063,0.9322336361089871,0.9687456626378832,0.9229091388598633,0.9595603907893048,0.8512343533400378,0.939541674469661,0.9715810612404655,0.9643950103113419,0.956267220318536,0.9002676656055528,0.9496449856310932,0.8777466599677078,0.9207300726936072,0.9150850675623404,0.8928977344972138,0.9291680451592463,0.9276303381565375,0.9368807427038492,0.9739422231632127,0.9345085660325465,0.9436912140595226,0.9000197186156959,0.954293991697076,0.9942765206868027,0.9537851074572762,0.9716214258845395,0.9524710191094856,0.9647580964360853,0.8947418181514676,0.93955085117258,0.9212615587147426,0.9572504008956719,0.9596309995620912,0.9263680540372795,0.928391132427767,0.9295151403731176,0.9051293816731757,0.9421813696624413,0.9308046883351266,0.929437806082462,0.9053672069909896,0.9539250879622886,0.9282007334309699,0.9066836374533731,0.9553325587324977,0.9663560912448829,0.9323720753135406,0.973385046568719,0.8885512880176106,0.9498503692994005,0.9102168011202596,0.7746830905305234,0.9096159339520601,0.9116479365243855,0.9567961247912923,0.9561133353225382,0.9144676959344007,0.9417010146115085,0.9481924053782844,0.9161134282189068,0.898994432868294,0.9204320382674398,0.9564894482147878,0.9877990021324482,0.909604003980078,0.924011996487607,0.9864326259685248,0.9099794154591105,0.9794069936144629,0.9166773091696239,0.9134757275214537,0.7230859264543736,0.873571818522091,0.9799050803503822,0.9211410026170864,0.86831637263396,0.9195768094683765,0.8979959400384818,0.9317706536624494,0.892986242640361,0.9548517767712479,0.9484599327143582,0.9049516814713021,0.9377377350400959,0.8966437644705595,0.9272043507364073,0.9236514741317385,0.9286491410988296,0.9006025005207293,0.988668827492173,0.8687250634756467,0.9468695404011487,0.9428768353830133,0.9370707224816831,0.9843481129683346,0.8930799244531493,0.8785148956081479,0.911313271560655,0.924777366887519,0.9513910815784068,0.9000106451804842,0.9172466200274904,0.8733233129635469,0.9458445055603659,0.913190530674131,0.9272154188139521,0.9597322468206227,0.8943756932356873,0.9661068420702252,0.9282300344614636,0.8837732986445357,0.9269302442532787,0.9716563076917494,0.98046259497554,0.9412116495616324,0.8692363140822923,0.9060597593094453,0.921293675932097,0.969432049777703,0.9533229024618459,0.9396395339081389,0.8319711245924531,0.8614149561636438,0.9596677532936247,0.9281448261275227,0.8684917969063309,0.9384317652103629,0.9447335298499498,0.7478250083342458,0.9763992889779353,0.9332349937486124,0.8148880414576442,0.8838095759109761,0.9596307010636568,0.956979422909669,0.8373656671981515,0.644809630738463,0.9413820331988326,0.8087519279678477,0.7426094340050907
Bedford-Stuyvesant (East),0.966533334166625,0.9204598305736194,0.8908377835164109,0.8636392860639622,0.9470109043279696,0.9501213173215663,0.9300385528586056,1.0,0.9160195414157585,0.9617208860838722,0.9077645696974681,0.9519415841574671,0.8633876861673982,0.844731133913102,0.9068149591109353,0.867923279089075,0.929870435879335,0.9020446229603669,0.9906544078494169,0.8988414155599589,0.8423352288332221,0.8233985769693352,0.8620674680540741,0.9266916049730809,0.9407111390456669,0.881055108411496,0.9692978756801678,0.851793568080569,0.8584113071647779,0.8042820404244303,0.8730824520943657,0.8535889999125271,0.8772228277818943,0.8579179060184435,0.7841792054517981,0.9318731051302701,0.8479885989969056,0.8067906032421173,0.9391777243053118,0.7866784156209307,0.9081855573306113,0.8692317854511616,0.8024586978213577,0.8554606864768782,0.9258582600027848,0.8406012396665529,0.7743679279311493,0.7848745797475095,0.9134021429766336,0.7964964696892611,0.8188403513636975,0.7830492503218914,0.8677451568367512,0.7781819478098022,0.7689391847453964,0.7624907860072597,0.8023007291480558,0.7661906543474241,0.8391294662981935,0.7429081401051432,0.8032752857797579,0.786714257019828,0.786500807949634,0.8526730804732914,0.8079207487341484,0.7984338390727101,0.8312262426041389,0.8612849130609258,0.9427110272480638,0.8210299499705455,0.7387148916853065,0.7541162670868692,0.7381984533744754,0.7532478168540682,0.7846590050786832,0.8288026664922591,0.7733089778541613,0.7750082298889066,0.7685617851884671,0.8028418441684428,0.9097334384333845,0.817927513499931,0.8285011350256382,0.7911846414461315,0.8213443661403259,0.8263613285513896,0.767997876506909,0.7361832244906326,0.7990204097222556,0.8140930400973073,0.7574023770821557,0.7879678659261247,0.7680880049668063,0.7413192917615391,0.7873692019575346,0.7497268745283433,0.7524748241161191,0.7190435351785793,0.8026687484795848,0.7456427313088859,0.7335586310837783,0.8161356345555996,0.8378946315091851,0.7508001344198598,0.9373176059953948,0.7171646923511239,0.7850346512942136,0.7237729286891228,0.7205594640127311,0.7414059504975927,0.733767914041249,0.8109688226999912,0.7918308716897607,0.7337735183737439,0.7774016548704034,0.7758716740562421,0.7377393999768859,0.7312008970996231,0.745354879504817,0.799901623252335,0.8992804161347682,0.7356597217013628,0.7585682214447164,0.9120955516149855,0.7227839623352222,0.8704729563193129,0.7294544928996527,0.8342249955850086,0.7254768663640628,0.7722597367657497,0.8986838148911546,0.7433157460135313,0.7045042375184568,0.7463845269589062,0.7074646964643695,0.7537622519599695,0.717443257335777,0.7850871129087916,0.7753898989336678,0.7187331029121982,0.7727486492036582,0.7166146569685881,0.7496286994334144,0.7454341600684801,0.7659859346694213,0.710471055170308,0.9044014566107798,0.7131157385486028,0.7822580526964561,0.7847524699334809,0.9705891905304295,0.8855036034739329,0.7219316339890092,0.6997102053445987,0.7386700309599528,0.7416250169660361,0.8046576288661452,0.7343615608984766,0.7306843311247335,0.7310866776979008,0.7774696376449178,0.7513458526435597,0.7430947098742002,0.8138740319049914,0.7091336220978061,0.8793529059439269,0.7438504104883039,0.7591151428913713,0.7738964913156465,0.8430917002701993,0.8540183716531987,0.7692054961605161,0.7716462060064706,0.7615291723070308,0.7323934522715023,0.8156690517454078,0.8266641797022275,0.78215423896943,0.6542064643300344,0.7748907864775119,0.8138767983071076,0.8283429024427346,0.7558472063614564,0.7807382446454563,0.7647311239946996,0.8263847466975524,0.8654071991458105,0.7818795273434801,0.798642660586545,0.7668222828553514,0.8074563133539696,0.7877239279460737,0.6839532947062195,0.6828109524517552,0.8406804484242947,0.7929837299516178,0.725003518517759
Bay Ridge,0.8714832590295688,0.9523025508389746,0.9822376926370905,0.9304135459690281,0.9701762496796205,0.8968762925844657,0.9584824249452549,0.9160195414157585,1.0000000000000002,0.8912004945266814,0.9976804324641397,0.9546880676924834,0.9372185794135398,0.8950942969842823,0.8999361718696921,0.9741694470542072,0.991977946813099,0.9508646169072635,0.9394942016394447,0.9105542143486387,0.9260498084311791,0.8967514490810102,0.991665382983288,0.9377250477409552,0.952745017426807,0.9193059571526875,0.8644327672980385,0.9441489416735993,0.9826695827936397,0.8700796826802062,0.9316929192389208,0.9154422436567385,0.8926480897367463,0.9781762258242023,0.889914382019364,0.9374500007818553,0.9031679615116566,0.8877641266685401,0.9338629177716183,0.8961055946885446,0.9966686116978011,0.9338425193249081,0.8945852395618366,0.9516850488818991,0.9420767470365328,0.9646953736751902,0.8871024929398533,0.9244428695315182,0.9430504292415954,0.9003855025037351,0.940319154070673,0.8820074103114635,0.9584374133854092,0.8728053163897511,0.8850210344425247,0.8569107871561064,0.9011803826635526,0.8915041490958502,0.9653534275337496,0.855451038741987,0.9340601457877208,0.9207780009678643,0.8660864977097564,0.9649483237842417,0.884107722992165,0.9262835159220927,0.9209117620476948,0.9836592080040872,0.8533664736569285,0.9461734310825066,0.8666697829886375,0.8409937014080338,0.8515726501192178,0.902895573705508,0.8651100777818967,0.9051908401015784,0.8624403682813443,0.8979060761549121,0.8888992775332427,0.8973577286591577,0.961650126439339,0.9214976878644359,0.9447970623949071,0.9019939468265786,0.8905443845267949,0.9481542302582775,0.8843357588454562,0.8676738985785692,0.9181150818025234,0.8684515801330353,0.8826159767076249,0.911030836553734,0.8618892932286034,0.8756630543249624,0.8645658216268076,0.8729710640332867,0.8742760121542996,0.8452994208306909,0.9202466841491466,0.8551232649835212,0.8483340144900042,0.8916502283470221,0.968958863718956,0.8739599371968708,0.9887721292002878,0.8379227178557408,0.9067286622993754,0.8474812126533736,0.8598075575172229,0.850032843561109,0.8501260909533233,0.879566932009324,0.9234897486919013,0.8668694763343056,0.8634317966761643,0.8940375699556791,0.852567599218293,0.8449113224130702,0.8693049507124047,0.8778777908831727,0.9716097533932772,0.8572332908504252,0.8590915199773286,0.9834013730186129,0.8482297749494233,0.9073559926485272,0.8508408493079437,0.9445225021430773,0.8683802138748504,0.931717132274048,0.9682015446525739,0.8540761665039613,0.8252052158509727,0.8652841272796904,0.841387172259558,0.8833198914188962,0.8394538366434466,0.9081075279668042,0.8679390446068647,0.845374737289363,0.8779791863253046,0.8405090115934211,0.8818555720741663,0.8557380949206703,0.8584623962717026,0.8421632008828828,0.9553468790306976,0.8646782648801575,0.9169363400658416,0.8645132635905242,0.954937920121038,0.9348250633381985,0.8410002392219436,0.8308162784305287,0.8510731379849351,0.8553242242421589,0.8665673015427019,0.8439773075723811,0.8507387536234658,0.8280185701474155,0.8636285751718118,0.8523679549545722,0.8641113948239708,0.8923262332993883,0.8400239680777729,0.9752358500256858,0.8778726550428045,0.9180231594866016,0.9337458904482742,0.9169067470511635,0.9001049191936144,0.8745883042553253,0.8908138862241344,0.8953076417413137,0.8607097407412934,0.9035869774290587,0.9036493184076521,0.8662520017671559,0.8122513435186389,0.8837642354139736,0.880934530756877,0.9503708440299138,0.895677727786521,0.8574474383944338,0.8864949369254197,0.868109703305077,0.9414193911711835,0.8607478282605787,0.9308388882182848,0.9011474326645923,0.871600700006803,0.9090744558123576,0.8342244276704818,0.775248877984711,0.8653386410125875,0.7433652620759752,0.8487395276960343
Brownsville,0.9099343034324158,0.852974641861413,0.9023613983134209,0.9244502316663659,0.9697613414390122,0.9886808690112318,0.9704166746142672,0.9617208860838722,0.8912004945266814,1.0,0.89718558397328,0.9502337255780369,0.9065531583305622,0.9013410991684158,0.977755373898518,0.8762594792701235,0.9011343505450126,0.9554215159663252,0.9310179243197766,0.9700557954925224,0.9186938845806873,0.9007296986649634,0.8509534464455172,0.978983561613751,0.9736225010534474,0.9532720351625689,0.9826305160975392,0.8993700894718695,0.87410356079349,0.9029518971193045,0.9447804736855426,0.9080001346250804,0.9647856462665363,0.8866007577857932,0.8786699727790941,0.9804063821251161,0.9318848509190513,0.8347472504014827,0.8799468251840635,0.8331214858319128,0.9011372869438302,0.9392875091291765,0.8943734985808576,0.8545827884703899,0.9754685185172123,0.8715973928920181,0.8718238451722902,0.8541197227975892,0.9693479875060157,0.8756690972507266,0.8862540440298274,0.8739388333183539,0.9152380970152905,0.875489426949655,0.863651943075895,0.880218115946525,0.8906378562633346,0.8511799106070479,0.8813837215618224,0.8512158005253376,0.8730068006841463,0.7591692459337961,0.8866625203770319,0.8935549682187938,0.9128541176103963,0.8716148461315434,0.8364103713246843,0.8625750705001742,0.9098543654168809,0.834435117177417,0.8338611178784957,0.8361970272845749,0.8573810284657036,0.8314906001068081,0.8835319007389325,0.9211196492919791,0.8765425981572974,0.8640430552013209,0.821239871424692,0.8902804560065252,0.9500800079705357,0.8840677919376452,0.8929560298644644,0.8792318198940977,0.9169494144223033,0.8098712064212685,0.8632461519438721,0.8380686976138445,0.8773925908392616,0.921485520733173,0.8454819797143348,0.8476677892367755,0.8681470266067054,0.8191203119546531,0.8913960315319472,0.8521708532437414,0.8513669905478373,0.8263697204013174,0.8759704645868867,0.8588365334691446,0.8340370263243004,0.8999012846879102,0.8759489304063127,0.8533859559249194,0.9261705796383203,0.8126296287168441,0.8705225614453554,0.8327057674741053,0.6812545069072619,0.8405908664190047,0.8381576084472764,0.9100645058517394,0.8698056434824997,0.8299183562528623,0.8857104803195127,0.8719753805059028,0.8433208296317364,0.8268012425416287,0.8417655897864045,0.9037666458457672,0.9303571850066852,0.8325893513700571,0.8587403425047629,0.9292153986836547,0.8310251180347681,0.9485279851493634,0.8401484711519431,0.8364984317452994,0.6215820407578867,0.7672038069388742,0.9239135785392826,0.8509805861463048,0.7926237747522464,0.8438093837988572,0.8143848553703378,0.8482098900513259,0.8166156099221519,0.8748816405584323,0.8884759221972547,0.8256325996814211,0.8700199423135098,0.8193756480130882,0.8421899159509525,0.8534575755621299,0.8692195746833188,0.8185259094091003,0.9458263895596049,0.7723357785069636,0.8576044636336302,0.8905707692359411,0.9273153284866495,0.9424040945928821,0.8179589498109723,0.7969150218899193,0.8398992400292027,0.852317826565495,0.9095491375748457,0.8307467992562293,0.841704712996945,0.8112114643668553,0.8892112213424588,0.8484988307845645,0.8500323702209922,0.9054367463521116,0.8126295408948957,0.8927836628564534,0.8434079766359829,0.7807059441449669,0.8212486647510142,0.919525451452266,0.944717173599943,0.8740076432473886,0.7896562971151724,0.8191012999224649,0.8394429514872486,0.9102611978177938,0.8989464508441742,0.8836460731818846,0.7348563900032635,0.7881834271501291,0.9137136231818652,0.8435330922392379,0.7765309642457482,0.8889874991729846,0.8660924247199097,0.7036548644639381,0.9225237865983752,0.8784870299791813,0.7197470268998526,0.7940423125686786,0.9164062623615034,0.8763555372690907,0.7437149034097238,0.5749707179958103,0.9210059706730251,0.8207500567873257,0.6571718003064634
Sunset Park (West),0.8532472218453472,0.9436532176351546,0.9856437755271558,0.9405496638415287,0.9742133359318211,0.9037842617450924,0.9664468899463952,0.9077645696974681,0.9976804324641397,0.89718558397328,1.0,0.9540013809085875,0.9461229498317685,0.9049112447242916,0.9112314522197261,0.9775495187208707,0.9901836500757829,0.9603515984968611,0.9268016948231562,0.9218740112698285,0.9405037070261981,0.9091836723407609,0.9910143415830392,0.9491687770718517,0.956316562608225,0.9295712358104151,0.8650396256012041,0.9533044012183245,0.9873732357378592,0.8865049505639464,0.9447506501441809,0.9246951094484849,0.9079761587100984,0.9861480771069557,0.9067795891462913,0.9480861374125951,0.9144003403350935,0.8942049191579291,0.9201359229616476,0.9067967719686159,0.9984614233876975,0.9454665387580448,0.9121269825858647,0.9537843577011292,0.9495790877401032,0.9717252102904596,0.9057464279752859,0.9383810887216754,0.9546128090762227,0.9152949073422517,0.9562963985115832,0.8981742822355956,0.968356933207819,0.8903155364006259,0.9041615901086523,0.8773671924115872,0.9149893841713028,0.9080846018169735,0.9733886911433774,0.8748959806163877,0.949546112016259,0.9240362493177402,0.8837750229009906,0.9749550455296154,0.9044862894572568,0.9407424187133748,0.9280506286595808,0.9860369315144634,0.8329141089969733,0.950494452304557,0.8853426171131301,0.85639043406006,0.8738129970313013,0.919167261630095,0.882664825047672,0.923296660263254,0.8818484204460927,0.9159192370615163,0.9020937480996286,0.9108688542415183,0.9662655425165845,0.93590768123085,0.9594268562500811,0.9178246423205694,0.908388311429021,0.9537830973109557,0.8990955326398504,0.8876759691630606,0.9305231763556129,0.8877795451087965,0.8984506167053521,0.9260113287651494,0.8786291350873136,0.8912346618351022,0.8850092703475483,0.8926093170374814,0.8925954190954112,0.8662467482956862,0.9353013952752158,0.8770418175244742,0.8673978945192918,0.8987125534092784,0.9772795283625739,0.8924407280546411,0.9903930297346323,0.8564909572669425,0.9245968462183956,0.8687789656635309,0.8649618678229753,0.8691398398805171,0.8700725228976973,0.8983803947943597,0.940646170055236,0.8847369396531962,0.8842223099707521,0.9148042517425279,0.8721911068724346,0.8626184398258326,0.8891255864523563,0.8956344114896594,0.975691367882137,0.8761463726949636,0.8757262946376134,0.9884236495098027,0.8680918466609883,0.9194792934925349,0.8713962405370882,0.9517175223214371,0.860956190623774,0.9376804353653393,0.9679127673623282,0.8749260524644096,0.8428839214387664,0.8841086723065329,0.8616151232437123,0.8997540740069223,0.8594916877510606,0.9281257659829849,0.8904223217928957,0.8659543813577076,0.8986476408431355,0.861728803202613,0.8982784169396753,0.8757743778061862,0.8792121864102601,0.8633415051418672,0.9666638367456953,0.8786607380822049,0.928602481789013,0.8851209597186073,0.9500776483038771,0.9392999689279149,0.859196540258425,0.8504115341555953,0.8698992653212912,0.8748412230045931,0.8875133173726042,0.8635071461916813,0.8720082325225756,0.8440045871464803,0.883217731356328,0.8710181250539663,0.8833184452276703,0.9063653934424978,0.8600195099261245,0.9734547486060702,0.8990855767354067,0.9333514529372774,0.9416554962846355,0.9313506990456196,0.9154833493636324,0.8982680358439263,0.9002929221155628,0.9085562969013379,0.8785072048306364,0.9236364605479852,0.9141962471073313,0.8826031891459878,0.8320722128968229,0.8939211643209808,0.8997132116579761,0.9545590996789722,0.9052637407830574,0.8816197963848565,0.9057332986619024,0.850877966283509,0.9595094207614575,0.8707191544311972,0.927583206223191,0.906477999483175,0.8947769956617463,0.9243641168507443,0.8528366313084114,0.780450630855815,0.8932945557188884,0.724474839513747,0.8591749559470473
Mott Haven-Port Morris,0.8696093848551539,0.8692808729887574,0.9215004950554343,0.8930254781844683,0.9740231924949572,0.9183602019663548,0.9690243779364789,0.9519415841574671,0.9546880676924834,0.9502337255780369,0.9540013809085875,1.0,0.8751558942110297,0.8355983303398786,0.9219310543037739,0.8936667232563805,0.9342512311546687,0.9454792017582049,0.9383618770924723,0.9241647365665857,0.9015599581524718,0.8517227924183608,0.9241812916869189,0.9539832931325055,0.9825460596619592,0.9229959861100242,0.959832341783185,0.8838077303840706,0.9184127797416024,0.8439272796793107,0.9283007807014867,0.8593280772227894,0.9209738092751926,0.9274462676262226,0.8502791838077187,0.972755531432293,0.9007292922404541,0.7806547605277586,0.8705658661630178,0.7931499201119495,0.946352861857296,0.9279468007779247,0.8587649865043999,0.8508957937160498,0.9556664686643268,0.8918940591498888,0.8458354920204064,0.8600816286775866,0.9541508842930608,0.8413933139291099,0.8995838090396095,0.8307337963829963,0.9151971205104589,0.8270251916058697,0.8328336361588934,0.8489085452306088,0.8704684036377248,0.825272632867053,0.9234364202098684,0.8081032476714812,0.8852502806119403,0.7775122942454623,0.8287262985937393,0.9095722454430876,0.88390390465345,0.8753116913369791,0.8097116280803927,0.9041153418515111,0.9290546027771233,0.8397845487023449,0.7964652903484364,0.758984263077653,0.8263257601988173,0.8286455575815231,0.8239859373207863,0.898139233001447,0.8206807559123568,0.845265102819477,0.7826911875337078,0.8617377335901605,0.957844471709997,0.8589739732340709,0.9061515507139334,0.8598109145445302,0.8739652982695522,0.829886989743381,0.843662050078043,0.8089772111101621,0.879855476934953,0.868678884784651,0.8164004134589046,0.823544535321111,0.8151435344601676,0.7850119764003489,0.8322546892181805,0.8237356848178052,0.820465525112333,0.7805586147062362,0.8630897421739292,0.8168604759802646,0.7798307187409289,0.8997509129857542,0.9248173393854301,0.8286940870274984,0.9846504812876449,0.7538017722187504,0.8566564542100021,0.7879989424707926,0.690157516288145,0.7829786960093186,0.7880705891155577,0.858029521327039,0.8782477551131374,0.7982660907997892,0.8342905569449564,0.8542769025463097,0.795647511160712,0.7685728004218186,0.8035713094692342,0.864520705739775,0.9720182900679211,0.7857727374354961,0.8075118605219397,0.9785763383206955,0.7893716123089575,0.903798892173555,0.799850764146835,0.8356916842192414,0.7024117922716421,0.7954788829965281,0.9413612065368626,0.8026509959410034,0.7261135105591477,0.8013266048843555,0.7715926800359957,0.8297594294877153,0.7598128555870499,0.8723118764186172,0.8547635828555253,0.7801766823344457,0.8281703559161457,0.7654109157419042,0.8214286951635011,0.8077914426934991,0.8105448362404298,0.7745404441547994,0.9780604836127992,0.7420054666626555,0.8680567205265514,0.8344019787090744,0.9838019015764663,0.943950792079826,0.7604080102027347,0.7406898622048181,0.786916288089527,0.8133996659155827,0.8485589521751519,0.7682919710707712,0.7997524529368931,0.7325638895608858,0.8475007426744681,0.7873738826751732,0.8191260684197008,0.8697132008482714,0.7644136412966253,0.9581383430266569,0.8220503692969513,0.7966146120449198,0.8486202072869232,0.8855954639997442,0.9159426765263609,0.8380718307530697,0.7597734828050902,0.792485931071405,0.8147200479326693,0.8932382315905664,0.8567360001817407,0.8324829169689267,0.6851611950751119,0.7522185678261054,0.8642175838814964,0.8497014276939157,0.7605133839729095,0.8277898366010158,0.8537515947016677,0.7395322040002529,0.9103205342175501,0.8383774740503332,0.7992337063362444,0.7776474748962731,0.8719069067005777,0.8893864479173039,0.6997232695955742,0.7052703574287863,0.8996469355242996,0.8379732236497904,0.7266607679372729
Maspeth,0.8567157352356696,0.9151908546412525,0.9850878847481448,0.994535168708767,0.9606036962786879,0.9455251380194108,0.9606535131468233,0.8633876861673982,0.9372185794135398,0.9065531583305622,0.9461229498317685,0.8751558942110297,0.9999999999999997,0.9933146742226545,0.9601903121841506,0.9857509320230812,0.9542663637443424,0.9769196573317992,0.8790558121891147,0.9676526901064105,0.9816581302403238,0.9899531982244207,0.9427933190716482,0.9612841480138107,0.9360951637134654,0.9716253300287923,0.8266701696794468,0.9976366426195857,0.9707317387439355,0.975498841360902,0.9736371810131549,0.9976303378798123,0.9506642084524384,0.9695563818947895,0.9749784703615973,0.9362332050061326,0.9683954438202761,0.9808489022405019,0.918723297808451,0.9875154607303402,0.9606426870983766,0.9733485929019826,0.9800791805701494,0.9831702914861314,0.9650211107835335,0.9856897033858227,0.9718514537013646,0.9775581195079913,0.9647914895092905,0.988498763828674,0.9719952904693323,0.9817912821375151,0.9906101706926953,0.9778932136306073,0.9760374994810085,0.944665639145644,0.9735128698368909,0.9803511490585619,0.9630789819192501,0.9649289831894673,0.9732281252872438,0.9340910146025265,0.9763219386397044,0.9854929310167027,0.9548898130508215,0.9770694970242059,0.9750250215333626,0.971772709443684,0.7782137882296333,0.9835784342614552,0.9728820288930164,0.975690645755691,0.947237082370091,0.9730578008924267,0.9775087212788244,0.9663410640950545,0.9741692228376899,0.9763668422960935,0.983611566614463,0.978014103004669,0.9677793989953792,0.9936564472184959,0.9743804787363566,0.9771034561577845,0.9746999688594312,0.9538884646801497,0.9664137161763009,0.9661775983599448,0.9701880388660421,0.960252355292246,0.9774109613229899,0.9891818535597292,0.9742127851137421,0.9782156839968221,0.9734804085253359,0.966982097863964,0.9708125752294852,0.96328997631774,0.9860310346258864,0.9606541965294967,0.9706252374955534,0.9331808746561115,0.9588094115505228,0.9645438192109216,0.9165059459961925,0.9680083041061052,0.9772267287367502,0.9629419652257852,0.8826277007641103,0.972946040326892,0.9684354911889689,0.9750655475900072,0.9690695246597215,0.9697240001179809,0.9682929330070875,0.9682987683151218,0.9678081015931417,0.971537188471222,0.9736362764566495,0.96497820778614,0.9429862720426528,0.9725094445817203,0.9727976071924279,0.9386285105442951,0.9620600016419879,0.9772284051002713,0.9609778095659479,0.9752285160954495,0.7946799692373425,0.9500234935857129,0.9711112935534276,0.9674455329534747,0.9635277711387772,0.9739186846453276,0.9601939610640393,0.9685813164291038,0.9673015526994325,0.9643277027558886,0.9537430283842776,0.963366283674739,0.9766418802893444,0.9657034574462778,0.9707346288049293,0.966527772695718,0.9740109817922462,0.9606806655259511,0.9237581396762389,0.966756945788675,0.9666915844601592,0.9714543351210501,0.8480059126882535,0.9537616193893872,0.9691772011255266,0.9625012131798809,0.9711049975252877,0.9609020051974998,0.969799190126031,0.9721255584119319,0.9616089656502524,0.9685190742026449,0.958929266965864,0.975576668908404,0.9622638437854577,0.9747831201668061,0.9631640776146955,0.9291616029278053,0.9657056318555771,0.9507619897344083,0.9692160402653823,0.988673798727179,0.9557030884651675,0.9653592057390814,0.966219013003667,0.9834154219887865,0.9564639903121632,0.9618358400376649,0.9903790778341085,0.9722192598112969,0.9438162575122411,0.9593515562348853,0.97275858189932,0.9858583590840991,0.9649209838567829,0.9662419481360458,0.95949885064049,0.8035869760357748,0.9761678717407526,0.9556342072375332,0.8562473185970162,0.9748175307297181,0.9542956612174028,0.949705749460844,0.9484666665755431,0.6013644399538065,0.8844545260563332,0.7119981014188568,0.7729911521609083
Annadale-Huguenot-Prince's Bay-Woodrow,0.8556865393127349,0.889931671857284,0.9600435490229872,0.9883382478750805,0.9382179518481232,0.9484444819714622,0.939782990449878,0.844731133913102,0.8950942969842823,0.9013410991684158,0.9049112447242916,0.8355983303398786,0.9933146742226545,0.9999999999999999,0.9599258562298714,0.962125058124201,0.9220104966670138,0.9607670173441535,0.8564201266516467,0.9644056526062585,0.9693358515150204,0.991494290395423,0.8997697428369351,0.9475345868719929,0.9129319485774924,0.9645528877101349,0.8112964324405062,0.9859917701314342,0.9373197970029145,0.9801213295815395,0.9600833906541606,0.998165470897393,0.9458271132607233,0.9361781005627402,0.9689637069990517,0.9157402672420357,0.963359136673824,0.9847699242406072,0.9060560001739223,0.9860765354542809,0.9245402170727534,0.9589998174615852,0.9752337732710813,0.9676576608897872,0.9520769497895305,0.9616266746823317,0.9643609724311689,0.9593007325270718,0.9484695584423238,0.9844183352474185,0.9478765544791878,0.9814352650212227,0.9720249580185341,0.9791330072862534,0.9700309704386524,0.9393896070985309,0.9653399418780402,0.9737985121433813,0.9310614729740941,0.9651284642727117,0.9507657595730731,0.9096532661424972,0.9806260523708343,0.961150842419647,0.945945675609392,0.9589579980109971,0.9655787042169174,0.9396536460382694,0.7587930418970968,0.9660726410467482,0.9708659800405394,0.9883722723322377,0.9419088408707121,0.9583780291500467,0.9824812794343554,0.9551327308596752,0.9773405211460708,0.9661287108890548,0.9811707643406481,0.9730294883367652,0.9470795133367059,0.984724655125554,0.9506209290538946,0.967818757329536,0.9715893540332926,0.926807780277124,0.959332172986185,0.9608055733545383,0.9541899271813795,0.9605664402423981,0.9730923470192104,0.9802165317475227,0.9782014349272227,0.9757505360063359,0.9765078468459748,0.9610839825819443,0.9663792431200549,0.9643581556153911,0.9734221741783657,0.9589088004784564,0.9749319427735603,0.9206355836899656,0.9237747858537163,0.9580291675938125,0.8731002672285413,0.9745608214854288,0.9646151059156992,0.9632860314996348,0.8610005699770379,0.9780237710305646,0.9709302330166943,0.9752631943499774,0.947901598396242,0.966462415118678,0.9690230473866009,0.9561180538878598,0.9695763244556851,0.9779378531330633,0.9709266511859651,0.9620323056425334,0.9097280894362321,0.9739497550367588,0.9766358012094593,0.90012636235185,0.9622870962151395,0.9750935811836028,0.960117925392666,0.9561746402577872,0.7485543785344567,0.9230914178646289,0.9497059594555245,0.9685050640281002,0.9732788361711198,0.9734717536519756,0.9611081009491892,0.9605579410356101,0.972391304314118,0.9462567210125943,0.9471498296489862,0.9645449063633538,0.9735430313030056,0.9692613599033936,0.9636198235853665,0.9671214429191798,0.97757273840823,0.9613263076848055,0.8889781318551871,0.9635040977248547,0.9487956778768721,0.9735320647054325,0.8039978495088556,0.9375177599109353,0.9753950661026851,0.9682176517303587,0.9749862640951843,0.9597240034089685,0.9723350783836371,0.9786923018102383,0.9608252246471994,0.9820062996267988,0.9571114573118101,0.9816628970612766,0.9581083665477762,0.9717495047150728,0.9658742981994443,0.8906727727268847,0.9561895806401467,0.9245349447194813,0.9460243002968024,0.9824614786600149,0.946924444907773,0.9585829906447991,0.9598323152038232,0.9774234950332774,0.9514515945655279,0.947834099747716,0.9902610776997516,0.9752617275274501,0.9472825149143168,0.9539456330158342,0.9719545788741907,0.9680274869502635,0.9544446146729678,0.9678800923425294,0.9472170635346256,0.7743311305744335,0.956770519864061,0.9584097923783156,0.8079432643985985,0.9677306086372579,0.9492646967223782,0.9288285626614291,0.9477643666574052,0.5258607063120739,0.8623060240782259,0.7024697476753872,0.7209630893523318
Morrisania,0.8693248621143108,0.8468974915584553,0.9401218497158389,0.9778600451392958,0.9761127475359337,0.9850971105999312,0.9832223369988217,0.9068149591109353,0.8999361718696921,0.977755373898518,0.9112314522197261,0.9219310543037739,0.9601903121841506,0.9599258562298714,1.0,0.9228378999507256,0.9087908510353481,0.9865775360009295,0.8866933960478953,0.9989068858961367,0.9752768218861009,0.9686644550551301,0.8849005758751531,0.9916613188172387,0.9750203807574651,0.9924840707177891,0.9265716553206816,0.9579111685347873,0.9198025059805758,0.9728095300560703,0.9862190999557277,0.9655515517562099,0.9951737368398247,0.9315006275016244,0.9565449148018527,0.9817234304127052,0.9842201874564441,0.9017556842766812,0.8722457947125578,0.9111906097779641,0.9213691119491418,0.9832308633881233,0.9656959121418515,0.9036726436498947,0.9928925788243773,0.9301668880962578,0.9515510262414065,0.9321631605710031,0.9896784093791791,0.9527077115265784,0.946855310081434,0.9543127169565211,0.9646135402604632,0.9560611546275857,0.9461473795264701,0.955651887206196,0.9624218315750432,0.9370787106988173,0.9335447877702407,0.9412662979911154,0.9410692180092217,0.8114883634738848,0.9632401525364691,0.9463605555794083,0.9721740368194334,0.9442135158900646,0.8879702091750817,0.906809013302493,0.8557445584394489,0.8984991792993403,0.9273487343345757,0.9233802998816868,0.9423751963522619,0.9196845339859268,0.9611377405914409,0.9765676065286242,0.9567647470244941,0.944669857186504,0.9041106789140807,0.9633840210784586,0.9769108575441844,0.9531362610351868,0.9512172131712706,0.955247358887158,0.9786664206434081,0.8543349219480179,0.946351535199965,0.9303286736082088,0.9495012532856426,0.9807628411257905,0.9347186618592115,0.9253866112139293,0.952187137111721,0.9133314789094134,0.9648946928833955,0.9397576185769873,0.9397308100386643,0.9238104144362113,0.9493129551203,0.9449893383988819,0.9285929237525762,0.9555056003854464,0.926224927664249,0.9406796628618489,0.9171082767768052,0.9120302286472544,0.9471947555942208,0.9281596083860489,0.7354932178471277,0.932539809084053,0.9318918850252902,0.9755212406721935,0.9407021877055752,0.9251760863148774,0.9618991466046372,0.9480860290359893,0.9357832292481825,0.922744710863169,0.9321646179602922,0.9718174958117194,0.9516901479349376,0.9268731841222962,0.9461957448987975,0.9408396324376335,0.9276826799744371,0.9931224853384825,0.9336313034461815,0.8874666638731133,0.6406493948857047,0.8337855995051336,0.9582221438133117,0.9404172733728362,0.8944198518070169,0.9347079918553285,0.9158474858022219,0.9364314167980806,0.9151655977991148,0.9458627081797731,0.9598530268535796,0.9234643556777028,0.9499916629334846,0.9174055861394882,0.9325107191910859,0.942507509212573,0.9511090642492186,0.9183646277868408,0.9530117116543604,0.871460231151345,0.9354175201543822,0.9646058889893534,0.8771679533876209,0.9760284992955445,0.9163711980693202,0.9006712293876363,0.9329762896231678,0.9417997851908121,0.9743388699788016,0.9241580236338218,0.9343622528129514,0.9038586827104695,0.9635922578441337,0.9373984735211196,0.939403845413256,0.9728322532801008,0.9139827505522607,0.9192000800266497,0.9313614337607686,0.8493970347672624,0.902295988696396,0.97793431706309,0.9875133192369487,0.9500121800930409,0.8617026101470039,0.9059996415752911,0.9321807667383722,0.9682335708525938,0.9666716659287697,0.9619062498646318,0.8465554015763966,0.8545777216752289,0.9773480112937394,0.9060355548790746,0.8553208523827394,0.959889926212216,0.945496235662579,0.6887348315487672,0.9616535954212446,0.9549724986586267,0.7350966349698463,0.8769357568845317,0.9734749790203205,0.9446870958658806,0.8429878344135543,0.525061040764398,0.9290680942117236,0.8091336127200413,0.6591663491139633
Astoria (North)-Ditmars-Steinway,0.8551332279316675,0.9470460174874811,0.9976071555222831,0.9737985694951317,0.9593863816600599,0.9104513750999179,0.9527991761401373,0.867923279089075,0.9741694470542072,0.8762594792701235,0.9775495187208707,0.8936667232563805,0.9857509320230812,0.962125058124201,0.9228378999507256,1.0000000000000002,0.9817023635298453,0.963831679795154,0.8979521975344353,0.9347325695835038,0.9621187975381745,0.959008828311271,0.9818580662495517,0.9414075623339424,0.9317109559409873,0.9449947284270125,0.8093505462773828,0.988204994951172,0.9923434242201752,0.9342491408903135,0.9536552709352195,0.9732507999959242,0.9137893090550283,0.9859643699632723,0.9478306836383458,0.9223500323521764,0.938911755100322,0.9648824569397785,0.935746638946582,0.972593565533761,0.9870640266993,0.9556674547954161,0.9507247532695074,0.9930775598604064,0.9472102518055152,0.995078820046265,0.9453379389774539,0.9718317407761137,0.9481320376448298,0.9643687085608863,0.9682293421202662,0.9506770162513759,0.9860181188825442,0.9428607030336538,0.9493809605483013,0.9083081064904485,0.9498357258874219,0.9587712481528489,0.9755512777110695,0.9294708505589214,0.9689258525350714,0.9632042189862887,0.936238664112047,0.9898490398081048,0.9223531729384746,0.9684722589311792,0.976317238894775,0.9969190550328668,0.7863662847407291,0.9939978480676624,0.9448488218999402,0.9360561239555758,0.9123240032795012,0.9627505912647463,0.9374217048441751,0.9396100391490103,0.9347679893958403,0.9556904029122996,0.9683378476675588,0.9516783156972217,0.9638394479895235,0.9768111139080736,0.9709133625533308,0.9551491298711452,0.9400544305127826,0.9792789134100526,0.9420356532566923,0.9388936533250835,0.9582269542548674,0.9175846536875328,0.9535823855998733,0.9765214570458081,0.9365660960163542,0.957095332354689,0.9320979884955818,0.9389864946003147,0.9429048421613805,0.9287401120370835,0.9716449461264648,0.9241407251347449,0.9345980831428686,0.9138342144664781,0.9752849641607553,0.937377643852819,0.9454266572992166,0.9326597114227256,0.9591869471098639,0.9280495842728934,0.9136412663090391,0.9358634740556796,0.9326208931022731,0.936576901093398,0.9611338104864171,0.9433180133561057,0.9285350835535809,0.9457062046018568,0.9321262218070243,0.9355961223904511,0.9448645662653253,0.9292165422636491,0.9541416533701347,0.9405044294015834,0.9361508490036736,0.9571798826929302,0.9281594926821694,0.9444210954159921,0.9264736515966453,0.9871351593189331,0.8677412060040368,0.9769246160606128,0.9757282732862462,0.930791135066253,0.9281710159999506,0.9428533646403447,0.9271393309292671,0.9462413920950875,0.9317026878523175,0.9488108168438244,0.9186135660823201,0.9290227394143619,0.9451926977095345,0.9301279792100486,0.9485546257068053,0.9303469868102565,0.9343039042226848,0.9269032488680331,0.9282985982445385,0.9542661538750985,0.9592846324415601,0.9305892398738677,0.8807396212225228,0.9418190392146297,0.9338134902682294,0.9283612516091918,0.9349555631213766,0.9259940299764324,0.9264633168729787,0.9347024081066224,0.9265401195352535,0.9300194291265002,0.920671846719308,0.9374402419496822,0.9316450465352489,0.9436521186565979,0.9293606518978962,0.9542771890088326,0.9420921630259111,0.9665693449765691,0.9779618070676791,0.9631805769400597,0.9247622310967476,0.9337493871962582,0.9648104675063612,0.9711547879936373,0.9279423006039338,0.9374614685556643,0.963159511309124,0.9337926791866642,0.9195845269836553,0.9570609675236482,0.9346589947667509,0.9956390106656446,0.968468433823658,0.9235270869717005,0.9366201152089642,0.8593804799199709,0.9651155430798198,0.9204373221399659,0.920406519130235,0.9745942612946558,0.9152526095947043,0.9381682799162573,0.9324669318951075,0.6894612970855827,0.8604232172223837,0.7014914195222456,0.8323835800284811
East Williamsburg,0.902752786185576,0.9795702159021047,0.9856123860867234,0.9390457929666357,0.9685039689008924,0.9205581321929054,0.9546026367528692,0.929870435879335,0.991977946813099,0.9011343505450126,0.9901836500757829,0.9342512311546687,0.9542663637443424,0.9220104966670138,0.9087908510353481,0.9817023635298453,1.0,0.9488664653342526,0.9553848300762768,0.9161799874550602,0.9242786437493054,0.9091931498118674,0.9783428043675371,0.9410515390983797,0.9420120322327986,0.9185308095651745,0.8637791579295206,0.9529149356397758,0.9751244689218643,0.8793512193251151,0.9279128174934058,0.9352477827671616,0.8922806348024912,0.9679350671178669,0.8896560138609444,0.9319357347453194,0.8999038123138325,0.9233447061574113,0.9634869553168942,0.9214086023602133,0.9933195516191676,0.9278727939195978,0.8982926405664248,0.9729052298468838,0.942018199888083,0.9643437364302805,0.8860731069952299,0.9198065828147463,0.9416552534309864,0.9091693443625178,0.9317383064167,0.8902159666536515,0.9591561805098044,0.8811183518187867,0.8886137931887204,0.8479796534466612,0.8966792002696283,0.8965482174076673,0.948736253954309,0.8589174443958046,0.9257484284914972,0.9476296092332722,0.87648090441828,0.9627175306312954,0.8778536366763173,0.9199590899117334,0.9539871634433565,0.9827321142213301,0.8402123381986487,0.9605657808872932,0.8746573756162623,0.8696893615467924,0.8451727130598933,0.9013514658799808,0.8770024141634353,0.9003624244819779,0.8724552061381469,0.8978076883814555,0.9133191914703239,0.897107288360578,0.9535364883590274,0.9312007193003793,0.9362467746746052,0.8999218316628688,0.8939458011192112,0.9690698361968527,0.878842755037098,0.8692251572814421,0.9076335616726374,0.8706613343549825,0.8873991589978146,0.9258677913586518,0.8707299147608699,0.8889130691187923,0.8752234068256923,0.8727184837290605,0.8760500895148037,0.8532187027628362,0.921998638222348,0.856847121636369,0.8615162202613198,0.8713164593094925,0.9513891251843501,0.8708735119043745,0.9755322862766421,0.8563262034439292,0.9054457889249338,0.853969535385432,0.89876779465305,0.8649799555749518,0.85997507594041,0.8867197462208275,0.9144491494428693,0.8713719328954873,0.8691355123656562,0.891152243904796,0.8601702294426374,0.8615844779485711,0.8773861500956793,0.8762703513378307,0.9515752099522367,0.8688384661894095,0.86763475692534,0.9662870628238167,0.8526956327859038,0.9126268862541546,0.8533760598575074,0.9675197528647772,0.8912119548229002,0.9473698549732742,0.9610179621200732,0.8613437431834107,0.8506107850175145,0.8739696925439628,0.8482980319720125,0.8802127560916838,0.8560868909398801,0.9001554966598626,0.8636157715425246,0.8531182511448931,0.8859861926912052,0.8548775311307686,0.8811995613711546,0.8608326293882985,0.8712250128803506,0.8495214912215729,0.9374333026813246,0.8856252612419565,0.9049253159257608,0.8731176346036683,0.9456062764067852,0.9217332469678765,0.8580272497147653,0.8488212532939448,0.8628192340037723,0.8555652672936511,0.8763186515333812,0.8632263438455828,0.8543078369487012,0.8599102782782009,0.8616915412118179,0.8690026876423051,0.8624957347153507,0.8924172749880012,0.8509847684546255,0.9497871252693723,0.8774326937948707,0.9335663544230063,0.9264794803385035,0.9229987147750927,0.8938236674477951,0.8777073512640777,0.9243923322590032,0.9126074805926723,0.8556454075696973,0.8970300868743251,0.9140665853859992,0.8720359034357512,0.8377532182541222,0.9220236542945354,0.8861573412067927,0.9630458686830576,0.923019028477501,0.8694658777494834,0.8776426575691357,0.9060313319370555,0.9474744369353657,0.8581590916898036,0.9443398163294108,0.9223269717753793,0.872152302680641,0.8900201803328627,0.864908831940357,0.7742589569048077,0.8649868847370011,0.7077823269588386,0.8695119256132585
University Heights (South)-Morris Heights,0.8563756130776787,0.8818423811981585,0.9773552340639637,0.9895366674862018,0.9914520096897635,0.962870936354166,0.9958537727712278,0.9020446229603669,0.9508646169072635,0.9554215159663252,0.9603515984968611,0.9454792017582049,0.9769196573317992,0.9607670173441535,0.9865775360009295,0.963831679795154,0.9488664653342526,0.9999999999999997,0.8970402028322947,0.9921514521210479,0.9918348335262981,0.9750342171351462,0.9464392458031189,0.9932611775887124,0.9862836418361889,0.9951014703959814,0.9050070896234976,0.9817018035526683,0.9697153195157748,0.9715318926331117,0.9975289170965319,0.9733209249467889,0.9871408166815987,0.9777891555358695,0.9725304354105225,0.9861972576200035,0.9884284749877389,0.9173273024487844,0.8898199763721765,0.9339591502070953,0.9668839225845072,0.9971084231946319,0.9775993152840957,0.9390969618952582,0.9965594624177402,0.9722466941141356,0.9694973544292141,0.9683631116031068,0.9972018691487734,0.9697772092289533,0.9812320675934666,0.9660232055522514,0.9916145619690003,0.9645185907230982,0.9645245883614155,0.9640146936674779,0.9791663622857512,0.9601793412221058,0.9786714616712636,0.9531898545722001,0.9768218691429064,0.8658612527213003,0.9654583832683806,0.9833682940979181,0.9794996426955928,0.9764543711268403,0.9165026635303696,0.9580617898951573,0.8511623293082892,0.9403846344479949,0.9468012264424197,0.9261160571754775,0.9554153109956708,0.9549251825553474,0.9634442651016061,0.9874790307856687,0.9614469044385635,0.9682658838207375,0.9290328222820737,0.9773858105284877,0.9964525796695387,0.9748103839435182,0.9846623036521317,0.9755507711191408,0.9827529439994189,0.9047530740164295,0.9660602322099685,0.9513339773803451,0.977771627422468,0.9768910633509751,0.9562364814156521,0.9532608836122336,0.9586376028983159,0.937913615059254,0.966097268276565,0.9587794467153613,0.9583231051543856,0.9388868631969222,0.975629661849958,0.9559734154182769,0.9401250254541205,0.9700816035256292,0.9748959785165209,0.9601934750112374,0.9571054151905813,0.9248027045968746,0.9723154214554994,0.9426343751976729,0.7911270914685544,0.942160141458645,0.9441051253286223,0.9769453175921126,0.974458260801416,0.9467006811643238,0.9660627070203569,0.9699066787578348,0.9478530728165291,0.9338090551583033,0.9505141605759833,0.9769807081002245,0.9851224380456987,0.9423861829422814,0.9545637456785929,0.9787771929951425,0.9430485458070937,0.9914770783880434,0.947993947996591,0.9273012269353234,0.7224371538627157,0.8926335404047047,0.9860736924724212,0.9512380049940314,0.9066789728426766,0.9504646173870196,0.9332844554426087,0.9600939694422076,0.928267860490119,0.9732972059030814,0.9687741778912666,0.9387137518839683,0.9631693080622751,0.9311147807148872,0.9566918319673217,0.9535453916893807,0.9562572488711782,0.9350044689833689,0.978610548963493,0.9042196016788141,0.9695580324972188,0.9667288974866025,0.9050443305542815,0.989962451197269,0.9288470161803303,0.9162813902779321,0.944022687290689,0.95441849279583,0.9714159646069486,0.9335792293355053,0.9481469836180557,0.909082684812952,0.9688700850452513,0.9447775644440971,0.9562640328706707,0.9806704996213783,0.9301661375907238,0.9655690022602518,0.9554586637640327,0.9020926228963603,0.9510465308775714,0.9884485809197675,0.9895317515343375,0.9635786874548112,0.8942782911883264,0.9357897907458977,0.9517255611780027,0.9831357653019255,0.9760236605100653,0.9660758800745257,0.8731695666092611,0.8843882171039806,0.9787917979699444,0.9470062205854015,0.8953524133725039,0.9604303212145143,0.967826070191315,0.7382171178310715,0.9822136318794317,0.9596870782470108,0.8107424439200103,0.9133854390310534,0.9742859778200905,0.9741830667315409,0.8730965259759855,0.6073310672950174,0.9318342788674969,0.8005909743649914,0.7304188726104887
Bedford-Stuyvesant (West),0.9770022094709608,0.9590177043423898,0.9133527803371295,0.869150394086166,0.9430227700328487,0.9317742782678848,0.9203585850710163,0.9906544078494169,0.9394942016394447,0.9310179243197766,0.9268016948231562,0.9383618770924723,0.8790558121891147,0.8564201266516467,0.8866933960478953,0.8979521975344353,0.9553848300762768,0.8970402028322947,1.0,0.8827204612963361,0.8408866314258427,0.8291582122633077,0.8939328890925091,0.9105630315116423,0.927576211902661,0.8708256818459913,0.9300939616277081,0.8678931210898148,0.8832786031793685,0.7993157566245002,0.8644484339557275,0.8656351775337446,0.8527771884619016,0.8750027674560362,0.7863281257161163,0.9101789026731336,0.8396028337077879,0.8398703998631962,0.9722957841356962,0.8163120017543634,0.9294294418514534,0.8630454044986181,0.8019842526329358,0.8925882394392454,0.9141871322565669,0.8655282303420155,0.7760101997458348,0.80093407078853,0.9000153270820894,0.8069074279758266,0.8246082610848977,0.789076537004344,0.8777515784935848,0.7807739107009797,0.7740160448228702,0.7498423989334871,0.8038422430817623,0.7788828558161851,0.8531487762568513,0.745262902436198,0.8125478140936193,0.8405110813735949,0.785027829132631,0.868391233412193,0.7921640862052483,0.8087923677224188,0.8668708036941877,0.89337807353892,0.929769145680627,0.8596196867370446,0.7506935097265591,0.7699503708179994,0.7309228637085912,0.7708830082932037,0.7846049640382274,0.8176412881053297,0.7724316851740759,0.7819167664922705,0.7977565982195935,0.805875956732038,0.9089575108199371,0.8304841365082455,0.8344301443333912,0.7956582970368596,0.8126706357776324,0.8689467721247703,0.7728859497874728,0.7434243981552422,0.8060676988719692,0.7972533026844846,0.7705088944825502,0.8097218773418127,0.7713851746909204,0.7635267590575221,0.7817708806102677,0.7536299934498898,0.7589230608451707,0.7267696948277343,0.8137220572689133,0.7427215638376808,0.7434298055987301,0.8092537619413948,0.8529702878400712,0.7543504128206181,0.9416089311788519,0.7330413218994543,0.7913408845773272,0.7292973265057653,0.7821654385791919,0.7503906992120696,0.7408393849484859,0.8028682717564996,0.7983153698990154,0.7462172312019287,0.7709814903987986,0.775854910495214,0.7432739337335099,0.7447686286419763,0.7546614707918998,0.7905226763675481,0.8996172513751444,0.7472724686764859,0.7639677555609604,0.9139797527674379,0.7294048192981706,0.8606598948637771,0.7326273708550429,0.8707829596975726,0.7994003267551628,0.82248139144168,0.9110947351735852,0.7457482224205283,0.7261571154476658,0.7554816252172802,0.7179422421859427,0.7624234386528835,0.7306634698584394,0.7851016975029769,0.7628731813264534,0.7269422912331008,0.7749307662331419,0.7274381255538713,0.7607541722417979,0.7473589539567453,0.7662435472466838,0.719294357347996,0.8899154243214814,0.7488863411853934,0.794554709329145,0.7784355512021695,0.9662057191050095,0.8797312585877467,0.7368346522718584,0.71735989375399,0.7471443878676033,0.7421843436838609,0.7929750453219108,0.7459455761014177,0.7331787366858373,0.75154322236983,0.7677373089867551,0.7595724500969592,0.7456027793800559,0.8109851859291456,0.7215680146450595,0.8924725362736218,0.7495488818003017,0.7959214722396084,0.8038633794356991,0.8430437218587058,0.8356053964459069,0.7644754831529935,0.8132544683458336,0.7903784698623745,0.7368679771183494,0.8047719832408015,0.8350275274937131,0.7808739732468477,0.6861786453888293,0.8155943048515448,0.8041349793391146,0.8649125370036462,0.8000870241057763,0.7711292767573991,0.7637105217717798,0.8895936815043787,0.863592627908254,0.7818809666067641,0.8563952714493216,0.8099816954752737,0.7882318223559919,0.7863218955097752,0.7196885374852787,0.7131046507489485,0.8055306497474383,0.7727636487615172,0.7678352222406832
Tremont,0.8608573146746512,0.8507409229217108,0.950611698796266,0.9849443653624992,0.979368423605471,0.9785715139599409,0.9867130048226816,0.8988414155599589,0.9105542143486387,0.9700557954925224,0.9218740112698285,0.9241647365665857,0.9676526901064105,0.9644056526062585,0.9989068858961367,0.9347325695835038,0.9161799874550602,0.9921514521210479,0.8827204612963361,0.9999999999999999,0.9841220274966616,0.9761272869859531,0.900655401154033,0.9924870094299506,0.977651514323757,0.9969685606966746,0.9160792502344244,0.9677818738022521,0.934187474590266,0.979168390926705,0.992572264440389,0.9716747397506957,0.9964459259846092,0.9451744480653987,0.9675614923755834,0.9824008275723678,0.9906596835237177,0.9093850620460673,0.8729229097960846,0.9219108248818725,0.9318300345321944,0.9905651172668075,0.974898413980045,0.9139610436630098,0.9950911490819243,0.944041808946817,0.9630952100782516,0.9472398760511659,0.992785026207307,0.9632674251954996,0.9597345072396618,0.9642943942611498,0.974512577717527,0.9654139725263777,0.957734663778658,0.9654738238396361,0.9733204664504623,0.9499302063563215,0.9483241748982695,0.9525967842242548,0.9550760562444404,0.8250461907931368,0.9708611605441282,0.9586403039663112,0.9797260222689533,0.9580438400363788,0.8962162841112746,0.9209035383834329,0.8504873906424403,0.9120675081250952,0.9401286754189482,0.931144355926218,0.9538737676096121,0.9354428747419062,0.968794475094908,0.9843122991597817,0.9651880862040928,0.9572839385480311,0.9157101160904053,0.9736624383222043,0.9837524926988314,0.9635309370921856,0.9637241204450466,0.9669924624370263,0.9853634329598373,0.8665700045868922,0.9591293838229371,0.9436329963334791,0.962979031234213,0.9857760001263541,0.9477413701655196,0.9374968756893064,0.9615962063281787,0.9268859178313396,0.9718113375170186,0.9523099043822354,0.95222123973175,0.9361695670234969,0.9615705837306256,0.9556916911809107,0.9397048514708587,0.9656121909182963,0.9414630045009059,0.9535489771891393,0.923871194431804,0.9235822590369398,0.959705462936953,0.9402632187216551,0.7485358694107734,0.9428774550320012,0.9432214684913754,0.9818673780266142,0.9546554962121957,0.9388237751661207,0.9699946838817133,0.9599123977501977,0.9471162767752336,0.9337568753499368,0.9443192962724896,0.9798164617594759,0.9612280921923613,0.9387778063699876,0.9563728242657118,0.94977230971042,0.9403060288852342,0.996954550952364,0.9458064396173551,0.8983628044233245,0.6560015481513248,0.8504759614108962,0.9676014772153163,0.9511334935456357,0.9057063619119604,0.946471664855775,0.9292077733685027,0.9502510785609226,0.9267265259483735,0.9584815046224107,0.9688577528859977,0.9359319392597547,0.9599654570327235,0.9291139764735256,0.9464931636559735,0.9534154867221187,0.9595433591608784,0.9313110089712417,0.9589716794616732,0.8865689395949141,0.9507535232559176,0.9718877445918525,0.8770172339651431,0.9830458080174713,0.9278727478032476,0.9132132636833512,0.9439439495478958,0.9534149571054341,0.9795405320773284,0.934301154965559,0.9462263671466891,0.9124459002608301,0.9722854337575632,0.9468831500506215,0.9519052788236615,0.9812975775113265,0.9268290149442128,0.9323201094168498,0.9447853970554474,0.8647672581444522,0.9204494817584654,0.9853602598387149,0.9924449556154844,0.9597834847738634,0.8729176593770441,0.9194430265503224,0.9458753375797927,0.9770042241544571,0.9748809307281827,0.9704721999662729,0.8614284850704991,0.8642673505638836,0.9836240399602266,0.9193885736421393,0.8690908375550371,0.9660922217982624,0.9583103399547045,0.6938013773478445,0.9683994276504448,0.9643631331703817,0.7493720219633083,0.8912199488440877,0.9789749409928719,0.9584055890382694,0.856705497380066,0.5334559786225692,0.9289683546467871,0.8097184967745531,0.6698651310791477
West Farms,0.8008988491017264,0.8489664794102972,0.9704380958645256,0.9941419025617841,0.9675644782588513,0.936726705564871,0.9772291149167432,0.8423352288332221,0.9260498084311791,0.9186938845806873,0.9405037070261981,0.9015599581524718,0.9816581302403238,0.9693358515150204,0.9752768218861009,0.9621187975381745,0.9242786437493054,0.9918348335262981,0.8408866314258427,0.9841220274966616,0.9999999999999998,0.9890668628153338,0.9358596669666459,0.9766501744326423,0.9593814528090066,0.9917570376845922,0.8487127587347933,0.9887937374473207,0.9676117262464555,0.988646426222433,0.9966882316549601,0.9804769842817225,0.9819755334276866,0.9766326986671873,0.9938564734664134,0.9630853413115918,0.9926692062380765,0.9302081688258043,0.8532061512444231,0.9541325210883973,0.9499630590666249,0.9967989421561798,0.9957661161850898,0.9391886688074598,0.9802079595226405,0.9783022467399932,0.992806928640211,0.9883075727030277,0.9844645715480765,0.9900078202584501,0.9924865687544799,0.9887522183858584,0.9937133083920512,0.9880904663724789,0.9898547637680324,0.9858755707075413,0.9953405816524896,0.9861668722651592,0.9811655773601883,0.9829915122857585,0.9919178007497076,0.8706838525513311,0.9870219210114839,0.98751785337616,0.9924019881634183,0.9934784757511558,0.9215533266390422,0.9545245728193309,0.7861613735591002,0.9493432037797513,0.9783793221805263,0.9538450284306477,0.9836258170980285,0.9819598274257804,0.9855898618598157,0.9969633366431803,0.9859559621527076,0.9918086608191307,0.9531845986646849,0.994280217800822,0.9833849384061265,0.9904525727524243,0.9938687105082714,0.9952199529142182,0.995796887093169,0.9052985438431707,0.9890986742562602,0.9826249801568989,0.9932807114654338,0.9895250467723439,0.9837062014044262,0.9746072712608664,0.9838286550453289,0.9687019364005276,0.987454099868947,0.9871194529919833,0.9864615526541705,0.973964796590968,0.9936162348243379,0.9848612270605722,0.9728061507067252,0.9739202505362758,0.9766347943895768,0.9876442831444672,0.924529133439421,0.960414718750628,0.9935349882062393,0.9766843203359559,0.8005561399518408,0.973470553595287,0.976591723195071,0.9927580452193395,0.9919688245755726,0.9786969768977323,0.9888824056897036,0.9923521192666555,0.979314802839499,0.9668117920864173,0.9809441235249019,0.993353112505628,0.968873028143828,0.974742083735406,0.9816280518787791,0.9581698915034996,0.9769137091828322,0.9922379079815568,0.9803281224011933,0.9314716728490104,0.708276776443837,0.9052991442648936,0.9747731521579762,0.9816216955107444,0.9438507531750285,0.9806500919468382,0.9702607086550183,0.9869844052863035,0.9640397970096345,0.9923936481052474,0.9895499796000149,0.9738070587631421,0.988120494933532,0.9670753065134889,0.9848685244743127,0.9831632000918467,0.9825926471879979,0.9715768900667477,0.9588750436373304,0.9380506777463717,0.9879188182190279,0.9883759069007845,0.8489299905592657,0.9804373597845233,0.9635768210447457,0.9549882884108681,0.9756335584507734,0.9838212364780987,0.9882192064958477,0.9662741329107842,0.9804427496901557,0.9406290421514395,0.9897848945757126,0.9742007880944837,0.9853484903419659,0.994707100350028,0.9671781202178236,0.9494060079189389,0.9849263514765163,0.9204631300229168,0.9699085113338857,0.9979019473487485,0.9907478831902411,0.9878363374696437,0.912097066265087,0.9616978596916831,0.9818932630414744,0.9950619966923403,0.9888780547938242,0.9876762178755619,0.9177556333651666,0.8999959522801069,0.9935053174850325,0.9548144773028098,0.9165997885953265,0.9825676656073972,0.9910942028567079,0.700811883811428,0.9835743603969852,0.9769418015191875,0.7938588597015551,0.9338436714553326,0.9878018947582818,0.9890371931015545,0.9106434086169806,0.5658745470089647,0.923111918200379,0.7597044590773305,0.7162024113599998
Breezy Point-Belle Harbor-Rockaway Park-Broad Channel,0.8167351477841338,0.8521526287240807,0.9608841998970999,0.9959994272073197,0.9448590788263768,0.9368331021089628,0.9522074999517143,0.8233985769693352,0.8967514490810102,0.9007296986649634,0.9091836723407609,0.8517227924183608,0.9899531982244207,0.991494290395423,0.9686644550551301,0.959008828311271,0.9091931498118674,0.9750342171351462,0.8291582122633077,0.9761272869859531,0.9890668628153338,1.0000000000000002,0.9096742623813975,0.9563425226878022,0.9294103519465648,0.9822962925475427,0.8132537061419923,0.990742633564558,0.94844485660173,0.9959246623832607,0.9800809741878396,0.9951542533574398,0.9660643666756542,0.9522636762902635,0.9920407290027171,0.930838097796822,0.9862018358215511,0.9629299278499501,0.8685460389920792,0.9771257770208057,0.9263666807071159,0.9806561183795748,0.9941267805837187,0.9510886849457569,0.9635828249209392,0.9704187977302179,0.988680351673248,0.9805136314736251,0.962316094038614,0.996505765274367,0.9712870460961167,0.9966945749285867,0.9831845511873487,0.9956736568025817,0.9898770193638226,0.9747261815176472,0.9906347096716819,0.9905046363184563,0.9558433815964813,0.988405282611363,0.9747508760313583,0.8822275710080383,0.9959319310796051,0.9733745487039469,0.9756064192046682,0.9822846459028927,0.9400915016308359,0.9420480124695181,0.7624257627453618,0.9588083794188373,0.9874883798634556,0.9846395870091741,0.9756001217388939,0.979176160249955,0.9962734938792991,0.9807655133488159,0.9936439064568221,0.9878123865982006,0.9743390227363902,0.9946059383052013,0.963762794118526,0.992845068726661,0.973363858965928,0.9909708113824215,0.991265201560315,0.9064835711290691,0.9873178417180074,0.9842447632563008,0.9823548059355885,0.9837517966863879,0.9908891924408902,0.9827588940047274,0.9950973863498606,0.9842386445984759,0.99216164246008,0.9860548831280685,0.9889605358686073,0.9837686687049169,0.9899554866094352,0.9844529888099685,0.9884063779121879,0.9582456666859882,0.9483134899429829,0.985501419008874,0.8814159015791615,0.9826798000411046,0.9863722076059708,0.984179897127979,0.8205855534766839,0.9896327349114079,0.9880103584569135,0.9926195131481961,0.9743429070462805,0.9863659093521352,0.9898823557532827,0.9814065294594498,0.988807086067119,0.9875075410335977,0.9875728560367095,0.9880187825554902,0.9341882747388272,0.987941627799861,0.9939214243955344,0.9185524407034081,0.9848770028997671,0.9891044673998379,0.9847414983456058,0.9384792619803193,0.7068161480656073,0.9104727647294215,0.9627651391912632,0.9883036619618266,0.9739647447386225,0.9899375000894961,0.9814555381505315,0.9863751169104166,0.9827060007887486,0.9742641636603218,0.977257108239067,0.984047146300726,0.9900600644062347,0.9821935887032821,0.9870073243133174,0.9888846121159255,0.9915068509998212,0.9814309640514144,0.9130054343130699,0.961530306816301,0.9777888029443841,0.9913277661780728,0.8009019323741345,0.9624057970673591,0.9848011759032399,0.9771217258694357,0.989815222890344,0.9862384797682484,0.9886406236962897,0.9860494332118424,0.9845707127398234,0.975254924984327,0.985228333164304,0.9913287378230418,0.9853460375456292,0.9937655661050001,0.9820436431103635,0.9162691131428113,0.9805405657153583,0.9174309854706876,0.9650063234202917,0.9956499650798482,0.9732370640545074,0.9805747342256456,0.9373046282015726,0.9778263092499193,0.9818337002999976,0.9753640427084354,0.9994580568784097,0.9949118533050644,0.9463039076532982,0.9261666795207647,0.991051539615354,0.962580889223487,0.9379784038242045,0.9829757205864882,0.9789564245816824,0.7153169646891437,0.9646706091747185,0.9844427489171031,0.7793507896070078,0.9584197956455408,0.9738241084627232,0.9662100708871485,0.9373486327744306,0.5000964354886508,0.8791560862520861,0.7400558518505336,0.6872621572995429
Ridgewood,0.8240194350847434,0.9289220122745119,0.9849575251804658,0.936493982180073,0.9528275657781493,0.8641849446429389,0.9441666207392755,0.8620674680540741,0.991665382983288,0.8509534464455172,0.9910143415830392,0.9241812916869189,0.9427933190716482,0.8997697428369351,0.8849005758751531,0.9818580662495517,0.9783428043675371,0.9464392458031189,0.8939328890925091,0.900655401154033,0.9358596669666459,0.9096742623813975,1.0,0.9199457059504478,0.9341456754905098,0.9179428192475669,0.8091444387285162,0.9549546732034015,0.9936745763137798,0.8832061576572318,0.932706581343877,0.9216459181537163,0.8841083460526394,0.9880699636280168,0.9115899521065365,0.915621178460381,0.9100377302156923,0.8988415668221866,0.9077348692731679,0.9153888977455595,0.9922185434345485,0.9373301864009653,0.9109409885731258,0.9581035976840946,0.9286241183403086,0.9801951361997433,0.9099815368164392,0.9501640005923299,0.9312513557329223,0.9202490248311443,0.9559423636894165,0.9031261984566658,0.9656604759633075,0.8934170992044275,0.9086053473375718,0.8776125342580271,0.9207317009250578,0.9178742851396493,0.9805808677083637,0.8828407512507738,0.95427436305442,0.9315885733929499,0.8831697746241987,0.9761217825152502,0.8945206717623161,0.9484723167158281,0.9250563318052888,0.9932939327029062,0.8088890965242435,0.9629629633306778,0.8962805306191387,0.8617463035729985,0.8776757413490209,0.9335782707751246,0.8825541863539859,0.9137414342287011,0.8817700059568758,0.9219257787565279,0.9110399938611955,0.9165525595833521,0.9577069794078186,0.9371100286513486,0.9591248770822934,0.9236119130006025,0.9003329299287303,0.953893686819725,0.9110841719316579,0.8977558075541473,0.9407577405531123,0.8759969420504922,0.9109979243562071,0.9316761606104196,0.8844218777439732,0.9059754417540086,0.8791837678531087,0.9004003795975005,0.9019312779137555,0.8764410545053641,0.9403882918424441,0.8800054120692384,0.8766152581716745,0.906362438759958,0.9837553681482165,0.9020478345970477,0.969116518106179,0.8684915854113565,0.9288355465014058,0.8775564473161476,0.8707010827476858,0.876165271992453,0.8784572920141828,0.8903645594136843,0.9449966305311113,0.8986196921375291,0.8809177458886983,0.9152860226998573,0.8805909691937797,0.8736004373874647,0.8966937456378541,0.8926271913485818,0.9689906908028149,0.8861366718521438,0.883991149181658,0.9750973077181064,0.8797772530652725,0.9070677001714275,0.880604636037992,0.9515141011590915,0.8693582725802311,0.952496008544539,0.9704894289335583,0.8799785193769646,0.8562085116049084,0.8927088309563741,0.875592385273834,0.9128166865713874,0.8695936210581318,0.9281866569464695,0.8849370648498223,0.8768696523170804,0.8983254115447357,0.8706122313411516,0.9121917055652767,0.8819919399858447,0.8781081251487911,0.875033365858327,0.9420376366641107,0.8982455596531314,0.944200582787608,0.8799321226025224,0.911746250986753,0.9353301652940292,0.871227575461665,0.8643177907621283,0.8786992697619667,0.8830991450874407,0.8756583175781046,0.8701501361170948,0.8796099004000899,0.8518253604339792,0.8819514803828339,0.8761519925916895,0.8927291158511769,0.9072600179765447,0.8732879548710933,0.9797232016760068,0.9059443217064166,0.9373799964903072,0.9647317129205693,0.925490826567339,0.9010692047024914,0.8931546658658137,0.9071997949052036,0.9216634092517166,0.8926617256226012,0.9141683448062975,0.9175499273876782,0.8857248563193685,0.8510111472083086,0.8956951468842802,0.8910516405182133,0.9663841221613759,0.918085475856977,0.8696565535255543,0.9112658089882968,0.8439778607395235,0.9395897047447143,0.8823152275038967,0.9281248103152449,0.9271398157493458,0.87813381838994,0.9310265441480896,0.8653955751876473,0.741843503258972,0.844180327067278,0.7283895441302018,0.8356218742415459
East Harlem (South),0.8690723146537761,0.878436136054162,0.959175600634324,0.9744955820832374,0.991713931137487,0.9804267837947539,0.9965341286973243,0.9266916049730809,0.9377250477409552,0.978983561613751,0.9491687770718517,0.9539832931325055,0.9612841480138107,0.9475345868719929,0.9916613188172387,0.9414075623339424,0.9410515390983797,0.9932611775887124,0.9105630315116423,0.9924870094299506,0.9766501744326423,0.9563425226878022,0.9199457059504478,1.0,0.9876318230843129,0.9869302370605237,0.9382915448649412,0.9614464014937404,0.9450541031851258,0.9561010510455364,0.9889762095331126,0.9578807132192558,0.9895054411341019,0.956573298156946,0.9493725008463042,0.9958447671187688,0.9740205305327847,0.896066361015483,0.8856599898439931,0.9083334543710757,0.9534475254465673,0.9852815488434932,0.959555249184518,0.9173672927874893,0.9965493159997295,0.9457613664263984,0.9466020960122075,0.938704907542688,0.9986211153491561,0.9466187202566644,0.9616036359492718,0.9430611478514045,0.9747297914096017,0.9431720010693232,0.941419970205486,0.9449549524477094,0.9554306255168461,0.9326245938617327,0.9530569409529607,0.9275762254983323,0.9529208018893967,0.8415215611301833,0.9475198758451159,0.9628622497706567,0.968913047617702,0.9502645767696877,0.9010759873402509,0.9329080485670666,0.8597453356718967,0.9111985753116606,0.9184213495131105,0.9038199061662447,0.9329775683658672,0.9230239926639013,0.9451149517260612,0.9764638658072751,0.9428269045982685,0.9436666068194535,0.902823969133155,0.9538570732169452,0.985491411946919,0.9545849595949228,0.9651207477071879,0.9514265361326081,0.9708253773801334,0.8860874301781485,0.9369869995041485,0.9234486508662005,0.9498754122799785,0.9684774050975361,0.9265579068807407,0.929189270524297,0.9352727796965268,0.9064792905443027,0.9523480585275956,0.9328699122003665,0.931248843091101,0.9112443733044487,0.951857263016669,0.9343535439760465,0.9136205985285237,0.9458452230987651,0.9497615718786475,0.9328381400174209,0.9570208425178555,0.8961319538682129,0.9491060424747727,0.9161402947724522,0.7692250120948707,0.9175613943217074,0.9181451360966096,0.9650741695809254,0.9508438285921731,0.9158301590009066,0.9500295324466383,0.9498037859909896,0.921878539270906,0.9060445699363309,0.9248725949434007,0.9608515210643743,0.9722596480845929,0.9150217034884305,0.929082162973013,0.9713216562461052,0.9141982881353362,0.9839882403751483,0.9211624930209986,0.9088489812346572,0.69965152529446,0.8612448310757496,0.965912979527404,0.9279908397010184,0.8772442301129589,0.9241717921122288,0.9024848045635233,0.9298136196138662,0.9009988075002373,0.9533485137815546,0.9542311027081547,0.9104924179629402,0.9441980545804545,0.9047001030490226,0.9256981602677781,0.929362535669247,0.938407984552563,0.9060560005101265,0.9807192035942269,0.8689318670404654,0.9370385992689895,0.9523826574893688,0.9216226998905703,0.9755336028356986,0.900148506462673,0.885886857246078,0.917869885405164,0.9285047839046819,0.9628693058694259,0.9093773436754776,0.9226243203657942,0.8847618687453195,0.9511959055890683,0.9218889507565885,0.9291805747926996,0.9614068785678394,0.9000726197800475,0.9420344237741739,0.9299861539708489,0.87903222113087,0.9121180630228286,0.9745812345412469,0.9833596626165892,0.9483856888962572,0.8703395007898485,0.9057427172157708,0.9207283152482933,0.971733366165144,0.9549507909530301,0.9450411444878021,0.8385904592616712,0.8650103714522487,0.9674597764466065,0.9183304670777105,0.8660376860215584,0.9516276360084372,0.9436474025929352,0.7306880791755376,0.979553994587382,0.9322718810417874,0.7930948030857892,0.8777700536463336,0.9694333202467629,0.9491005673728933,0.8438680306618591,0.6253917166069272,0.9547710122221036,0.7864504161768021,0.733344882739225
Lower East Side,0.8823096994225443,0.8739193787665055,0.9542506364586034,0.9553751679040328,0.994673562436244,0.9600497930781211,0.9950777246155043,0.9407111390456669,0.952745017426807,0.9736225010534474,0.956316562608225,0.9825460596619592,0.9360951637134654,0.9129319485774924,0.9750203807574651,0.9317109559409873,0.9420120322327986,0.9862836418361889,0.927576211902661,0.977651514323757,0.9593814528090066,0.9294103519465648,0.9341456754905098,0.9876318230843129,1.0,0.9778411377005083,0.9528134637973366,0.9422735167843701,0.9460345097424119,0.9261853778108069,0.9773422569331138,0.9300866029847137,0.9736614170083983,0.9552832791875291,0.9251756032314209,0.9931560314274952,0.9643873424333239,0.8567836832360063,0.8885694257432664,0.8702177579441578,0.957608213155733,0.977404109911929,0.9316997681212438,0.8975756116825218,0.9927948599089504,0.9363905394243203,0.919983316788722,0.9212517899216579,0.9891922767337341,0.9174255182696313,0.9461256084634291,0.9125490009985913,0.9620491220802521,0.910708468587106,0.9096388637899591,0.9235625352459872,0.9402298996408278,0.9028515501258957,0.9568275748006841,0.8952416683349784,0.9372211564916741,0.8124608280701798,0.9137692373353328,0.9514942493772147,0.9467927926543542,0.9343243419877807,0.8631014952022478,0.9315554716721833,0.9160567683730283,0.8922818328923318,0.8823496065933787,0.8561927066070502,0.9053487189380857,0.8983439012570554,0.9101398817999363,0.9567173191649307,0.9062075770455417,0.9166677789781259,0.860988682840766,0.9354609128906126,0.9913207139378121,0.9256695635139477,0.952007689225718,0.9302726271754453,0.9442156348513854,0.8599026578557051,0.9199154535300188,0.8910140659258943,0.9411739321831039,0.9413908889550894,0.897999814633973,0.8934510182697029,0.9033705904941558,0.870026261266274,0.9144102713648554,0.9032002913460064,0.9018086662636758,0.8716540960849042,0.9282600687591781,0.9001225577105448,0.8728370196480514,0.9565205541398133,0.9537586289848747,0.9074726074790924,0.972880598476692,0.850870741467574,0.9236114452456355,0.8775124986909986,0.7255372892225297,0.87553202902566,0.8789833170096171,0.9334995159322615,0.9331005612638857,0.8837837795774536,0.9154773348866028,0.9215018439313242,0.8853541479574464,0.864153168927487,0.8873024051386632,0.9381582089806109,0.9886687942546182,0.8755895775937508,0.897140364493245,0.9840357259880833,0.879429199038406,0.9665416132203096,0.8874025075768511,0.8789364091402553,0.6898397567042431,0.8366320118593608,0.9771878715825293,0.8902282571488369,0.8268540580252501,0.8877863742114012,0.8643409246369583,0.9072426969649956,0.8550897315147934,0.9306799797291816,0.9259346445879111,0.8715830360090637,0.9067437737076555,0.8589730952015919,0.900736152400528,0.8948228420996795,0.897050784421147,0.8662476164851193,0.9856888423207552,0.826774039078763,0.9298372351961107,0.9158933943475656,0.9478706365756403,0.9858301122373083,0.8568245937259672,0.8387215123764935,0.878920419032093,0.8989104832486289,0.9260286001697813,0.8627039211011106,0.8869527525165768,0.8325923152876044,0.9253495744967248,0.8795277131125215,0.9013948102197195,0.9428704758849905,0.8587900915322974,0.9707197536256563,0.8975610996312844,0.8403576470191256,0.9049566405073757,0.9506856846817701,0.9708882927149274,0.9108544402326685,0.8261045250672696,0.8694686245454355,0.8976568971751662,0.9499248620314753,0.9325286541883245,0.9171623355870913,0.7825127207492375,0.8161610312662936,0.9378069263529898,0.9014003231721428,0.826021495605983,0.9068888373436919,0.9226755406235484,0.7282683215277382,0.950684608157257,0.9217614437106184,0.786681923505639,0.8499588803912463,0.9375965151654014,0.943660529793026,0.7857991399747395,0.6213465684729059,0.9196381207107122,0.8566024322927495,0.6998425313266916
Rockaway Beach-Arverne-Edgemere,0.8452286290375598,0.8466356960501752,0.9593012346339672,0.9900826317937712,0.978506406912698,0.9622148148964753,0.9860871177576737,0.881055108411496,0.9193059571526875,0.9532720351625689,0.9295712358104151,0.9229959861100242,0.9716253300287923,0.9645528877101349,0.9924840707177891,0.9449947284270125,0.9185308095651745,0.9951014703959814,0.8708256818459913,0.9969685606966746,0.9917570376845922,0.9822962925475427,0.9179428192475669,0.9869302370605237,0.9778411377005083,1.0,0.8962622006683508,0.9761082189271917,0.9490247251800247,0.9840891390933308,0.9968636684285871,0.9746360497450902,0.9936433710561001,0.9586968605737012,0.9791520266647964,0.977188649123651,0.9975523716004013,0.9125875427882293,0.8678085976514589,0.9298558881002115,0.9396949654922715,0.9970577956522348,0.9828756187016227,0.9209079831548862,0.9936677556425941,0.9581472686457215,0.9748541180832105,0.9638532658523692,0.991188678837356,0.9730451885388259,0.9718708397490431,0.9739076226677458,0.9828235376280418,0.9740761078119424,0.9687305912468648,0.9764677499420084,0.985965739493201,0.9630770292944137,0.9653573982293779,0.9646837682230925,0.9694366155800426,0.8332208465014708,0.9770718620516664,0.9698695997092446,0.9856936919777157,0.97301835610161,0.8974510250292872,0.934680148477717,0.8461087548466044,0.9246099453407366,0.953065755636673,0.9360091852910628,0.9664055154305125,0.9526795569598377,0.9749144364235613,0.9902773445996835,0.9720030093050155,0.9699670028004875,0.9243244318451028,0.9852320695801091,0.9902122675032289,0.9717652942876265,0.9757151244998634,0.9795882495061433,0.9898799408376469,0.8728070019559069,0.9749396294039904,0.9576945499852685,0.9794243544831538,0.9884215451613952,0.9619611427627317,0.947042474001363,0.9711044200994029,0.940496063221416,0.9758384690881731,0.9655878177851362,0.9656400191137025,0.9486451094657951,0.9734519360612065,0.9660844350471536,0.9503221446233676,0.9813460603281364,0.958602907353277,0.9681205573842653,0.9265133260234124,0.9343567868007158,0.9719508973853751,0.9524037107688429,0.753296542976713,0.9520669433464377,0.9542693456363851,0.9855418949250816,0.9689901017719494,0.9538112957779387,0.9763346591880974,0.9708229099837696,0.958593032017465,0.9442820845983718,0.9557966098533413,0.987571968848715,0.971638999603048,0.9503164529004053,0.9671294932280289,0.9570204865671849,0.9540628884977753,0.9983214824827708,0.9588663588205453,0.9036385645480237,0.6652183431792611,0.8647863118292853,0.9788731282937344,0.9612384625655411,0.9154699070524169,0.9580230366856768,0.9436153765024916,0.9664562036811934,0.9371812321735802,0.9705231854826558,0.9766683758816053,0.9487388677480711,0.967765137902585,0.9396351039531964,0.9626118051630026,0.9644157807612395,0.965488137293486,0.9446610010692941,0.9610895812552058,0.9010153912075922,0.9701523336907986,0.976677610685722,0.8695445479899279,0.99207077632804,0.9389015655073706,0.9251390768082577,0.954626509031286,0.9663284878522277,0.9808666338076178,0.9424523764414925,0.9583990042918049,0.9178909336736514,0.9809973174325765,0.9547292787767322,0.9659633986587138,0.9903254220126314,0.9400087026345473,0.9497499150877192,0.958150703155324,0.8748093416977459,0.9427717120899427,0.9904963309933007,0.9956933879663845,0.9667057199876238,0.878788680428792,0.9316687825048633,0.962731754364529,0.9837613188254531,0.9827516399602032,0.9792471602722835,0.8746054203546271,0.8667554925187413,0.9873966212984567,0.9319497229163781,0.8793226210686229,0.9673844379274135,0.9725021164616507,0.6903135052359788,0.9682662900208805,0.9779359375378727,0.7574830498749653,0.905623410277851,0.9804333382909985,0.9752463670884522,0.8661690590581199,0.52678294448703,0.9164453812513405,0.8216244803875582,0.6662529385565217
East Harlem (North),0.8978277259775606,0.8150612381400381,0.8445943502062516,0.8502965725356899,0.9385119289970074,0.9473922111651275,0.9352056424897346,0.9692978756801678,0.8644327672980385,0.9826305160975392,0.8650396256012041,0.959832341783185,0.8266701696794468,0.8112964324405062,0.9265716553206816,0.8093505462773828,0.8637791579295206,0.9050070896234976,0.9300939616277081,0.9160792502344244,0.8487127587347933,0.8132537061419923,0.8091444387285162,0.9382915448649412,0.9528134637973366,0.8962622006683508,0.9999999999999998,0.8215421259287757,0.8180971688395506,0.8158140713604344,0.8875392464162216,0.8234643644741161,0.9133795159280709,0.8323375854461048,0.7920840910696927,0.954676379957774,0.8670224328079963,0.7338607978088374,0.842606695946263,0.7301272800306154,0.8614735957812347,0.882025906292025,0.8095424126992183,0.7770150966591335,0.934364695403784,0.8006289241206997,0.7841405137383526,0.7708608876961186,0.9262095928751655,0.7836277796318258,0.8178921568718026,0.7798273684864747,0.8494291831082538,0.7810002332020863,0.7706516995987436,0.8013309809954591,0.8119534229387444,0.7551678662739504,0.8263723406100909,0.7531414612283533,0.7991780399477013,0.6765972454696703,0.7936559949686469,0.8273772231095309,0.8434549217360738,0.7933089043506084,0.7482835116609251,0.8036219224723024,0.9399655998796871,0.7502329774404638,0.7302046995835749,0.7237679580842753,0.7694805214163666,0.738511501495469,0.7887747315924258,0.8536858248827379,0.7808739266136483,0.7750831191093015,0.714978145988532,0.8077309779507026,0.9081453355585573,0.7970759818859995,0.8264684101552444,0.7953485123646222,0.8393154559060642,0.7358829529188412,0.7771038121590231,0.7395300437957248,0.8028635512588109,0.8465125726689858,0.7474926152976452,0.7510129627686312,0.7710831630044275,0.7118941186035362,0.7999265355966524,0.758254558126565,0.7556989864856136,0.7197255444896785,0.7913327160105683,0.76433459898035,0.7261158181245554,0.8460179395990468,0.8229840948097711,0.7618956720279556,0.9154555776038422,0.6978959266064326,0.7851992690578404,0.7283868787332846,0.5902050852604632,0.7332815367133968,0.7329437337239473,0.8270165528476554,0.7942055813117996,0.7275900263536276,0.7957117673620729,0.7877834309867375,0.7406157144291632,0.7157952508812367,0.7400023843294963,0.8252483604646288,0.9011671157642189,0.72589562162634,0.7594851359142799,0.9049417874361615,0.7275266336451004,0.8830525382588458,0.74011306595451,0.7555377054112717,0.5716577166589153,0.6809152552057957,0.8769064800830734,0.7504271237826414,0.6717740735905247,0.7414862749812301,0.7057673065403256,0.7563750731784074,0.703395047017837,0.7980349525250359,0.8087192893064171,0.7189005804761291,0.7755333755960289,0.70784815516661,0.7471415257278666,0.7548387630363683,0.7702296846156291,0.7105612479013387,0.9243980113030108,0.6570464788528065,0.780255456736982,0.8001185723749505,0.9467373342513538,0.899378485144952,0.7049056014875119,0.6792600642025151,0.7340419331311429,0.7569176667982662,0.8249413695663044,0.7194296799939047,0.7413998189278385,0.692786896661793,0.8061608373419084,0.7422670432011157,0.7559793842033158,0.8267430323944936,0.7013335414668855,0.865179551292364,0.7490521981058765,0.691011148301682,0.7390760297047264,0.8427612626216822,0.8882197043292376,0.7853410902838509,0.6862478691337072,0.7147260140000699,0.7457479409823131,0.8418924168623276,0.8133593357087059,0.7929254101276895,0.6069183002017916,0.6857358491466026,0.8333430263560417,0.7615717190913677,0.6724821462730706,0.7978894894597591,0.7841179463550815,0.6698151464188709,0.8591826464689414,0.7964694667154776,0.6761789586838393,0.6918137330952004,0.8434871059899284,0.8102726701215477,0.6213187669772001,0.5933277346028891,0.8848006247485805,0.8370097986358036,0.617772631361531
East Elmhurst,0.8373631922815611,0.9029316151806641,0.9886398497617317,0.9960595677777495,0.96300259235751,0.9333463815510412,0.9646726467426767,0.851793568080569,0.9441489416735993,0.8993700894718695,0.9533044012183245,0.8838077303840706,0.9976366426195857,0.9859917701314342,0.9579111685347873,0.988204994951172,0.9529149356397758,0.9817018035526683,0.8678931210898148,0.9677818738022521,0.9887937374473207,0.990742633564558,0.9549546732034015,0.9614464014937404,0.9422735167843701,0.9761082189271917,0.8215421259287757,1.0000000000000002,0.9807966494877453,0.9777811728645923,0.9801813548965442,0.9939257239019569,0.9538719987573356,0.9807928212766999,0.9832721181128298,0.9397748534790636,0.9753153430498565,0.9705578904162178,0.9043748630654516,0.9835598225343165,0.9662037323699861,0.9812400207684503,0.9857350416038305,0.9789573037453337,0.9672277786033603,0.9931425285437939,0.9807992049071916,0.9887177369302879,0.9681485861426323,0.9923369335192024,0.9835189464822467,0.986015635708396,0.996216798921525,0.9819864319284396,0.9830165374043376,0.9567245876080166,0.9832882409661081,0.987050748378722,0.9779936730101882,0.972377588453719,0.9853157525969771,0.9281884120320145,0.97881494130535,0.9932240945558117,0.9642049310856813,0.9884280894157303,0.9651257696264465,0.9784994028506004,0.7794680605548286,0.9842906918945623,0.9787204874898873,0.970203387759421,0.9591315933419716,0.9836207408137254,0.9793660555077602,0.9747184058083808,0.9773018268770658,0.9851513291746841,0.9806464486442619,0.9857302867834028,0.9752709281236279,0.9965247988542216,0.9856170103119952,0.9862605325550138,0.9793623965385231,0.9500848144250007,0.9777954644098403,0.9751195985336246,0.9833112040386993,0.9649957142389991,0.9844472180366142,0.9905733808445104,0.9782542484373211,0.9816967414274186,0.9756015106693964,0.9763038873882142,0.9791727371955395,0.9693847874353294,0.9933228823286647,0.9686275509931032,0.9737347345609515,0.9489587216008275,0.9741664880390474,0.9752048095857512,0.9240670674737339,0.9690459127683584,0.9862971716053183,0.9695414693844902,0.8710998929932948,0.9748987470208033,0.9731362197798871,0.9781540448125353,0.9817174462332753,0.9774679993738352,0.9731736837391184,0.9780326565463652,0.9734731885390235,0.973025097176967,0.9791437529570447,0.9726588017776967,0.9563035771029873,0.9765138485194352,0.9773540923522257,0.9498812225819353,0.9697457216095159,0.9791282119388793,0.9692988060703425,0.9706106135843799,0.7886024689340128,0.9510414565712341,0.9790172000679858,0.9729886434669197,0.9613371552860392,0.9790508674265721,0.9672037283156953,0.9794497712827377,0.9691708883480283,0.9762722865140325,0.9632874683983734,0.9695785456496363,0.98109206788167,0.9686766891567513,0.980619075375135,0.9730794303352833,0.9760073840963487,0.9673230809197492,0.9346684782417122,0.9672166377653504,0.9812670261208897,0.9746571378110027,0.8494292330173966,0.9640300308611992,0.9707756383308251,0.9642467984761453,0.9747569031036614,0.9698922818969995,0.9714471425796561,0.972122415041447,0.9693511248479224,0.9620692471607996,0.9673683394090136,0.9763466394698446,0.9723050265401942,0.9816036262207173,0.968147034946199,0.945913584309493,0.9753875978449468,0.9519975148043711,0.9822618666907114,0.9919207035778741,0.963260604853566,0.971915662438819,0.9580766961009146,0.9844468502492365,0.9685412775602379,0.9714736736211275,0.9922045749667896,0.9771379517601984,0.9430542061773638,0.9483512282010957,0.9766227338858443,0.9872283123890514,0.9606873265829851,0.967536783247522,0.9723935224680782,0.7857218650864222,0.978228382758176,0.9643206959176996,0.8542466210485363,0.9736899678950364,0.9599243322187642,0.9667648025810988,0.94421817375286,0.6010654252876232,0.886409286534701,0.7276930354982135,0.7664231238093119
Sunnyside,0.822006649552979,0.9198467834570127,0.994856552460551,0.9673931348228461,0.9648683091808229,0.8936520314334736,0.9616802586990365,0.8584113071647779,0.9826695827936397,0.87410356079349,0.9873732357378592,0.9184127797416024,0.9707317387439355,0.9373197970029145,0.9198025059805758,0.9923434242201752,0.9751244689218643,0.9697153195157748,0.8832786031793685,0.934187474590266,0.9676117262464555,0.94844485660173,0.9936745763137798,0.9450541031851258,0.9460345097424119,0.9490247251800247,0.8180971688395506,0.9807966494877453,1.0000000000000002,0.9284275797657567,0.9619200097176129,0.9551863324842002,0.9208362028117331,0.9979329147851048,0.9507395687230242,0.935279201062893,0.9443813629245233,0.9293100831105311,0.9035365016869628,0.9479682063091265,0.9919318255300437,0.9650371932700725,0.9508725372471406,0.9712925942082318,0.9515426366418195,0.9955464430318121,0.9497333937638761,0.9777186145398656,0.9556061717990024,0.9577568266077081,0.9808546992034438,0.9447953233842254,0.9877590698627415,0.9374964558243369,0.9493278044006924,0.9214575710154589,0.9558882841026698,0.9557012242397915,0.9928009350450443,0.9287208700005083,0.9802305617084885,0.9364889583198268,0.929316135383898,0.9942274595033495,0.9347077829242265,0.9767844938888759,0.945431393369773,0.9972231152483348,0.7959928168224634,0.9783385707304,0.9391360099473427,0.9092710474008862,0.9230062823958026,0.9657450153661384,0.9288873811883586,0.9499316911430156,0.928737766777073,0.9588710928391161,0.9453577159459515,0.9533304671201339,0.9735814031233182,0.9700379278128956,0.9830553417064204,0.9595345632169294,0.9415806372370881,0.9603319575102482,0.9483037925601112,0.9401740197914095,0.9694103347502019,0.9211312843723634,0.9499656319260239,0.9642698997817412,0.9298654673131108,0.9447489941937495,0.9266854826686036,0.9422899990534712,0.9434966421015597,0.9237461671432027,0.9723900872436978,0.9267593830056662,0.92386897822325,0.9331600021665963,0.9938540750202657,0.9428185808396308,0.9627286697011989,0.9161564637537628,0.9638923251295384,0.9248170809534318,0.8760360241731567,0.9237346240177928,0.9256366303048552,0.93456486168373,0.9736498258737762,0.94034390008152,0.9277753565788904,0.9534461392293092,0.9272574577286664,0.9206607981419687,0.9399907375044045,0.9347721511780799,0.9757841281038591,0.9313048328359819,0.9293273054505325,0.9776728519798632,0.9259868576865268,0.9429871889508892,0.9268434370412046,0.9661648081884288,0.8431241241755917,0.9608465983020188,0.9813281807862636,0.9272000182431831,0.9042253806290557,0.9367822021820705,0.9223162929425772,0.9506066069529825,0.917758967267843,0.9616577482944435,0.9289036683747444,0.9239637924869455,0.941916817558106,0.9190310909951052,0.9503512856311557,0.9284511844232913,0.9261716778795356,0.9223189000394573,0.9531029588742321,0.9332961703554811,0.9709953003405822,0.9271755009109935,0.8951371176658646,0.9553598283043929,0.9185388529197233,0.9123252072140658,0.9256322209211236,0.9284294539700368,0.9230735239332032,0.9185158528059709,0.9263795174416223,0.8999044339289555,0.9267830950386248,0.9237684123868785,0.9357790708273888,0.9457801474576057,0.9205442047494786,0.9776431776377019,0.9464400529456973,0.9551597701580693,0.9830633350497359,0.9608659610619823,0.9362824174735842,0.9371428619557203,0.9324306089812683,0.9546383852951681,0.9342900962009796,0.9502267713801209,0.9536177921216785,0.9304113525098371,0.8957584260889911,0.9211312748130354,0.9346712158143942,0.9817153392370309,0.9414741560335952,0.9190273322803376,0.9488826854842961,0.818482233625651,0.9670345733734234,0.9218864938060057,0.907340660609218,0.9507658640504867,0.9227086571253642,0.9594456161258925,0.9045119279647583,0.7014692004245446,0.8765818793764192,0.7284065118000779,0.8207576044601357
Todt Hill-Emerson Hill-Lighthouse Hill-Manor Heights,0.7860422372518873,0.8094518680448962,0.9396292774720311,0.9891461168746142,0.9354298523594357,0.9331050764890213,0.9482259497383232,0.8042820404244303,0.8700796826802062,0.9029518971193045,0.8865049505639464,0.8439272796793107,0.975498841360902,0.9801213295815395,0.9728095300560703,0.9342491408903135,0.8793512193251151,0.9715318926331117,0.7993157566245002,0.979168390926705,0.988646426222433,0.9959246623832607,0.8832061576572318,0.9561010510455364,0.9261853778108069,0.9840891390933308,0.8158140713604344,0.9777811728645923,0.9284275797657567,0.9999999999999999,0.9814844092023169,0.983829667777081,0.9758061205834405,0.9375748395092519,0.993831850124965,0.9329489356875031,0.9898789978952207,0.9383799563793738,0.8289615129657141,0.958074003468119,0.9030122550108837,0.9811381811383826,0.9958572172851388,0.9209941441361693,0.9616005774157579,0.9523903919146265,0.9913227858102807,0.9732299475231155,0.9622328737965182,0.9915857443160956,0.9675365108133758,0.9956221279563834,0.973089643305619,0.9970179794623629,0.9903607563016156,0.9871442926383304,0.991874802711835,0.9864006488702779,0.9454455959097284,0.9925689043723647,0.9702282411724148,0.8417631835239139,0.9990081859306017,0.9604698140425282,0.9862210176284589,0.9778130646570972,0.91067871929806,0.9162603895276626,0.7493842154656865,0.9315601008237063,0.9853991521635976,0.9768365032977198,0.9862276281413446,0.9728622736632087,0.9984751284963298,0.9871386292664813,0.9971727300487292,0.9869408658356671,0.9567594259772143,0.9947156912229695,0.9570847849502337,0.984566092687762,0.9689578403124689,0.9908955780208055,0.9965451283769463,0.8720893692327,0.9889583103591457,0.9857132606549918,0.9804677553868846,0.9943334334661111,0.9873058640508344,0.9697864505960602,0.9967402464776803,0.9748752119232542,0.997366747278557,0.9888963134601704,0.9900321996893939,0.9855693953232196,0.9843902570305395,0.9915306566680193,0.9875918207904842,0.9635275942500331,0.9369198777658405,0.9887877471294828,0.8645457111644119,0.9784712890747687,0.9851226442658756,0.9871570980619838,0.7749823904163121,0.9886689185845584,0.9892133068262186,0.9980203537000177,0.9724485277433847,0.9846825404782745,0.9967127358595984,0.9845699868971797,0.9909659221949474,0.9841988048364141,0.9865935267926612,0.9957187247181535,0.9268659946018919,0.9859867190517253,0.9949344273996705,0.9078605636127443,0.9875582807349477,0.9912219838218965,0.9892329927954053,0.9091312643446707,0.6477151852804107,0.8762498022500859,0.9486816058001356,0.9919285347477221,0.9658617336728919,0.9891618414608683,0.9824038576972176,0.9863495612814306,0.9802607247532087,0.9767470637278282,0.9881795321725149,0.985620959741682,0.9915789636801651,0.9814621852589867,0.9855418283426993,0.9929620479835702,0.9944057903138389,0.9830969626052422,0.9126971868830968,0.9435866649502715,0.9737723808183301,0.9973337568486433,0.7815514740008157,0.9612212081745093,0.9811326441407723,0.9727754908566717,0.9897338982388164,0.9918145571335734,0.9961806291424503,0.983303690157572,0.9892448228691922,0.965357656103013,0.9946678773307418,0.990035188132914,0.9897075725774502,0.9966542360938562,0.9812692856079964,0.9020512836825335,0.9822702999516584,0.8927371778837627,0.9493020092881328,0.9939428495886189,0.9820262701473461,0.9864558208295225,0.9084320213870379,0.9619496561390156,0.9859709012524542,0.9823098200176914,0.9937356321038948,0.998666771697139,0.9336404938346483,0.8963771206578209,0.9973546803176785,0.9364675316025236,0.9093299347938113,0.990307220611513,0.9841436155508079,0.6546912517065516,0.960078437068285,0.9878804791215497,0.7302728147030153,0.931787853780274,0.9857401713913414,0.970201268056621,0.9189103336933688,0.46003979460702327,0.8921280313298005,0.7440761817564318,0.645902551608422
Chinatown-Two Bridges,0.8234221044981632,0.8514053296874139,0.9670186311828655,0.989963121030638,0.9805016047849373,0.9530511463148005,0.9893458378397182,0.8730824520943657,0.9316929192389208,0.9447804736855426,0.9447506501441809,0.9283007807014867,0.9736371810131549,0.9600833906541606,0.9862190999557277,0.9536552709352195,0.9279128174934058,0.9975289170965319,0.8644484339557275,0.992572264440389,0.9966882316549601,0.9800809741878396,0.932706581343877,0.9889762095331126,0.9773422569331138,0.9968636684285871,0.8875392464162216,0.9801813548965442,0.9619200097176129,0.9814844092023169,0.9999999999999999,0.9723389816747491,0.991755671134875,0.9728166971874542,0.983160046220677,0.9808030747796638,0.9939077278381251,0.9118551605889421,0.8596348139920138,0.933900101626798,0.9520040459052975,0.9994437650186009,0.9869243359936536,0.9267658388184111,0.9917838575673963,0.9681960747216182,0.9812075426660345,0.9743822071198536,0.9945417362686667,0.9767014293724461,0.9857189909620332,0.9756521593372085,0.9897548379485355,0.9755460218991273,0.9758362371654835,0.9798919587179277,0.9878424729453389,0.9696247956760077,0.9772254447329779,0.9678712549845607,0.9823781237442275,0.8500346469097684,0.9765075906838678,0.9809818753617863,0.9911694692866201,0.9827511251886363,0.9058339539535587,0.9469234282116622,0.8240270301584799,0.9327665066032728,0.9591047133041399,0.9339177475892271,0.9726664235894226,0.963854185046902,0.9742649922156646,0.9959477943741544,0.9737382149354187,0.9784025052099483,0.9310607302677693,0.9857125640514627,0.9909646473762951,0.9784478107468346,0.9881369248976103,0.9847668136942009,0.9918550757399763,0.890335762807959,0.9774348780453536,0.9653094385940988,0.9848990963654918,0.9883003017567236,0.966505809562034,0.9566176193900665,0.9704141463007249,0.9464691359548615,0.9779637231302832,0.9723760200353853,0.971015146156738,0.95422685885385,0.9815705944377726,0.9716391354864656,0.9532999120471969,0.9766506650212577,0.972696487784129,0.9737786038540532,0.9396483093503805,0.9373339980880735,0.9814482813330135,0.9581738594574711,0.7740629484264749,0.9547193797554543,0.9582081170782709,0.9870040458798071,0.9821016292630882,0.9594577290652033,0.9793349420928622,0.9814977321773349,0.9620963001174327,0.9458871081176922,0.9628768397763873,0.9885638253841142,0.9783887146672965,0.9549455497020771,0.9667407374314144,0.9687089799586345,0.9584799225523345,0.9947122791907572,0.9637372392798808,0.9165745347219137,0.6908558953348645,0.8828835731465748,0.9778884587572068,0.9657402121860933,0.9177892181087439,0.9628589245538488,0.9489644294931504,0.9719843642461677,0.9416813793776181,0.9834635638551762,0.9833734187843063,0.9539699509819711,0.9746717532651022,0.9454181452489256,0.9683201848707604,0.9680604132862002,0.9688067482035334,0.9508307537114877,0.9735477252013303,0.9096630799333651,0.9767820468301761,0.9791211959570303,0.8776777676357154,0.9884890251123111,0.9413591778027665,0.9298474227528443,0.9571953493082035,0.9696882398171611,0.9827023780473568,0.9456814939792075,0.9639125480476985,0.9171819828641326,0.9828835658043784,0.9564661107589552,0.9708969146176264,0.9892268077044934,0.9449595662838324,0.9559017946140315,0.9688829165465764,0.8986343429393508,0.9529279419748167,0.9929981925626304,0.9962049151923377,0.976872208038629,0.8884653749254431,0.9394446276005354,0.9667735422408839,0.992734633902429,0.9799719414542182,0.9776122992572153,0.8847138728543319,0.8771655304757279,0.9889147048834471,0.9395548698552942,0.8910548612272825,0.9734029409144346,0.9808631743609582,0.6973556667646257,0.9822216794705412,0.9698669822562394,0.7831476581168774,0.9100931000967459,0.9865317551120407,0.9839064307241409,0.8792216770685405,0.5742948838859372,0.9360097988337795,0.790803781778306,0.7065685091084217
Riverdale-Spuyten Duyvil,0.8554230831735198,0.8955841199720487,0.9729380053593758,0.9951937261226695,0.952399635369541,0.9490089150912158,0.9540992302283579,0.8535889999125271,0.9154422436567385,0.9080001346250804,0.9246951094484849,0.8593280772227894,0.9976303378798123,0.998165470897393,0.9655515517562099,0.9732507999959242,0.9352477827671616,0.9733209249467889,0.8656351775337446,0.9716747397506957,0.9804769842817225,0.9951542533574398,0.9216459181537163,0.9578807132192558,0.9300866029847137,0.9746360497450902,0.8234643644741161,0.9939257239019569,0.9551863324842002,0.983829667777081,0.9723389816747491,1.0,0.955007385574596,0.9547667222496957,0.9778299652222872,0.9303179046521786,0.9735704718356096,0.9805897054357952,0.9086413731483804,0.9860621289286133,0.9419949407323979,0.972161044110429,0.9826776830880911,0.9726446252470797,0.9635123193980728,0.9750735475750023,0.9736431933079419,0.9722725126394787,0.9608041655971846,0.9901687127915497,0.9634451666486694,0.9864359460712486,0.9840422331816355,0.983668532987017,0.9774768375970672,0.950510171163172,0.9762501228924951,0.9809940967416232,0.9512808851288027,0.9711081190573388,0.9658327802592425,0.9140623454228178,0.9838859541870444,0.9752120884716585,0.9572822224306443,0.9725005441342742,0.9651003542795348,0.9552328038924488,0.7763501301237875,0.9733834639699568,0.9758888311049392,0.9838818223302412,0.9520183933974262,0.9693064908789593,0.9851175761903394,0.9667416701269035,0.9808043873148421,0.9757322436666129,0.9814278259054492,0.9819346242190186,0.9627642000492443,0.9913611141282771,0.9662248724950715,0.9780450108548305,0.9788487527590619,0.9338937159201333,0.9700654444475477,0.9685109886776124,0.9686898624511833,0.9673368361232061,0.979871337263655,0.9849895452262052,0.981949166248724,0.9793327328842896,0.9798339625240762,0.9695784760504108,0.9739977756134369,0.9685136222018271,0.9832450314994081,0.9657577620815959,0.9769031080992305,0.9377678540362762,0.9448984399755236,0.9676096298773921,0.8952888278298748,0.9742933400903673,0.9751656497352815,0.968066636688891,0.8602649301380823,0.9793183454398491,0.9743119815037922,0.9805222484870989,0.9627817884007401,0.9728601941944816,0.9743336400852332,0.9668905418198901,0.9738679794818738,0.9783903205893861,0.9760604227626317,0.970711204721658,0.9317511808708523,0.977054522417766,0.9804534188875238,0.9223294097232141,0.9677924058003798,0.9820781636160106,0.9664802945156663,0.960970320803469,0.7583601159474898,0.9314925774369125,0.9653833948833853,0.9730353050094436,0.9700309317112719,0.9779843632575754,0.9655696518166649,0.9705759333656135,0.9729400932047201,0.9599649512633457,0.9570900620545821,0.9687471269136719,0.97892146842246,0.9708018094867041,0.9726419257450717,0.9724911449519456,0.979971723105557,0.9656812431767324,0.9103051657828106,0.9646275084714173,0.9641034004125996,0.9776887795783913,0.8252634194339937,0.9536833115088108,0.9756885192726673,0.9680885333770042,0.9775506995948988,0.9670056817134779,0.976124871369013,0.9782277451651048,0.9668194594972369,0.9761312970738659,0.9654311533607751,0.9822897615032034,0.9666377541768707,0.9801684457567434,0.968685515313199,0.9156030024197281,0.965399038274136,0.9323704121408468,0.9610243234451222,0.9898211347625768,0.9587133762342177,0.966122070996354,0.9580711574458344,0.9806726595274973,0.9612433716129942,0.9604119220324996,0.9950174966918308,0.9802839181397849,0.9448631117084607,0.9504384339697104,0.9780552194453979,0.976016509413378,0.955445840830273,0.9708426739421402,0.9598959190200068,0.7767711994699639,0.9668430456452006,0.9663797696918731,0.8217003473657173,0.9702793297902265,0.9574720899427704,0.946853227363779,0.9447911532419936,0.5480238604453244,0.8741390130888572,0.7239857166358944,0.731865475534168
Coney Island-Sea Gate,0.8220548152435833,0.8125754295285273,0.9328156367410135,0.9743219608344059,0.970009271294877,0.965931626667423,0.9823097885652534,0.8772228277818943,0.8926480897367463,0.9647856462665363,0.9079761587100984,0.9209738092751926,0.9506642084524384,0.9458271132607233,0.9951737368398247,0.9137893090550283,0.8922806348024912,0.9871408166815987,0.8527771884619016,0.9964459259846092,0.9819755334276866,0.9660643666756542,0.8841083460526394,0.9895054411341019,0.9736614170083983,0.9936433710561001,0.9133795159280709,0.9538719987573356,0.9208362028117331,0.9758061205834405,0.991755671134875,0.955007385574596,1.0000000000000002,0.9368796030924337,0.9661963931541233,0.9834312551485529,0.9887391454117935,0.8805580500339781,0.8318697966955542,0.9004981852694112,0.915535022615428,0.9890065294976204,0.9730357372376551,0.8857386733835351,0.9896139776757118,0.9298252730436194,0.9633909634495775,0.9419087653751304,0.9909620132647657,0.9551778855342041,0.9593663975673358,0.9585208476339023,0.9653076137027272,0.961420674308732,0.9558990303557678,0.9735970637867291,0.9714287880862462,0.9439983936563796,0.9433247305720686,0.952039183231624,0.9535708972311947,0.7922120017943882,0.9672162523160275,0.9492288868903275,0.9871127203542255,0.9549543483923909,0.8677726343347925,0.9018475973625568,0.8323057370496886,0.8876707326360217,0.9350350062260695,0.9155473870129546,0.9611410323992755,0.9304999701422376,0.9641924564661568,0.988282984915246,0.962781102356166,0.9554675151902002,0.8965426290159969,0.969693310771411,0.9765956414849781,0.9539807291885446,0.9623224081643088,0.9649079671442478,0.9857182696546714,0.8397124324131736,0.9577446455080241,0.942908583182075,0.9608964696038672,0.9897341523268837,0.9414267278053535,0.9245001119776515,0.9568712311886259,0.9152782126968365,0.9709030127890348,0.9526861444694438,0.9503455763194829,0.9339119166941915,0.9557933339375444,0.9586701562162177,0.9336624702949832,0.9670503377060317,0.9367297922451464,0.9542581845081272,0.9150802389824736,0.9140445277797685,0.9582456566251351,0.939244794181605,0.711575094052577,0.9363790387894156,0.9396346654417785,0.9815064050050154,0.9553404102865841,0.9343757289087744,0.9713789047117279,0.9626343967969526,0.9444596456066321,0.9246966119024544,0.9405398920784511,0.982321153881784,0.9577839767013023,0.932707987643886,0.9512546655133048,0.9453712035577183,0.9388042521762988,0.9927113839707272,0.9462395686819568,0.873196800725569,0.6135936894450712,0.8243325098135077,0.9536866745773692,0.9501176490129051,0.8918207718229758,0.9418859668461634,0.9262721889882783,0.9482887055498784,0.9194331610830953,0.9623854520698398,0.9764619726739086,0.9333786608397034,0.9582719173614948,0.9240012349724835,0.9430730632990214,0.9527461105255565,0.9568284853651465,0.9292195149388,0.9632467015234035,0.8681052656719295,0.9475745977831579,0.9720225450218185,0.8647513561404696,0.9791500843990192,0.9187705847353242,0.9042305207283934,0.9385511685291933,0.9545188319774072,0.9806533423269699,0.9259840695890623,0.9469155273257724,0.8952015971386247,0.9764472427543399,0.9395773156493298,0.9529324869605335,0.9789612325153865,0.921798201267377,0.9239698284700925,0.9458408769466464,0.8482812659429044,0.9087248407490024,0.98007574990227,0.9967889512323459,0.9635823074407787,0.8449707729883129,0.9029654905529143,0.946834148003729,0.9829177511283996,0.9636038406062127,0.9675911361982967,0.8468447124474068,0.8353357538350152,0.9843110148877954,0.8959377528086443,0.8428937347082348,0.9682301012228486,0.9625488653143054,0.641430051982846,0.9656877010994832,0.9600345186719436,0.7160601799606496,0.8645758900698997,0.9866837281862019,0.9635301714923438,0.8382053249236181,0.5197323888712133,0.9439653663145661,0.8041684802983144,0.6477178855777894
Prospect Lefferts Gardens-Wingate,0.8085338915271105,0.9029532598149924,0.9913682884649867,0.9709625695087474,0.9703350414491474,0.9008529782542739,0.9708349080310116,0.8579179060184435,0.9781762258242023,0.8866007577857932,0.9861480771069557,0.9274462676262226,0.9695563818947895,0.9361781005627402,0.9315006275016244,0.9859643699632723,0.9679350671178669,0.9777891555358695,0.8750027674560362,0.9451744480653987,0.9766326986671873,0.9522636762902635,0.9880699636280168,0.956573298156946,0.9552832791875291,0.9586968605737012,0.8323375854461048,0.9807928212766999,0.9979329147851048,0.9375748395092519,0.9728166971874542,0.9547667222496957,0.9368796030924337,1.0,0.9593653806485183,0.9494113694215751,0.9541970177749005,0.9190444762530899,0.8856115031525845,0.9420604787393867,0.9891899014976332,0.9748818079527262,0.9600447077232691,0.960208817879918,0.9604665855206247,0.9933546813908571,0.9593963945637458,0.9816481421052647,0.9670253740647071,0.9617979897664746,0.9894208913096677,0.9507134532833976,0.9911328272937178,0.9449888424032862,0.9575132642285492,0.9372345151158114,0.9640006515336204,0.960288658195806,0.9966549260857778,0.9377568082563504,0.9874537539826241,0.9201016742274852,0.9377909017835891,0.9963786623290131,0.9511239193563229,0.9829026513443196,0.935234854223539,0.9910427883855133,0.7948730371373876,0.9687114584219912,0.9443456396154342,0.9088671704212724,0.9375677850180734,0.9697023313513516,0.9366604522482725,0.9638425855659881,0.9378308751007339,0.96658592205614,0.9407812206549137,0.9602410851339915,0.9791667411597184,0.9731796180084099,0.9909914997804509,0.9673128471046835,0.9533884803875201,0.9492678195553605,0.955900113219325,0.9483104038678226,0.976175139664877,0.9361415364177034,0.9540990558244947,0.9641441217486406,0.9366879155678538,0.9448176595505722,0.9375779664364268,0.9515449063998046,0.9511201027292986,0.9311637724071353,0.977385639322463,0.9387234296672904,0.9290768936276599,0.9430941358416026,0.9976785871613914,0.9520747042635634,0.9664642041081454,0.9185701454143163,0.9719313014643165,0.9332617260413169,0.8562892452003974,0.9289854619609574,0.9325528005643894,0.9460500468956965,0.9825060415561582,0.9455521892284211,0.9397637135861631,0.9648457891198929,0.9348193592228686,0.92365527024391,0.9465078059980703,0.9474109772090212,0.9825734269740882,0.9361814544934626,0.9355021990885424,0.984078470771282,0.9337562166338403,0.9524372673295406,0.9362391829912978,0.9572360427130137,0.8166600839127308,0.9482903859798246,0.980682945453399,0.9362901253549549,0.9034867151973395,0.9428183977056599,0.9287182350930153,0.9574636284698955,0.9218741477878658,0.9735039576662069,0.9449254875498909,0.931098739832442,0.9509958918266785,0.9247115750727031,0.9561087815763434,0.9376480484623289,0.9351135225016641,0.9295774369315166,0.9672134227150132,0.927494686123582,0.9760706498745803,0.9386466180089277,0.8981038315085524,0.9629787192983824,0.9212848323287102,0.9146925210331841,0.9313672801455923,0.9384950491278072,0.9361632357383524,0.922546020061532,0.9361481349868478,0.8978806801779201,0.9403253434688578,0.9288164873604117,0.9454206548269083,0.9546405101328965,0.9256783112544877,0.9788143130671271,0.9559032222720713,0.9507060290414135,0.9805908806284858,0.9683044406250552,0.951378043434691,0.9503191870583514,0.921272827699941,0.9512104630039059,0.9431966917665381,0.9651584860565805,0.9561380019570749,0.9388909374593765,0.8928359077665916,0.9098781777717307,0.9469157729398142,0.9728904468497108,0.9304656880027202,0.9325635677812126,0.9607248426765057,0.7888009384747454,0.9767754595146074,0.9283502196564478,0.8890157914235375,0.9390627312416449,0.9403938480334415,0.9712208439027736,0.8993056322765036,0.6970573074061114,0.9014503754895492,0.7328987567696245,0.8117561233630289
Tottenville-Charleston,0.7550521640763106,0.810733431941296,0.9515587033349613,0.9878007249602321,0.9350444111455439,0.9066637396013338,0.9482033594092079,0.7841792054517981,0.889914382019364,0.8786699727790941,0.9067795891462913,0.8502791838077187,0.9749784703615973,0.9689637069990517,0.9565449148018527,0.9478306836383458,0.8896560138609444,0.9725304354105225,0.7863281257161163,0.9675614923755834,0.9938564734664134,0.9920407290027171,0.9115899521065365,0.9493725008463042,0.9251756032314209,0.9791520266647964,0.7920840910696927,0.9832721181128298,0.9507395687230242,0.993831850124965,0.983160046220677,0.9778299652222872,0.9661963931541233,0.9593653806485183,1.0,0.9292723194954039,0.9871554390268532,0.9334115947345099,0.8179182099123571,0.9610010250751563,0.9202426914089918,0.9843567397339639,0.9988114130296343,0.9283409255918671,0.9555670294038212,0.9697556909531967,0.9994643921409245,0.9910337477552059,0.9601354250507177,0.9957806107407927,0.9851966075786105,0.9974158256519203,0.9820513786451784,0.9973908507649508,0.9980518244738064,0.9920295643253292,0.9981288723203586,0.9957807412009247,0.9681562168436737,0.9970160533326945,0.9887133533863276,0.8600833265311754,0.9952842086480217,0.9760359906004934,0.9892862064898877,0.9936377010851012,0.9135140675053678,0.9372273265903904,0.731725561288194,0.9452373330615003,0.9931075762400963,0.9694315479553175,0.9942136761616126,0.990660272223136,0.9944852202284334,0.9910007341848079,0.995667890830476,0.9979569184227007,0.9621402417467371,0.9984335537888899,0.9612099819268238,0.9907648484707033,0.9855219239605401,0.9995053953405596,0.9948489669296035,0.8895560586767546,0.9979088831691354,0.9960618934393791,0.9941925563200924,0.9888139784725163,0.9957198154988103,0.9791138431067025,0.9957502303399051,0.9834797572135816,0.9938308146908449,0.9981591746264545,0.9981967997113436,0.9917360904349481,0.9952972264780688,0.9965013751828253,0.9898625870682256,0.9693458259893899,0.9619585101385452,0.9985335072179451,0.8799761076317292,0.9804692117422313,0.9970669029071766,0.9933066330550059,0.7929393636885776,0.989379500330221,0.9928221673583286,0.9944778644515465,0.9906069161144683,0.9941145055066478,0.9961381550450158,0.9959435721013509,0.9947915616799518,0.9851033809241225,0.9939043329631106,0.9959327946756906,0.9413416164543743,0.9908024723093136,0.9952159749332635,0.924411989882024,0.9942048576716239,0.9833421343384701,0.9958076461284899,0.9205178260253694,0.6797688817852562,0.9005582447537338,0.956066427848137,0.99539667217543,0.966026383273731,0.9945332804488249,0.9900785934928704,0.9978269474345101,0.983259040422795,0.9920094282778315,0.9929039673012219,0.9918148112187847,0.9957854667377614,0.9856466438761093,0.9968812483523471,0.9967150031785457,0.9931292721971028,0.9904704941219342,0.9243123028045342,0.9552134586615677,0.9912032503457027,0.9948323989847111,0.7864465551658016,0.9634108687397104,0.9830598342472874,0.9770500849413273,0.9918710224114463,0.9973513756147356,0.9903356070672901,0.9832500927533953,0.9954785051075467,0.9592329708811645,0.9958981528513625,0.9888269047036987,0.997955385131113,0.996737071422969,0.9873042469896978,0.9235296977385096,0.9950647308378678,0.9166172536669122,0.9731481074973596,0.9940686079060573,0.9798038380329336,0.9928321203122797,0.915082791598527,0.9717183297741794,0.9961783648358479,0.9896071229319416,0.9913551073490315,0.9966512910908455,0.943401561603503,0.9006094331178232,0.9941568379003897,0.9498274735255271,0.9218222687301033,0.9873354199735281,0.9967002739691387,0.6605223074610982,0.9667400329334488,0.9858725805896777,0.7611112874471192,0.9420393822646496,0.9845245571855809,0.9873780425396251,0.9288140744607647,0.5011019970808669,0.8929434706731115,0.7312455400221101,0.6777535200018383
Melrose,0.8577927540023174,0.8605945661506109,0.9452141897327815,0.9548489743240594,0.9904515826398643,0.9684751058277519,0.9956133660886891,0.9318731051302701,0.9374500007818553,0.9804063821251161,0.9480861374125951,0.972755531432293,0.9362332050061326,0.9157402672420357,0.9817234304127052,0.9223500323521764,0.9319357347453194,0.9861972576200035,0.9101789026731336,0.9824008275723678,0.9630853413115918,0.930838097796822,0.915621178460381,0.9958447671187688,0.9931560314274952,0.977188649123651,0.954676379957774,0.9397748534790636,0.935279201062893,0.9329489356875031,0.9808030747796638,0.9303179046521786,0.9834312551485529,0.9494113694215751,0.9292723194954039,1.0,0.9621160734978238,0.8556965810266729,0.866117190664468,0.8715976654640561,0.9480587536852837,0.9773066409950906,0.9392441544143155,0.8893354886322381,0.9920994869056207,0.9286492217905911,0.9267745237456269,0.9200992093953563,0.9949330312000583,0.9209632860625527,0.9508861612343136,0.9171626632622019,0.960582945445366,0.9175169985127448,0.9181577676127972,0.9316491249749502,0.9389186164540668,0.9068574772153577,0.9475873734539368,0.9023952396194,0.9397389254929996,0.809167253875306,0.9219605787979428,0.9492879851944523,0.9587064488348086,0.9344297011244814,0.8665842376722109,0.9191170349215441,0.8780245169642861,0.8832025247537743,0.8892501017674346,0.8638687193728466,0.9156977587028136,0.9001793766368505,0.9183407943814985,0.9659609772129876,0.9167643677990688,0.9227752962752942,0.8657256711762803,0.9344372238942956,0.9821113253983647,0.9305005014596978,0.9547849280827275,0.9326232993342768,0.9537115909572818,0.8600962858451441,0.9179267991639581,0.898699832296123,0.9362679514350205,0.9532716780111481,0.8998437245274071,0.8995711449453028,0.9081713000204721,0.8732065747540113,0.9281575199771568,0.9105015665998871,0.9071734494578279,0.8815590308368206,0.9312792560865203,0.9119005217865573,0.8813168501770909,0.9419760316936006,0.9454004320032617,0.9119648191927555,0.9660990655634938,0.8592094370090863,0.9300009638071755,0.8879658273232648,0.7296164369419573,0.8850189306101908,0.8882294763466231,0.9449248223767174,0.937678206110968,0.8879856670810214,0.9280028928318986,0.9325179851649994,0.8935900572176236,0.8709879956015721,0.8968173725758434,0.9448201605270204,0.9771481331585499,0.8836148783771656,0.9011041012097505,0.9774349706497371,0.8865344812333785,0.9696010657581634,0.8957336834448448,0.8802663907498433,0.6765998245999826,0.8318401132379262,0.9585664397741522,0.9010742034267236,0.8353141121303885,0.8954457290340845,0.8720238644331871,0.9081478572581368,0.865685475496368,0.9402733194674022,0.9398127815933479,0.880712714316981,0.9195024797964174,0.8711235250548598,0.9019614609409504,0.9036578197591307,0.9105261908022874,0.8760273915089459,0.9902341239730061,0.8291942533551229,0.922401001729366,0.929267504801108,0.9392231577957433,0.973206579108691,0.864247988991873,0.8481093741468493,0.8867998380292,0.9053980145412148,0.9419401381317639,0.8739700489598257,0.896993344615225,0.8414255065885143,0.9339253223212547,0.8891780828641486,0.9070491729339494,0.9436845288124274,0.8672249107113587,0.9471117208222111,0.9078709410599672,0.8512573864503595,0.8926291495935925,0.955955460147314,0.9769762581814486,0.9283932363704149,0.8300392134409725,0.8715904602268285,0.8992959302369886,0.9618706707239626,0.9302283293070379,0.9213841252030947,0.7939369575433481,0.8238025860022578,0.948973044224432,0.8917876050181426,0.8273354231761111,0.9282299914367003,0.9285863999892047,0.7070794202995653,0.967176235296194,0.912672391057892,0.7776001226002427,0.8406319919052984,0.9566096767888522,0.9422790395529183,0.7994327093181238,0.6394159056922316,0.9578164298920896,0.8060905882451275,0.7206278186049034
Highbridge,0.8171762088352643,0.8217832807626372,0.9514641348960788,0.9891284968855675,0.9638635734277574,0.9439280181776967,0.9738236379038085,0.8479885989969056,0.9031679615116566,0.9318848509190513,0.9144003403350935,0.9007292922404541,0.9683954438202761,0.963359136673824,0.9842201874564441,0.938911755100322,0.8999038123138325,0.9884284749877389,0.8396028337077879,0.9906596835237177,0.9926692062380765,0.9862018358215511,0.9100377302156923,0.9740205305327847,0.9643873424333239,0.9975523716004013,0.8670224328079963,0.9753153430498565,0.9443813629245233,0.9898789978952207,0.9939077278381251,0.9735704718356096,0.9887391454117935,0.9541970177749005,0.9871554390268532,0.9621160734978238,1.0,0.9112992989486193,0.8455501103468539,0.9326514620076666,0.9263474346455163,0.9953966607476311,0.9880599569401608,0.9140120995831117,0.9836764818439011,0.9571389942353475,0.983059020118534,0.970358943168691,0.9810801545732853,0.978894758925839,0.972785287783128,0.9817344908009498,0.9798449837740667,0.9822159169544524,0.9767337373807333,0.9862442751207822,0.9932120153017897,0.9717808231463027,0.9651011564168787,0.9765402579151233,0.9728861735905046,0.8239018903152487,0.9842535879161027,0.9672953409073334,0.9890695491227169,0.978397067840804,0.8890371674648482,0.9283894429657598,0.8228718514623427,0.9231336998700207,0.964123222255301,0.9436119364727124,0.9779926375617912,0.961934911090671,0.9821521291124712,0.9917196844964794,0.979877425080038,0.9775129949823884,0.9282440909838335,0.9924768561556806,0.98350724953797,0.9738538393867434,0.9761684714659598,0.9868325972520768,0.9928380649565327,0.8616838439688702,0.9859615956847113,0.9692393702995672,0.9866473514863028,0.9918468421474422,0.9723781440873055,0.9501945914251535,0.9809192677534894,0.9505154512593503,0.9814486418140891,0.9761814836902302,0.9763815702237097,0.961471828705427,0.9780390656711104,0.9765645538066604,0.9618260707141344,0.9884196674090372,0.957324328707926,0.9794151634841463,0.9061217516711717,0.9464779640115453,0.9780951482587045,0.9648308523338037,0.7422783084758174,0.9624979035121938,0.9659161898215176,0.9892599828206645,0.9736295592365998,0.9661519865112482,0.9835191631331855,0.9771104665789838,0.9703515002261178,0.9559039501828301,0.9656208627358143,0.9938877601899927,0.9638150751107031,0.9614534344865141,0.978000953464003,0.9442263812084836,0.9675405091844484,0.9967227334112605,0.971615864259133,0.8954012513982206,0.6448292448046327,0.8615201450915978,0.9744336277009173,0.9718987110258871,0.9273207660583666,0.9685058635926861,0.957958711110864,0.9778425796315303,0.9490106164494225,0.9753792917520564,0.9833437323695197,0.9617965284615805,0.9743727284373594,0.9514299251103275,0.9741367172778066,0.9755490578584686,0.9730323976269959,0.9582290764309929,0.9475906028041119,0.9104650238640627,0.9790907883884432,0.9827703563714663,0.8376291916339638,0.9899751130291375,0.9510615032126758,0.9383568934679111,0.9660133932599189,0.9785963296796786,0.9840738786872523,0.9524593199705996,0.9705553777846977,0.9264070678209602,0.9893621553276163,0.9640957550157155,0.9779843111803299,0.9962933573519122,0.9536551397686506,0.9444131550824418,0.9678255995887246,0.8712442171289528,0.9504349826842712,0.9912324615632347,0.9949357657835011,0.97236028902045,0.8767307001349905,0.9378057578581429,0.9766843170554482,0.9855276204482557,0.986953592174184,0.9880642112468613,0.8876834958977989,0.8620303013322632,0.9908973146426586,0.9304018831091596,0.8798948643774479,0.9711684984037687,0.981626168120361,0.6612719420818723,0.9598706133543342,0.9894058477521857,0.7368431854061003,0.9103019775524898,0.981952917206645,0.9823982966015314,0.8732952096880999,0.48638144800905997,0.9000326512592911,0.8198105661125611,0.6381688462143901
Brooklyn Heights,0.8401434987774636,0.9153212176803817,0.9521380313530369,0.9590876312494431,0.8974214656022684,0.9002467591341599,0.892088797705514,0.8067906032421173,0.8877641266685401,0.8347472504014827,0.8942049191579291,0.7806547605277586,0.9808489022405019,0.9847699242406072,0.9017556842766812,0.9648824569397785,0.9233447061574113,0.9173273024487844,0.8398703998631962,0.9093850620460673,0.9302081688258043,0.9629299278499501,0.8988415668221866,0.896066361015483,0.8567836832360063,0.9125875427882293,0.7338607978088374,0.9705578904162178,0.9293100831105311,0.9383799563793738,0.9118551605889421,0.9805897054357952,0.8805580500339781,0.9190444762530899,0.9334115947345099,0.8556965810266729,0.9112992989486193,1.0000000000000002,0.9188585504958776,0.9940876963721967,0.9159730041345868,0.9116687329601288,0.9391245980243748,0.9839945096358513,0.9008397105603574,0.9548384927027218,0.9293090863950193,0.9403191012268202,0.8977206872232182,0.9621580920541964,0.9184732206145255,0.9530445484904938,0.9478970569595923,0.9470398444488229,0.9414607480771194,0.883848170038722,0.9257759356979337,0.9536640544597134,0.9056401604585845,0.9312517336453514,0.9244165851576415,0.955654517463058,0.9442469513613682,0.9442065922807816,0.8900275721965872,0.9325987217235082,0.9886263016151288,0.942782846025125,0.6965603921038761,0.980999647832412,0.9512530351530052,0.9795993159323183,0.8948576469187157,0.9429771145542873,0.9483351007274268,0.9048378564490002,0.9427386866407317,0.9383795953810286,0.9898160413356125,0.9363643840241354,0.9043437742740036,0.9672814986495191,0.9205414745003678,0.9344976715758164,0.9257268901931582,0.957341155039758,0.9230449435292731,0.933747032108679,0.9196075574803404,0.9045370624590976,0.9520155938313253,0.9771999105425897,0.9458457099124444,0.9698949808291771,0.9376691046088046,0.9290520543823172,0.9371946332473448,0.9400121016227605,0.9509352092154882,0.9201014823257941,0.954078349816334,0.8613154946692672,0.90057254864369,0.923457252190177,0.8439998877042311,0.9630284527215829,0.9363317213757913,0.9359636044181981,0.9264900544981932,0.9570032388157922,0.9458918501666855,0.9316233148327933,0.9182667108374173,0.945232251224464,0.9271699253214273,0.921158556711346,0.9414323893997556,0.9621048280094978,0.9491951937616585,0.9121405302122496,0.8664274704066003,0.9550636542841348,0.9464996139743248,0.8637026171415628,0.9341929724795978,0.9262109312403085,0.9276547401664865,0.9774305870301415,0.8262325869341135,0.958605958785956,0.9203223773952425,0.9375516044083128,0.9715732681787305,0.9504444296027835,0.9390055220915067,0.9312573215321368,0.9579841057024162,0.9102674009714625,0.8961294946940056,0.940393180588666,0.9442307796941483,0.9518614487825682,0.9382982864836183,0.9339388341305495,0.9466331491093617,0.938223196151928,0.8355399953753612,0.9785218173283724,0.9196777872874345,0.9330248561103133,0.7688432149299302,0.8842031859456723,0.9617200509412359,0.959482519284892,0.9516108396508779,0.922390746830355,0.9266984960989605,0.963204120084998,0.928600004675889,0.9809233936950428,0.9071738636492017,0.9602171969293686,0.922778632219623,0.9282262601795439,0.9477899299170559,0.8582153618206593,0.9284495444694679,0.9488013633801633,0.9406637255275407,0.9473866289593131,0.8857071416022212,0.9216344722092763,0.9899357045091882,0.9822285662590664,0.9158867411817925,0.8989571973570907,0.9630512573882337,0.9359707969449885,0.9619533057429016,0.9865973736484401,0.9256576034710082,0.9794474678592064,0.9849848906611249,0.9281980191501908,0.9066473915944757,0.8383950490419625,0.9280129923485921,0.9126406026668836,0.8607091049971497,0.9887007496930591,0.8938438038089781,0.8831944027770988,0.9715209697565904,0.5664433185525852,0.8019494339366343,0.6153572485331943,0.7742068563437168
Williamsburg,0.9706624424676858,0.9858556963945246,0.9359688860401768,0.8946455237611013,0.9204748291274937,0.9136633083523711,0.895232089427376,0.9391777243053118,0.9338629177716183,0.8799468251840635,0.9201359229616476,0.8705658661630178,0.918723297808451,0.9060560001739223,0.8722457947125578,0.935746638946582,0.9634869553168942,0.8898199763721765,0.9722957841356962,0.8729229097960846,0.8532061512444231,0.8685460389920792,0.9077348692731679,0.8856599898439931,0.8885694257432664,0.8678085976514589,0.842606695946263,0.9043748630654516,0.9035365016869628,0.8289615129657141,0.8596348139920138,0.9086413731483804,0.8318697966955542,0.8856115031525845,0.8179182099123571,0.866117190664468,0.8455501103468539,0.9188585504958776,0.9999999999999998,0.8902847871043298,0.9327462661957977,0.8606979535084786,0.8296766807160099,0.949500183668004,0.895235628967506,0.9007585964233913,0.807032927884257,0.8387128263853818,0.8785925181617654,0.8515591705290465,0.8375743590854985,0.8327156826257683,0.8958211045411405,0.8218826573180349,0.812932375504477,0.761552225435943,0.8284308581398515,0.8278342038196339,0.8623575512554994,0.7886735311949854,0.8341328509120122,0.9149845372125115,0.8222947862413816,0.8900056461833111,0.7911768031684032,0.837031127478611,0.9322600176050131,0.9239685762424062,0.8629294599775051,0.9220471701252533,0.8067825484118637,0.8435046788776656,0.7545096506311478,0.8191114091134283,0.8249106698228379,0.818664608102952,0.8115870453190281,0.8178525424455134,0.8730390672909942,0.836244950446434,0.8986775803285848,0.8709300680651554,0.8464477798830041,0.8261158666100837,0.8274697778329334,0.9233239708315294,0.8072624497628228,0.7893741695299538,0.8298240544887444,0.8036409360563768,0.8227348138648597,0.8667671041967022,0.8167707707198231,0.8326812794974665,0.8126375600599762,0.7924834035762461,0.8024485317369532,0.7822673116737934,0.8495010986812486,0.776848531451762,0.8035420087269588,0.8071861176296535,0.8603266995259108,0.791075733428385,0.9036952861658502,0.80555119849289,0.8227483316058138,0.7804230967751891,0.8732921426489357,0.8093501552785942,0.7951935730595943,0.8237002522219373,0.8189412572610855,0.8015371760644019,0.7990744385015928,0.8000295069374893,0.7939504294421321,0.8120960160608354,0.8060089464134504,0.8059113501155912,0.8759015633500722,0.8068377689957814,0.8131811101960013,0.8853309396535582,0.7813203411825614,0.8662436914394761,0.7778358245024086,0.9272895929894901,0.8650722910093975,0.8944612124981872,0.9184825964751347,0.7910804318957003,0.8108137970328587,0.8082940840492169,0.7779489985895723,0.8040951398233834,0.7984350329348622,0.8012392990952854,0.7738982978567168,0.7831215432727935,0.8130001985355879,0.7906627680615796,0.8076782335852842,0.7907209058897989,0.8089561110324488,0.7767854162510035,0.8436825297120005,0.8379647209168973,0.8251959141035042,0.8074480517587016,0.8991290224221864,0.8680880952575045,0.8069826966036122,0.7935289465759872,0.8041261784295497,0.7812913371422869,0.8122017028145039,0.8111316593000207,0.7777537428827768,0.8348002158454216,0.7867021481998947,0.817347281798869,0.7842832885599995,0.8333180571704157,0.786277266004555,0.8796597966306904,0.7885684958042609,0.8555919353588185,0.8539503760055027,0.8644431858277942,0.8229033196548108,0.7892859469712232,0.8978325130091326,0.8624198988918848,0.7774315161226604,0.805297632841606,0.8751941119833093,0.8165205318372567,0.7839634717156296,0.8988954009447857,0.8209090399925496,0.9234249288755965,0.8861207095831327,0.7964803820587798,0.7859130489528718,0.9410173190977636,0.8661667687071442,0.8139974309015371,0.8973616579574736,0.8958609662382506,0.7875898198186858,0.7931228076522175,0.814822447374579,0.6725035078136461,0.7534930385313664,0.7168748872767042,0.7885952764270475
Windsor Terrace-South Slope,0.8018096864132498,0.8931185573845568,0.9614109162706778,0.9721315536477274,0.9061277757522509,0.8928982377561415,0.9063138750997974,0.7866784156209307,0.8961055946885446,0.8331214858319128,0.9067967719686159,0.7931499201119495,0.9875154607303402,0.9860765354542809,0.9111906097779641,0.972593565533761,0.9214086023602133,0.9339591502070953,0.8163120017543634,0.9219108248818725,0.9541325210883973,0.9771257770208057,0.9153888977455595,0.9083334543710757,0.8702177579441578,0.9298558881002115,0.7301272800306154,0.9835598225343165,0.9479682063091265,0.958074003468119,0.933900101626798,0.9860621289286133,0.9004981852694112,0.9420604787393867,0.9610010250751563,0.8715976654640561,0.9326514620076666,0.9940876963721967,0.8902847871043298,0.9999999999999998,0.9261617815668957,0.9342782056871701,0.9638366510083054,0.9819091116211386,0.912598959651425,0.9722827861032977,0.9591680123107919,0.9686884284281999,0.914231846931864,0.9821653558920083,0.948930592161143,0.9747817995305526,0.9656883428203703,0.9697995811112726,0.9690992111880331,0.9195831763786064,0.9527852850136732,0.9787093148121551,0.9337120747733293,0.9600049241957973,0.9552347114803649,0.9514966236884376,0.9651849775512428,0.9645911669516243,0.9219754349148691,0.961757260663268,0.9832572446993979,0.9550080341641785,0.6834778525721954,0.9872208582652188,0.9770052824606648,0.9880052365483644,0.9317426263719317,0.9725398049436951,0.9683178007711053,0.9335547759657243,0.9658757806563699,0.9673318203089016,0.999052288120438,0.9604805241061104,0.9203682260103085,0.9853863864022306,0.9495345288772368,0.9622481573177634,0.9495387245842427,0.9580749022057621,0.952941492641432,0.9646717071944432,0.9495683818144317,0.9298829928114818,0.9769696589833974,0.9936248487635861,0.9679860654329203,0.989794986370311,0.9603669973012429,0.9602274168230125,0.9660314138120494,0.9681146577656857,0.9753532219597131,0.9515757916456524,0.9767559604426471,0.8907183564149054,0.9293279725251569,0.9554579278309439,0.8566044446064418,0.9825032371624409,0.9654743788696228,0.9650362512335231,0.9161619504375029,0.9782177088293971,0.9713918972648897,0.9542310092042513,0.9512767174903746,0.9728158822514245,0.9537580231167038,0.9536441900223156,0.9679571902273737,0.9815244816093069,0.975460949532312,0.9399089115554461,0.8892603728360075,0.9786881729630525,0.969198896830265,0.8843073109891056,0.9635246057984709,0.9417266286798179,0.9584158050196436,0.978810235323712,0.8115793324557775,0.9659325088969566,0.9326709740698635,0.964936849637352,0.9860094767353674,0.9754834749954695,0.967685722294525,0.9617404567944324,0.9797579795399031,0.9448739570123406,0.9301277081843617,0.9683496262476267,0.9698856001991107,0.9760547462994767,0.9674539712051964,0.9619997345636022,0.9693375008113672,0.967205160808026,0.8611776209660407,0.9927932179810682,0.9508104653506518,0.9572753914941544,0.7678630247763714,0.9040330897130211,0.9816500306703935,0.9806646260029086,0.9748299089921302,0.953233238931958,0.949244399057773,0.982153892009815,0.9591840927455919,0.9884515133828309,0.9374790411939568,0.9795339910072345,0.9546380542382448,0.9517337047355052,0.9736101990982164,0.8804224295972166,0.9612237230319455,0.9643003091572867,0.9662084341347105,0.9663197337905942,0.9112813998602106,0.952507572325878,0.9888106084872887,0.9967335698472755,0.9492411477340179,0.9308243520348357,0.9769951597071115,0.9590040551848222,0.9795845541282878,0.9822288732214254,0.9492587183876435,0.9864695737125073,0.9889812993870815,0.9528215632862634,0.9421045061829961,0.8007963427811593,0.9478369254489707,0.9354370647507627,0.8552877116865949,0.9935601900387505,0.9233357756215544,0.9206700477594273,0.9832999719545139,0.5688661907077247,0.8298411303423833,0.6231555101319609,0.7736820037425568
Bushwick (East),0.8658982360719102,0.9506511093309864,0.9931546681810844,0.9539751303934505,0.9772790007671024,0.9139843100830407,0.9692544366145146,0.9081855573306113,0.9966686116978011,0.9011372869438302,0.9984614233876975,0.946352861857296,0.9606426870983766,0.9245402170727534,0.9213691119491418,0.9870640266993,0.9933195516191676,0.9668839225845072,0.9294294418514534,0.9318300345321944,0.9499630590666249,0.9263666807071159,0.9922185434345485,0.9534475254465673,0.957608213155733,0.9396949654922715,0.8614735957812347,0.9662037323699861,0.9919318255300437,0.9030122550108837,0.9520040459052975,0.9419949407323979,0.915535022615428,0.9891899014976332,0.9202426914089918,0.9480587536852837,0.9263474346455163,0.9159730041345868,0.9327462661957977,0.9261617815668957,1.0,0.9531567340043985,0.9251825796023216,0.9676544153928884,0.9559298773362952,0.9807821062339391,0.9182827818876,0.9489184147682379,0.9587744631546588,0.9308326453084524,0.9615518218808727,0.9147113702752714,0.9768901482611635,0.9068395993242437,0.9177774501572911,0.8883629376381592,0.9276978743382169,0.9230969586890015,0.9772092003302919,0.8911680474668584,0.9565374793651851,0.9351973990204178,0.9007597747722741,0.981902356437423,0.9125300856103111,0.950239443861792,0.943165290788219,0.9921854995584282,0.8344182496298035,0.9644601262937527,0.9021687002044599,0.8796964929858375,0.8857063199226857,0.9315418022620146,0.9001779780780972,0.9311934190933997,0.8983205684636533,0.9281115609100007,0.9208007928841676,0.9252263602823821,0.9719846072460555,0.9492094129321696,0.9649819933944332,0.9302969022567418,0.9204478353998031,0.961935812034092,0.9131856998626137,0.9022364613461629,0.9409009705046494,0.8997359602502721,0.9148060565251042,0.9406696206641219,0.896735247100641,0.909643127891849,0.9001860807477489,0.9063577642035536,0.9075764378689666,0.883609998625753,0.9471083501812335,0.8911107989262432,0.8865337963074319,0.9085490712073037,0.9797079826307563,0.9061172482698688,0.9844639234221114,0.8775538545335391,0.9354966285697603,0.885401883313401,0.8769985159638166,0.8883055043825393,0.8879314131580274,0.9119141130788148,0.9477065400102753,0.9013974016685355,0.8984845607473385,0.9244791811939052,0.889578644317941,0.8833638699868771,0.9049212812598494,0.9081204338002785,0.9758163454863503,0.8943294186102424,0.8942549406447841,0.9855005961123776,0.8851837132343608,0.9317204338732286,0.8873021378813377,0.9630115586401333,0.8630388698551683,0.9483180503737618,0.9763319129675712,0.8912108760585014,0.8660928465458824,0.9010633003555318,0.8796267906677022,0.9138866582577797,0.8793137393501416,0.9351328871360501,0.9002202432149173,0.8835231465024136,0.9126125793298777,0.8803873573856282,0.9132050503639425,0.8919675489638768,0.895775753760501,0.8807495541881086,0.9617458787278628,0.8986026523899339,0.9392983182836352,0.8998338302928832,0.9402289509939491,0.9467683475044338,0.8800546334440236,0.8713599334968866,0.8886747810314521,0.8902823013875494,0.9010469338204489,0.883519155299671,0.8876595150231024,0.8682811427691407,0.8961585801212635,0.8904008611873967,0.8978238666480136,0.9203243279003136,0.8790095559743244,0.9742218042837646,0.9112041698644974,0.9411138342567568,0.9529904373992357,0.9436299525716606,0.923111159634056,0.9089676439229051,0.9182458991321815,0.926135980875955,0.8933750502869551,0.9301497427350571,0.9313681850618906,0.899492520929254,0.8537834454175008,0.9114629267480074,0.9125217689619998,0.9681412790587697,0.9223449397518712,0.8947143534600761,0.9157857667816244,0.8582303162042056,0.9637339970340253,0.8887008220760892,0.9268894970746593,0.9262640134964649,0.9032381101996845,0.9307803605763143,0.8725104841415792,0.7555853891881487,0.8873246997762929,0.7316229965707265,0.8502939428271397
Crotona Park East,0.8232881901377271,0.8504001652953177,0.9686903270407352,0.9903299315268164,0.9796371980107543,0.9473993734353983,0.987848818538591,0.8692317854511616,0.9338425193249081,0.9392875091291765,0.9454665387580448,0.9279468007779247,0.9733485929019826,0.9589998174615852,0.9832308633881233,0.9556674547954161,0.9278727939195978,0.9971084231946319,0.8630454044986181,0.9905651172668075,0.9967989421561798,0.9806561183795748,0.9373301864009653,0.9852815488434932,0.977404109911929,0.9970577956522348,0.882025906292025,0.9812400207684503,0.9650371932700725,0.9811381811383826,0.9994437650186009,0.972161044110429,0.9890065294976204,0.9748818079527262,0.9843567397339639,0.9773066409950906,0.9953966607476311,0.9116687329601288,0.8606979535084786,0.9342782056871701,0.9531567340043985,1.0,0.9866973596330691,0.9279337679349032,0.9906834549789869,0.9709499637312792,0.981901247070601,0.9769759359836072,0.9921108023923744,0.9774447631519598,0.9861076925243809,0.9764094535423389,0.9904723541798854,0.9758073287369651,0.9760064335387613,0.9805789582665929,0.9902220864775505,0.9709653495774789,0.980903510742238,0.9688831043202278,0.9837187866195166,0.8498922783424934,0.9761257071805435,0.9821967186966968,0.9898237889484219,0.9848402564750118,0.9037191579529196,0.9499840119383904,0.8289638977160421,0.9353534088293645,0.9600661110304226,0.9332646019081338,0.9731935589138065,0.9661653946105897,0.973854611586827,0.9948933003614454,0.9730107108235815,0.979219128135126,0.9309554446725381,0.9878694967729984,0.992817889854051,0.9783232857511495,0.9888653497027475,0.9863467986229403,0.9906697588932325,0.8891975980924174,0.9806949295251167,0.9663731943053243,0.9884382586454394,0.986542552875592,0.9685938072964659,0.9563783744172778,0.9713537900950716,0.9480367997218216,0.9760589902484189,0.9733686613031621,0.9724016302384175,0.9547460319259203,0.9825653461537952,0.9714191405206329,0.9537055389931904,0.9822619681707301,0.9760939329212177,0.9755919426987933,0.9391031363168605,0.9377666825315869,0.9820203863569378,0.9585280721298494,0.7716963540196833,0.9546371658814146,0.9585667848403115,0.9853784230565936,0.9831727029765222,0.961362594495746,0.9781522013080778,0.9810493660492727,0.9627511669768074,0.9465778649515926,0.9630260430593304,0.9887272660864524,0.98111741902722,0.9555050663694031,0.968090947573576,0.9695049943663173,0.9598215215168273,0.9940017274977074,0.9647126371732594,0.9154379009178039,0.6915615450655448,0.8844948200243324,0.9823431760292356,0.9656148636312228,0.9179580670658561,0.9634658426320805,0.9503046942498553,0.9746853637649248,0.9416175882567671,0.9833164063961963,0.9821455758037866,0.954707644043483,0.9734549652942803,0.9450745949519724,0.9709228169452817,0.9685190683701106,0.967317885782985,0.951548675408758,0.9715446593533502,0.9112548705028781,0.9813247809125559,0.9774511899179308,0.8751933392876354,0.9919047101626075,0.9420301680656823,0.9303005010051301,0.9577406164213828,0.9710118299794565,0.979848499470751,0.9450200816992341,0.9643716989683334,0.91639465579346,0.9829873783480292,0.9560791888033672,0.9724904497381565,0.9906304279803516,0.9458876953370677,0.9621029486566566,0.9691552736060038,0.8966222501526518,0.9584872621484198,0.9924201757021297,0.9953283772854458,0.9745651671854545,0.8874096359480568,0.9405732230993746,0.969722329313477,0.9912592865180422,0.9815285134186771,0.9785407444372518,0.88470536944063,0.8746571942059135,0.9873573204938975,0.9422742243250523,0.8913320303686828,0.96945928623652,0.9821879470340692,0.6973191369893271,0.9777816892501285,0.9744035675630124,0.7830402019608195,0.9135168775492116,0.983002779203883,0.9868905465667874,0.8776347787624704,0.5651827466911483,0.9251923407152294,0.8026598654082058,0.6982907130095024
Grasmere-Arrochar-South Beach-Dongan Hills,0.7708948607832538,0.8237368292305042,0.955145036488862,0.9912586553185924,0.9431387706543342,0.9224968009943021,0.9557833646423676,0.8024586978213577,0.8945852395618366,0.8943734985808576,0.9121269825858647,0.8587649865043999,0.9800791805701494,0.9752337732710813,0.9656959121418515,0.9507247532695074,0.8982926405664248,0.9775993152840957,0.8019842526329358,0.974898413980045,0.9957661161850898,0.9941267805837187,0.9109409885731258,0.959555249184518,0.9316997681212438,0.9828756187016227,0.8095424126992183,0.9857350416038305,0.9508725372471406,0.9958572172851388,0.9869243359936536,0.9826776830880911,0.9730357372376551,0.9600447077232691,0.9988114130296343,0.9392441544143155,0.9880599569401608,0.9391245980243748,0.8296766807160099,0.9638366510083054,0.9251825796023216,0.9866973596330691,1.0,0.9333029414038001,0.9627817125306721,0.9697339319409363,0.9983568331911743,0.9883200569184075,0.967935411907373,0.9963151063262333,0.9856103957226615,0.9974021238163214,0.9847440265286374,0.9977064895521639,0.9976766587167903,0.9901053693594947,0.9961342262843403,0.994351961041316,0.9658768949045644,0.9949792754613005,0.9875965295072542,0.8661452610291793,0.996763147970488,0.9776012764540816,0.9911860306739192,0.9916848138093091,0.9221923546645641,0.9384259788142277,0.7387957067968107,0.9465888016501842,0.9914205250711122,0.9722667474638557,0.9917271299048355,0.987388942630181,0.9960732522901227,0.9934033630258842,0.9969651363065257,0.9968462967267848,0.9646936727181585,0.9970284544441383,0.9641440573425035,0.9930652720062252,0.9859448635540081,0.9980365641471257,0.997728700979747,0.8966708349161215,0.9937900696002848,0.9935662311744841,0.9905318862449389,0.9920908690241208,0.9932584914380403,0.9811975278037204,0.9951645013972037,0.9819794679196525,0.9968615646177443,0.9960044485218488,0.9959306664721964,0.9898398753332183,0.9951914473673485,0.9956104798831945,0.9890845220560539,0.9642201428587681,0.959977413487951,0.9953835972916811,0.8878502383544727,0.9797793643899073,0.9964571521535206,0.9915735633786057,0.80165531005316,0.9895092600573785,0.9917354124935795,0.997752156512589,0.9892470859207103,0.9910271418520755,0.9976439136143758,0.9959032899722138,0.9933200674436422,0.9843927766832953,0.9932155912688754,0.9963270855338837,0.9425603876223303,0.9897751528490428,0.993887816086057,0.9286059100115777,0.9912969599652426,0.9879710660767218,0.9932821487674564,0.9272843706432085,0.6873359440213538,0.9023884522863651,0.9563086683746159,0.9948262006599128,0.9661261709552221,0.9934880620432774,0.9869453897611494,0.993929829938607,0.9828287369835554,0.9916612536791646,0.9936150418923031,0.9896813920387736,0.9973212234518924,0.9851988403877769,0.993161586714313,0.9954424393527681,0.9951950118604704,0.9880668514576392,0.9309076280284636,0.9540807680192548,0.9859275892947955,0.9973455917183225,0.8002568053708202,0.9635616229380712,0.9821243704612447,0.975780701623625,0.9909653759271556,0.9946915041556564,0.9949134077265044,0.984213949972014,0.9935867734937269,0.9619275383005572,0.995542669278549,0.9897591967921889,0.9948980627585506,0.9965386599952639,0.9850410219705915,0.9207112391967213,0.9934391633434022,0.9210361293209168,0.9674280083148905,0.997338943816187,0.9831381117795401,0.99495884663604,0.920658134978328,0.9719727413433773,0.9912028726581146,0.9918310835459059,0.992453128285372,0.996297152712145,0.9424792779914524,0.908481763500741,0.9973151607937304,0.9510431282334223,0.9248378309032516,0.9923773434333195,0.9940589365643421,0.6742349971313493,0.9751709831324425,0.9816549448690137,0.7690383543255023,0.9413832963608622,0.9892206701281472,0.983322075132953,0.931245972104923,0.5194475704758511,0.9081680800544364,0.7246643926073333,0.6938227061774268
Fort Greene,0.8654600560636067,0.9588559297508075,0.9848367362813,0.9617208179181728,0.9346712503511856,0.9036323467098979,0.9246587262868756,0.8554606864768782,0.9516850488818991,0.8545827884703899,0.9537843577011292,0.8508957937160498,0.9831702914861314,0.9676576608897872,0.9036726436498947,0.9930775598604064,0.9729052298468838,0.9390969618952582,0.8925882394392454,0.9139610436630098,0.9391886688074598,0.9510886849457569,0.9581035976840946,0.9173672927874893,0.8975756116825218,0.9209079831548862,0.7770150966591335,0.9789573037453337,0.9712925942082318,0.9209941441361693,0.9267658388184111,0.9726446252470797,0.8857386733835351,0.960208817879918,0.9283409255918671,0.8893354886322381,0.9140120995831117,0.9839945096358513,0.949500183668004,0.9819091116211386,0.9676544153928884,0.9279337679349032,0.9333029414038001,0.9999999999999999,0.9223888606150784,0.9804793124427131,0.9248877014437865,0.9519757680144373,0.9211008225610137,0.9544367130427444,0.9410472330959038,0.9395154672201018,0.9677791470323783,0.9308918421948306,0.9336409485688902,0.8779921132932226,0.9267880560443039,0.9466087751405543,0.9444239815840746,0.9139125218837012,0.943406538818044,0.9794532309846758,0.9249112696387212,0.9705869331967046,0.8921309655899701,0.945436926781484,0.9924081695918503,0.9834412572804265,0.7547350724285357,0.9960522775687398,0.9354197846598622,0.9454956891784875,0.885610031959516,0.9463080800200889,0.9277670802995899,0.9114822731123543,0.9231848062090655,0.9372195668733702,0.9767088821124388,0.9326894087738644,0.9356496771505171,0.9674162831314935,0.9438541696003748,0.9345896232403232,0.9199578866973187,0.9864590182685322,0.9197082569735816,0.9226800747847368,0.9315367054362296,0.8945974946697385,0.9418092147994259,0.9741163472454194,0.9257612172156183,0.9549386401444463,0.9193206179237214,0.9202115657731119,0.9266845829580421,0.9184239705222991,0.9554567121580134,0.905196006920929,0.9292971319071756,0.8765389864545391,0.9434111919162207,0.9163852366298804,0.9126065687618199,0.9336712909271363,0.939244680209263,0.9158092388358735,0.9428253950383835,0.931625709733144,0.9236457086151544,0.9199253831107747,0.9343699283582545,0.9313810977384088,0.9115733597457464,0.9225833165031679,0.9208816691426986,0.9344756535328983,0.9344274907817218,0.9054327175084357,0.9160757816904327,0.9341543921652906,0.925859192351472,0.9209903164582144,0.9148523680438425,0.9255444967489963,0.9103942809736846,0.9946138839743043,0.8874000622296178,0.9829846973480314,0.9527065301882509,0.9180940947066152,0.9369167403826028,0.9331714264930079,0.9170872429671044,0.9267238908612672,0.9302452929897977,0.9211350656400149,0.891272707101195,0.9187701373845485,0.9321025182481468,0.9259430033618556,0.9317843740527363,0.9158488697816235,0.9251536911288887,0.9165315908547422,0.8866156582106962,0.9625406222844263,0.9330646053571768,0.9159447367660498,0.8491505803900742,0.9092643431814125,0.9334159047023434,0.9296383888212338,0.9280511121411905,0.9073118834753394,0.9109035569585073,0.9347511962880329,0.9109650627873513,0.9436422684742528,0.8967803204832338,0.9342980922542805,0.9117767672678907,0.9232353123667366,0.9231824602832209,0.9162221290426352,0.9231988648584339,0.9677969199104832,0.9604854948070987,0.9473356761600839,0.8937351168927811,0.914250569278958,0.9839354531422276,0.9736313085071524,0.9062388951019376,0.9077482293673554,0.9544264733103108,0.9190696038111454,0.9312659010297692,0.9795676560168316,0.9159137606019454,0.9956488151588362,0.9833032872104578,0.910183638047447,0.9089808327580248,0.889170271202265,0.9466450412706792,0.900467533133711,0.9260384725617644,0.9850184146759439,0.8893851842462254,0.9018314431362386,0.9484953723295929,0.6752936138420392,0.826844345334936,0.653801611687316,0.8388399527384569
Mount Hope,0.8810576985026207,0.8787436154480877,0.9646557247535322,0.9804769018937857,0.994054270716043,0.9769845333193437,0.9971569812983448,0.9258582600027848,0.9420767470365328,0.9754685185172123,0.9495790877401032,0.9556664686643268,0.9650211107835335,0.9520769497895305,0.9928925788243773,0.9472102518055152,0.942018199888083,0.9965594624177402,0.9141871322565669,0.9950911490819243,0.9802079595226405,0.9635828249209392,0.9286241183403086,0.9965493159997295,0.9927948599089504,0.9936677556425941,0.934364695403784,0.9672277786033603,0.9515426366418195,0.9616005774157579,0.9917838575673963,0.9635123193980728,0.9896139776757118,0.9604665855206247,0.9555670294038212,0.9920994869056207,0.9836764818439011,0.9008397105603574,0.895235628967506,0.912598959651425,0.9559298773362952,0.9906834549789869,0.9627817125306721,0.9223888606150784,1.0,0.9526898478639367,0.9508573836007947,0.9452416690773315,0.997342643809978,0.9519820208030626,0.962279336340991,0.9491965700390459,0.9787072021986087,0.9483882462800209,0.9442957830151544,0.9502850283817358,0.9648762049319302,0.9381197220318848,0.9611988127912776,0.933690178363674,0.9559314409322962,0.839277318468618,0.9521731487063237,0.9662364627800328,0.9692352701982582,0.9560770759201838,0.898263961319602,0.9394529840970149,0.8822170184426509,0.9183697767535873,0.923315390375149,0.9083529280510874,0.9369035414395085,0.928729679372554,0.9497370677714259,0.9773189482908933,0.9458888007313967,0.9473693518982735,0.9050679311581351,0.9633766959471325,0.9940715430825127,0.9569654451085752,0.967045493471062,0.9579620193254292,0.972842946227292,0.8816680503926938,0.9480183198646338,0.9279701273928309,0.9603208978810015,0.970084789325743,0.9343658744769909,0.93016262928823,0.9427105197040481,0.9125963611842315,0.9528161736476396,0.9375718396977402,0.9373047082576801,0.9153949877094217,0.9560307865277462,0.9370130723354377,0.9185195959961705,0.9643398357195981,0.956438338510133,0.9396723637721706,0.9554651475817633,0.9010357858699996,0.9518913508322362,0.9198865268014678,0.7605121347808705,0.9215725168262427,0.9225965929947464,0.9663756721674767,0.9532442467500238,0.9228320068325742,0.9516705462745123,0.950025436652179,0.9271202340008489,0.9120315299995743,0.9276928700353692,0.9660439849715124,0.9802523040372587,0.9196115754183614,0.9372511524721228,0.9733346071141933,0.9205092554089915,0.9890579570780906,0.9265517792905611,0.9063562754541236,0.6948227688273262,0.8623569918352645,0.9805071904485768,0.9312405913900527,0.8817752284073083,0.9288007048062853,0.9084142510165356,0.9385275698434699,0.9043091633764604,0.953305107376662,0.954347992056959,0.9152294718144922,0.9442692049554536,0.9069550110781431,0.9341338382496988,0.9341554456473139,0.9392757373926933,0.9103865477294294,0.9766546266552174,0.8739215996343564,0.9491020197607744,0.9532206467887515,0.9174697169412295,0.9890204657699794,0.9057579100315011,0.8901535304540167,0.9232250580665295,0.9352006528058525,0.9614669259239477,0.9119363193145278,0.9266981654395483,0.8884342679811974,0.9559251889070774,0.9256161918872541,0.9358352741969022,0.9699644773058503,0.9052857075202629,0.9573411479575317,0.9316727777663434,0.8705506454321038,0.9248322650605271,0.9776433891381348,0.9864971020282716,0.9449424331068763,0.8692353357242684,0.9101940136738332,0.930518721669577,0.9704483900199391,0.9644322829009647,0.9528225648513858,0.8396552544627965,0.8605432627926476,0.9688798761999028,0.9260113054225741,0.8669415113768096,0.9463563199066284,0.9484281770152307,0.7313273678553257,0.97009862568278,0.9499210861561147,0.7870075204509432,0.8880687905410127,0.9649764713996437,0.9571484554768529,0.840458652456804,0.5909577642222675,0.9296008026454715,0.8265959365493085,0.7043204617063613
Astoria (East)-Woodside (North),0.8173954678519693,0.9113901088923255,0.99435502299717,0.9814671761020707,0.9581477954216648,0.9015420091963937,0.957320519099215,0.8406012396665529,0.9646953736751902,0.8715973928920181,0.9717252102904596,0.8918940591498888,0.9856897033858227,0.9616266746823317,0.9301668880962578,0.995078820046265,0.9643437364302805,0.9722466941141356,0.8655282303420155,0.944041808946817,0.9783022467399932,0.9704187977302179,0.9801951361997433,0.9457613664263984,0.9363905394243203,0.9581472686457215,0.8006289241206997,0.9931425285437939,0.9955464430318121,0.9523903919146265,0.9681960747216182,0.9750735475750023,0.9298252730436194,0.9933546813908571,0.9697556909531967,0.9286492217905911,0.9571389942353475,0.9548384927027218,0.9007585964233913,0.9722827861032977,0.9807821062339391,0.9709499637312792,0.9697339319409363,0.9804793124427131,0.9526898478639367,1.0,0.9685204127045326,0.9895902198158486,0.9560206842050386,0.9786666548683632,0.9856552490148891,0.9683678661237457,0.9935217462214135,0.9620955473972445,0.9702153990289298,0.9394313254848125,0.9714693321756103,0.9769428210557315,0.9895480960481678,0.9543665527050493,0.9874671264243036,0.9427060248697844,0.954911920713768,0.9974025129674526,0.9477387106296832,0.9873661271257502,0.9605740080667461,0.9937642650605111,0.7721834177935202,0.9890765981028475,0.9649943342499292,0.9437573051999584,0.9436435681306827,0.9823696443210498,0.9552477670919641,0.9609238515853874,0.9547192544618769,0.9765360460782488,0.9703998114433808,0.9713983435244442,0.9713244853378463,0.9868538317767553,0.9873628333415604,0.9761055092296368,0.9592054011373587,0.9630145611441748,0.9668562476640978,0.9632913154588375,0.9800552210516355,0.939928185960481,0.9729142245378468,0.9837595714693697,0.9565686884864442,0.970914395616674,0.9513591587932283,0.9638177372733748,0.9660651707541532,0.9522775215386242,0.987186907281023,0.9506349547890809,0.9539459910181126,0.9397074821079696,0.9885570086230998,0.9634002443327329,0.9399315765568164,0.9491062981298384,0.9793123700808938,0.9523879249064915,0.8859436364208326,0.9539026320351551,0.9542457352404078,0.9553442885984476,0.9822553116537626,0.9653372019872912,0.951185279509291,0.9690807860486951,0.9548525350387007,0.9524278721458558,0.9649941132044733,0.9530875917495313,0.9641238944939226,0.9596348359367871,0.9566363240183304,0.9617942229978877,0.9532752769686768,0.9569089679875635,0.9527001003780634,0.9748788216588502,0.82877679611944,0.9676812259206421,0.9798452023959574,0.953890723689317,0.9401973375270208,0.9629924966077352,0.9513944875388054,0.97037090936054,0.9497194975816473,0.9723611811047157,0.9462953728441449,0.9525622993049835,0.9645651990918521,0.9499270818549137,0.9713919184884149,0.9543972149747432,0.9532880983687536,0.9510997536885063,0.9387977912452167,0.9610116521171493,0.9815944711795791,0.9512038445113931,0.8626128783287509,0.9560401003825347,0.9508594130833177,0.9458613096309451,0.9549343528135819,0.9527851247169177,0.9455279199612494,0.9504315315916376,0.9523410627463232,0.9365062093760076,0.9472178547356538,0.9539749826047758,0.9583037610188019,0.9636984624078649,0.9510717057088316,0.9628551548038898,0.9664001123681961,0.9640221004799044,0.9919042357892095,0.9761967242091332,0.945145448299802,0.9567245273240575,0.9539245568431669,0.9777371985188478,0.95641094759951,0.9603502421846527,0.9741696881821073,0.9548785042548336,0.9309537997927448,0.9426396996904814,0.9542570418626461,0.9916892691256365,0.9614765085951131,0.9431014472093144,0.9640870519161279,0.8061793444212009,0.9719638559660074,0.9437278031547867,0.8904598488150572,0.9719431851140264,0.9385772916889833,0.9658784390940424,0.9355144381163777,0.654920780475037,0.8734510892395367,0.7155637476645124,0.8016983419040459
Westchester Square,0.739479622590449,0.8045750443839489,0.9487131089368094,0.9843446786389317,0.9305790432382682,0.8998221691601398,0.9449916087915945,0.7743679279311493,0.8871024929398533,0.8718238451722902,0.9057464279752859,0.8458354920204064,0.9718514537013646,0.9643609724311689,0.9515510262414065,0.9453379389774539,0.8860731069952299,0.9694973544292141,0.7760101997458348,0.9630952100782516,0.992806928640211,0.988680351673248,0.9099815368164392,0.9466020960122075,0.919983316788722,0.9748541180832105,0.7841405137383526,0.9807992049071916,0.9497333937638761,0.9913227858102807,0.9812075426660345,0.9736431933079419,0.9633909634495775,0.9593963945637458,0.9994643921409245,0.9267745237456269,0.983059020118534,0.9293090863950193,0.807032927884257,0.9591680123107919,0.9182827818876,0.981901247070601,0.9983568331911743,0.9248877014437865,0.9508573836007947,0.9685204127045326,0.9999999999999999,0.991644806120883,0.9577850067336998,0.9946693358582264,0.9870262290540175,0.9961159453559499,0.9804626065966682,0.9963320856444302,0.9989235390974256,0.9922384058001711,0.9962725253412567,0.995954016607268,0.967656855312268,0.9970035689053814,0.990248184237106,0.8602855384346567,0.9936791311197175,0.975680545535934,0.9898446815755737,0.9940848982897502,0.9119777641599859,0.9355430976249486,0.7157709636301441,0.9430149320579785,0.9937226426664848,0.9670849612091941,0.9956825124257455,0.9920927710962181,0.9928360229469066,0.9910194615479487,0.9951209061658063,0.9989192341119194,0.9616639678005517,0.9961265841545688,0.9566461016303102,0.9902837222312807,0.9866262722165279,0.9990329643679443,0.99382477290152,0.8902495098306573,0.9965770319314983,0.9974064521495172,0.9930320854483824,0.9875898763386962,0.9952230402579862,0.9796912058163498,0.9939814907185448,0.9834002020436959,0.9935602149800549,0.9991385324184353,0.9984894682164946,0.992813157048516,0.9954096630532315,0.9976656332332122,0.9897566858116206,0.9642317752028278,0.9621445974962658,0.9989483946349701,0.8781649128240703,0.9803392659774983,0.9982456088314693,0.9944895170842915,0.7950384777171962,0.9891608600000291,0.9931667168239948,0.9935696017980142,0.9926003751123851,0.9944677026314664,0.9962230021194395,0.9981210401626959,0.9949276267501507,0.9843436851639874,0.9950242654118536,0.9947153449060304,0.9383821335698729,0.9911023393501874,0.9935480233189589,0.9229773361388603,0.9947088200852487,0.9793563739760653,0.9965568172454581,0.920211195330914,0.6806436774012175,0.9016927261125072,0.9500106285237787,0.9960484581226808,0.9656001039114244,0.9948187461655296,0.9909879685787514,0.9977459521129926,0.983860027805089,0.9946100066418504,0.994388987155115,0.9927171832604046,0.996923656280093,0.986856069670607,0.996864521291627,0.9969451902001571,0.993341391978375,0.9917975404371546,0.9245024269029514,0.9556825243044174,0.9902722545669634,0.9946949929782144,0.7818935109604787,0.9577414425138193,0.982682555067768,0.9776975348485315,0.9915770353649818,0.9974086104910139,0.9900303746602913,0.9833201269290862,0.9965537099455813,0.9575076400428197,0.9954221808402853,0.9882166553150734,0.9983659338597038,0.9940730263396317,0.9880499107710485,0.9192447842868676,0.9974926074615952,0.9213884013672543,0.9724184020279429,0.9923477169755668,0.977737681135771,0.9955414713287511,0.9146628989227192,0.9715525101851452,0.9960888601843452,0.9910099516629897,0.98741630968336,0.9944808858362782,0.9458211877575885,0.9005490294633682,0.9932457061140866,0.9473870179954091,0.9220428736174906,0.9889813836056432,0.997963960824046,0.6537882956637078,0.9688898075402759,0.9805819391218641,0.7624417984723556,0.9392702272357218,0.985873028200432,0.9877833708192274,0.9316661888988215,0.5112435787068066,0.8990391883623557,0.7139164885499522,0.6865443977068305
Flatbush (West)-Ditmas Park-Parkville,0.7534512281270351,0.8465077746901399,0.9717427396339957,0.9823239085519362,0.9373806305983425,0.8840501451039124,0.9457116851306403,0.7848745797475095,0.9244428695315182,0.8541197227975892,0.9383810887216754,0.8600816286775866,0.9775581195079913,0.9593007325270718,0.9321631605710031,0.9718317407761137,0.9198065828147463,0.9683631116031068,0.80093407078853,0.9472398760511659,0.9883075727030277,0.9805136314736251,0.9501640005923299,0.938704907542688,0.9212517899216579,0.9638532658523692,0.7708608876961186,0.9887177369302879,0.9777186145398656,0.9732299475231155,0.9743822071198536,0.9722725126394787,0.9419087653751304,0.9816481421052647,0.9910337477552059,0.9200992093953563,0.970358943168691,0.9403191012268202,0.8387128263853818,0.9686884284281999,0.9489184147682379,0.9769759359836072,0.9883200569184075,0.9519757680144373,0.9452416690773315,0.9895902198158486,0.991644806120883,1.0,0.9521237822816824,0.9914643067384221,0.9934418142055207,0.9871844126042097,0.9889191452890137,0.9839576352830111,0.9918738987240321,0.9728088628917817,0.9895514243090195,0.9943721618251153,0.9858635084810222,0.9835469798792884,0.9972722755257822,0.9038869264576581,0.9772808746953614,0.9908792122821293,0.9724536707283442,0.9989618934884,0.9342260027528186,0.9684521345725694,0.7244464213612272,0.9699356314081335,0.9880221496848726,0.9574777092654382,0.9787465717541795,0.9981285255737742,0.9769775003701452,0.978847139751374,0.9791620110438032,0.9957743086759446,0.9705967801299108,0.9886232535435212,0.9618522844787959,0.9924191438372543,0.9933618505480738,0.9943532512075959,0.978261424856029,0.9280701907977799,0.9900335753144501,0.9901445283403503,0.9945085796063085,0.9645352000026417,0.9922970233641907,0.9873066262481985,0.980186217727893,0.985451980680137,0.9751682717120682,0.9904066235676938,0.9907793560840276,0.9816973348332976,0.9977406586762014,0.9818566499345827,0.9789876141056374,0.9563172060812886,0.9830000340096928,0.9903709389421199,0.9046060676345502,0.97209635021973,0.9965058021823155,0.9824216007223439,0.8425941080688699,0.9777140520395996,0.9813929813499861,0.9760857347794893,0.9964149919985444,0.9895386421088637,0.9780390285634663,0.991496188995225,0.9826098914557818,0.9750233164709586,0.9881436846032147,0.9776215730301202,0.9519205708278173,0.983175539913783,0.9808767375892191,0.9418414627272155,0.983382169820233,0.965175854438071,0.9837191227576325,0.9483066656130476,0.7559850464437856,0.9417616447036629,0.9643440693107674,0.9822317165536245,0.9595890001174644,0.9865462996898392,0.9814087211736349,0.9936546723508783,0.9745146109571953,0.9919200422970698,0.9762735089830069,0.981852833907285,0.9865251381511163,0.9765977771910107,0.9937898990913345,0.9830893145171904,0.9777152410349036,0.981351229341364,0.9298143569867537,0.9674602636685976,0.9957969985045712,0.9761950224723788,0.8086705644223929,0.9559282108158248,0.9740597855664144,0.9705248569298149,0.9802338621021637,0.9834484317734995,0.9687040665541555,0.9727638663896112,0.9832733421863777,0.9500479639807498,0.976474625517299,0.9761434873300802,0.9874414025509484,0.9820136551075073,0.9789783769351147,0.944418572776295,0.9918883282901841,0.9505792713436749,0.9933865191769614,0.9853625541168036,0.9609315747188235,0.9825048835944623,0.9365638821364997,0.9815144369279811,0.9866210005941372,0.9800738954610416,0.9821395802151375,0.978695273786632,0.9492020577770979,0.9220863803734646,0.975360121182684,0.9732289587384273,0.9470431061939967,0.9686384463968128,0.9902306752370958,0.7176910681255738,0.9703334300224433,0.966386794703842,0.8273893095495967,0.9612125734810323,0.9640951308460517,0.9861152258200213,0.9419003498932546,0.5800697301586577,0.8817952178566322,0.7057216672753226,0.7440835190265792
Mount Eden-Claremont (West),0.8547448746988201,0.8727143260215432,0.9651466570461426,0.9794932915731069,0.992147088364623,0.9705583058984123,0.9979607100386381,0.9134021429766336,0.9430504292415954,0.9693479875060157,0.9546128090762227,0.9541508842930608,0.9647914895092905,0.9484695584423238,0.9896784093791791,0.9481320376448298,0.9416552534309864,0.9972018691487734,0.9000153270820894,0.992785026207307,0.9844645715480765,0.962316094038614,0.9312513557329223,0.9986211153491561,0.9891922767337341,0.991188678837356,0.9262095928751655,0.9681485861426323,0.9556061717990024,0.9622328737965182,0.9945417362686667,0.9608041655971846,0.9909620132647657,0.9670253740647071,0.9601354250507177,0.9949330312000583,0.9810801545732853,0.8977206872232182,0.8785925181617654,0.914231846931864,0.9587744631546588,0.9921108023923744,0.967935411907373,0.9211008225610137,0.997342643809978,0.9560206842050386,0.9577850067336998,0.9521237822816824,1.0,0.9553844955071594,0.9726588684507224,0.952057648912128,0.9818972536604007,0.9518262822057568,0.9519489456043724,0.9565033183048995,0.966558105578435,0.943970160209111,0.966166819046596,0.93899176247059,0.9653162186459211,0.845614123222508,0.9545994289734435,0.9719299315075153,0.9770319529160725,0.9628513823753341,0.9014472365575225,0.9420045100272725,0.8544762336344693,0.9192230974099557,0.9299041183789867,0.9086886225991185,0.9456354957158869,0.9371153111996228,0.9520354272969991,0.9840582266907189,0.9505746174032998,0.9552023597224607,0.9095986817720517,0.9640635574166205,0.9910914504904988,0.9621232806430375,0.975864034221946,0.9626865714734566,0.9771349255635052,0.8896949882722185,0.9503530449864545,0.9361928348295004,0.9633518835668452,0.9740083452271949,0.9385202174308332,0.9373166827532406,0.9443579571784634,0.9175149383908419,0.95847118152952,0.945162638239636,0.9433141275486098,0.9228936440029333,0.962217782172045,0.9451845832110594,0.9235252498042184,0.9586524814269318,0.9629729868268853,0.9459140239573617,0.9594572455420843,0.9057682235659584,0.9603615940005124,0.9277123507086815,0.7707421586258002,0.92648133399993,0.9286396639011208,0.9708568758818567,0.9635811263473271,0.9286585845664952,0.9579268210381127,0.9608174713307797,0.9327145124775836,0.9154875981145144,0.935609197014277,0.9695034922666065,0.9807030557657245,0.9255149906913988,0.9389499797639255,0.977617805778189,0.9266704817385717,0.987248490328285,0.9334106881735832,0.9121912902079958,0.7022222170193951,0.8703305454871721,0.9736358265482045,0.9381756812746427,0.8857168249063687,0.9348013078498364,0.9152870610432069,0.9435387881169566,0.9107613967921215,0.9651287043564266,0.9637992406640955,0.9223018590263031,0.952760825927997,0.9148127182885911,0.939233047761309,0.9401004796262111,0.9456686802634622,0.9183190181768673,0.9849832067542066,0.8797032215150943,0.952298842556514,0.9591214091636294,0.9162737090469935,0.9831400186097918,0.9099628789717755,0.8964239145585493,0.9278575574991961,0.9406239393652577,0.9674207827316211,0.9174744098315905,0.9343711185112124,0.8899048775041676,0.9608047953000246,0.9298032977090863,0.9420167874118912,0.9701249137557414,0.9118476328247986,0.9541135125234127,0.9425260532227391,0.8870453786357205,0.9281522192956627,0.9804673251808648,0.988923598086236,0.9571246895730404,0.874061476172747,0.9151722115763913,0.9352834032831975,0.9801973338585247,0.9617661731841252,0.9537706050933137,0.849405133360331,0.8664356094424988,0.9733964667233566,0.9264483020279997,0.8728249024777137,0.956536233314679,0.9568411852900631,0.7230354651241082,0.9824200475482311,0.9434568913451254,0.796269562712822,0.8869446012125694,0.974844696656179,0.9637334522954384,0.8517110357943836,0.6207842774960913,0.9517883733668563,0.7933247993097738,0.7308461966986436
Ozone Park,0.781664197923812,0.8469171957040363,0.963590405407258,0.9922315550186357,0.9358175130472187,0.9140271702362577,0.9446903786549272,0.7964964696892611,0.9003855025037351,0.8756690972507266,0.9152949073422517,0.8413933139291099,0.988498763828674,0.9844183352474185,0.9527077115265784,0.9643687085608863,0.9091693443625178,0.9697772092289533,0.8069074279758266,0.9632674251954996,0.9900078202584501,0.996505765274367,0.9202490248311443,0.9466187202566644,0.9174255182696313,0.9730451885388259,0.7836277796318258,0.9923369335192024,0.9577568266077081,0.9915857443160956,0.9767014293724461,0.9901687127915497,0.9551778855342041,0.9617979897664746,0.9957806107407927,0.9209632860625527,0.978894758925839,0.9621580920541964,0.8515591705290465,0.9821653558920083,0.9308326453084524,0.9774447631519598,0.9963151063262333,0.9544367130427444,0.9519820208030626,0.9786666548683632,0.9946693358582264,0.9914643067384221,0.9553844955071594,1.0000000000000002,0.981559699543302,0.9987371681061781,0.985702196537695,0.997178357957447,0.9969349692052749,0.9768993265091452,0.991922759646869,0.9983064167395499,0.9647482165379799,0.9931881857885576,0.9857441132426118,0.8971836292912889,0.9945909268968587,0.9807471647479705,0.9764316355382516,0.9912468714856922,0.9450677481445797,0.9509604507525801,0.7263085344483675,0.9668954389654367,0.9958235971308034,0.984360309530881,0.9819513797437157,0.9922073623371286,0.9950619911035744,0.9814534778864931,0.9948670913377453,0.99612782070639,0.9823797004838966,0.9947735667949671,0.9574406818657845,0.9977693167738297,0.9820935075657166,0.995750051322537,0.9894780219656014,0.9197678412773604,0.9913282572545699,0.9936713373382515,0.9877021335779214,0.9792095323246455,0.9976292379505163,0.9921090517939457,0.9954198822353079,0.9933552212372351,0.9921474868661982,0.9938362846036258,0.9957938044904445,0.9919644756044357,0.9971437873996002,0.990192499213552,0.9938266096047412,0.9522379179141827,0.9590069299552704,0.9924757327955813,0.881468878414155,0.9891818066634892,0.9949748316404932,0.9920876392725602,0.8397889503924603,0.9941548450722459,0.9940345638733228,0.9907843925966915,0.9856888593733715,0.9949539817165273,0.9912843227605683,0.9904100124825785,0.9942629221148601,0.9921715260550976,0.9959981199752033,0.9867242488486058,0.933191060932248,0.9949598276502997,0.9952723046683876,0.9202254439894152,0.992106409230933,0.9798575468870082,0.9916281297322956,0.947883637348532,0.7282256906632824,0.9287635626581651,0.9574804803995999,0.99381680528169,0.9805199705086463,0.996514241407802,0.9904654995250799,0.9938988160363623,0.9901705067859546,0.9847524043649919,0.9811502065905401,0.9920749227785861,0.995964699046759,0.990542325134497,0.9950830641033067,0.9937251095800809,0.9942403464678632,0.9906601979274469,0.9130706272871374,0.9747325565976032,0.9856647413962369,0.9917341269431054,0.7902662398807857,0.9534460476400552,0.9906926259204671,0.9859945271531374,0.9946083732841912,0.9911358685134911,0.9865141077762823,0.9912872010835432,0.9917169568555024,0.9773262932430178,0.9856744274326662,0.994413431174326,0.9918483944114893,0.9911342950725427,0.9906278487939386,0.9174603200203918,0.9918669931067595,0.9392957558806453,0.977901023488876,0.9944185969431948,0.9671802621815301,0.9882689761183289,0.9471458364289149,0.9877527104997078,0.9886089575550239,0.9793572589263763,0.9958781687116978,0.9933028409790186,0.962153485689115,0.9354490087557471,0.9889604030585645,0.9698386361377083,0.9512374434931689,0.9853507877719611,0.9869142661806385,0.7139898001616404,0.9699913945115698,0.9781182715000238,0.7983172185480361,0.9664417691762135,0.9740137400335372,0.9734896586631221,0.9538037177153186,0.5282895979457819,0.8822849067162204,0.7044810615370928,0.715223453435522
Norwood,0.7623861834463185,0.8518162715135285,0.974162384173668,0.9803444006200206,0.957983101910499,0.9032721055015396,0.9675029670048264,0.8188403513636975,0.940319154070673,0.8862540440298274,0.9562963985115832,0.8995838090396095,0.9719952904693323,0.9478765544791878,0.946855310081434,0.9682293421202662,0.9317383064167,0.9812320675934666,0.8246082610848977,0.9597345072396618,0.9924865687544799,0.9712870460961167,0.9559423636894165,0.9616036359492718,0.9461256084634291,0.9718708397490431,0.8178921568718026,0.9835189464822467,0.9808546992034438,0.9675365108133758,0.9857189909620332,0.9634451666486694,0.9593663975673358,0.9894208913096677,0.9851966075786105,0.9508861612343136,0.972785287783128,0.9184732206145255,0.8375743590854985,0.948930592161143,0.9615518218808727,0.9861076925243809,0.9856103957226615,0.9410472330959038,0.962279336340991,0.9856552490148891,0.9870262290540175,0.9934418142055207,0.9726588684507224,0.981559699543302,1.0,0.9764909134444183,0.9922361566248181,0.9743341022022322,0.9849654964160967,0.9738745948561263,0.9850597812346287,0.9826357659369728,0.9912907404263516,0.9721104666146684,0.99908123968609,0.8909947648661476,0.9690788131225283,0.9937583340137937,0.9819069303478672,0.9963160075608726,0.9233722866261351,0.9679676865215323,0.7508528306767447,0.955427948140942,0.9730553924606149,0.9352790184196784,0.9759583188509537,0.987335646825624,0.9676251598514174,0.9879912104009124,0.9710293660076867,0.9901085501272755,0.9512196354646892,0.9816981942487799,0.9737979255840056,0.9865957893075036,0.9997286489506182,0.9892746297420043,0.9808344145690552,0.9241647252590781,0.98052162038012,0.979239210155243,0.9907209656723936,0.9697205851283481,0.9777606015953964,0.9759840209582857,0.9673855893514596,0.9654858216794018,0.9715769070972171,0.9821767371370194,0.9800854430852426,0.966576778655825,0.9927251935045015,0.9757581792484292,0.9617597070228436,0.9573269245020437,0.9902396065199089,0.9818507988049937,0.9354310101239898,0.9500413828864757,0.9933880678947564,0.9691995669915573,0.8262115113404025,0.9614110169341258,0.9666061592368375,0.9763352275081933,0.9984839515814574,0.9737819639645032,0.9748709742189408,0.9920168387373484,0.968834517607443,0.9544486081967363,0.9761213209004154,0.9778795612099331,0.970348173979885,0.9666907988451239,0.9662040174589006,0.9661529000216746,0.9685244883497659,0.9702397773921636,0.9719245149064683,0.9415695302485481,0.7503671585676966,0.9277036668958346,0.9669086126702506,0.9715496650669572,0.9329826075613127,0.9727961422777565,0.9635973445580217,0.982678770363658,0.9551096083767516,0.9963075301712174,0.9807267717297421,0.9661666983689523,0.9811145702532023,0.9594833957882117,0.980953393780268,0.972366795524474,0.9693343760843349,0.9653426073571697,0.9628154217599749,0.9409441742760326,0.9887074211473806,0.9731130245831054,0.8523779564394195,0.9647274840097856,0.952566214782717,0.9473320311545151,0.9639874780654707,0.9733429511113609,0.9705527365929509,0.9547906693448213,0.972407699119972,0.9244714776389636,0.9751669667748218,0.9604691691851197,0.9779004460256796,0.9783627415782469,0.9597415492667841,0.9556145875362111,0.9855504512572585,0.9453864122899233,0.9798426030058488,0.9859041850709362,0.973895716612243,0.9839567859831849,0.9166230186488904,0.962336827665919,0.9746907685693119,0.9906252362669224,0.9717368259804867,0.9694719098497548,0.9198563373875882,0.9044058189271118,0.9771375126462527,0.9599573884086728,0.9256981607381001,0.9700773044235558,0.9888282547252005,0.7141022612110843,0.9862691013441728,0.953298037486596,0.8320753366877578,0.9346115149618615,0.9754838761743219,0.9899140810594972,0.9170262420484013,0.6310678628964156,0.9253633340966385,0.7149293804290737,0.7675287652959534
Great Kills-Eltingville,0.7685409730575331,0.8229399533580358,0.9510237983524232,0.9894475379464582,0.9277997661951877,0.9112223289513304,0.9391385963204272,0.7830492503218914,0.8820074103114635,0.8739388333183539,0.8981742822355956,0.8307337963829963,0.9817912821375151,0.9814352650212227,0.9543127169565211,0.9506770162513759,0.8902159666536515,0.9660232055522514,0.789076537004344,0.9642943942611498,0.9887522183858584,0.9966945749285867,0.9031261984566658,0.9430611478514045,0.9125490009985913,0.9739076226677458,0.7798273684864747,0.986015635708396,0.9447953233842254,0.9956221279563834,0.9756521593372085,0.9864359460712486,0.9585208476339023,0.9507134532833976,0.9974158256519203,0.9171626632622019,0.9817344908009498,0.9530445484904938,0.8327156826257683,0.9747817995305526,0.9147113702752714,0.9764094535423389,0.9974021238163214,0.9395154672201018,0.9491965700390459,0.9683678661237457,0.9961159453559499,0.9871844126042097,0.952057648912128,0.9987371681061781,0.9764909134444183,1.0,0.9790686146544099,0.9996028853176976,0.9974240693328432,0.9832310720774626,0.993494649507616,0.9972209845271602,0.9567681839632655,0.9970771674245295,0.9811790960848981,0.8749074949388836,0.9980886656073954,0.9719051187599406,0.9800992704356045,0.9880098345597285,0.9299286558374258,0.9355950648793209,0.7200926883532555,0.9536354001543527,0.9963808506834952,0.9844594052750114,0.9873735342500741,0.9889517429925864,0.9982836761593914,0.9828863777970819,0.9981509229415998,0.9954741722863027,0.9751994352914187,0.9963710051736671,0.9525076515262528,0.9935094165928223,0.9769841950584238,0.9960673935055542,0.9920197313783957,0.8992154758785076,0.9937750323810729,0.9952114171970753,0.9868529426174,0.9845522991797242,0.9976406917657181,0.9856291206165885,0.9989073502264909,0.9908256566925322,0.9955321581059613,0.99585783690498,0.9975244946274892,0.9946856653863528,0.9939621440264451,0.994344595839385,0.9959656921759189,0.956437040200177,0.9497929469819175,0.9950121978472102,0.8658270677759821,0.9902421427813063,0.9935284060571313,0.9951083363027587,0.814469900661041,0.9961241775794872,0.996695469686281,0.9938265979876165,0.9824425927699468,0.995944576607559,0.9953221602401294,0.9905094527747874,0.997369923824487,0.9937552155937319,0.9964835838070613,0.9911212032464813,0.925814320429353,0.9960729191591718,0.9986606038485498,0.90917886061167,0.9954981687509665,0.981406871711521,0.9954250332067804,0.931324512626829,0.6932090058364707,0.9098010597032896,0.9504208474078966,0.9970275136096823,0.980308546772275,0.9978052292236886,0.9932036926994047,0.9950932525444959,0.9914683094384706,0.9834837504774988,0.9855077031258636,0.9948328355135886,0.9967791780294076,0.9921562691453446,0.9957562516750234,0.9973599725330177,0.9969067774816186,0.9933368081435648,0.9060120620306936,0.9681130118471377,0.9839877053829423,0.995413531380652,0.7722121580677976,0.9527663450048549,0.9920608308959306,0.9868243286552058,0.9970708492594756,0.9955497077487547,0.9903473780343605,0.9924349876687119,0.9953358823528116,0.9765520786498435,0.9910606557583316,0.9962781503760036,0.9952412141121603,0.9939928744249009,0.9927295977150541,0.9077031816608527,0.9922462884049551,0.922890195735332,0.9703381973615974,0.9934708732895011,0.9702953476958884,0.9897190717342585,0.933446930719174,0.981286247553144,0.9924450462408755,0.9802454539442966,0.9955007902715426,0.9975515174733136,0.9584420686667968,0.9207390007732396,0.9922423468310962,0.9571051035313627,0.937517440094259,0.9883142451417626,0.9888617494373666,0.6813484369656402,0.9629092679204594,0.9840847530385438,0.767087491094436,0.9560505262222143,0.9779052309465012,0.9739976563425146,0.9457457185424704,0.4903647280006075,0.8791017779427172,0.7117499572118002,0.6822397973255451
Corona,0.8335766906522272,0.8986557197656905,0.9912432470697286,0.9939801736288701,0.9771984969979391,0.9371955728261749,0.9801650121929968,0.8677451568367512,0.9584374133854092,0.9152380970152905,0.968356933207819,0.9151971205104589,0.9906101706926953,0.9720249580185341,0.9646135402604632,0.9860181188825442,0.9591561805098044,0.9916145619690003,0.8777515784935848,0.974512577717527,0.9937133083920512,0.9831845511873487,0.9656604759633075,0.9747297914096017,0.9620491220802521,0.9828235376280418,0.8494291831082538,0.996216798921525,0.9877590698627415,0.973089643305619,0.9897548379485355,0.9840422331816355,0.9653076137027272,0.9911328272937178,0.9820513786451784,0.960582945445366,0.9798449837740667,0.9478970569595923,0.8958211045411405,0.9656883428203703,0.9768901482611635,0.9904723541798854,0.9847440265286374,0.9677791470323783,0.9787072021986087,0.9935217462214135,0.9804626065966682,0.9889191452890137,0.9818972536604007,0.985702196537695,0.9922361566248181,0.9790686146544099,1.0,0.9755103221336939,0.9797341941110083,0.9621980639703241,0.9844661975807811,0.9807276454692996,0.989353874076551,0.9665926005499459,0.9913652060555401,0.9138119999389502,0.9723141953832519,0.9978796292564993,0.9733121865413551,0.9913450413475594,0.949417978905281,0.9811613130950682,0.8013856235535914,0.9735986513376622,0.9694408430533171,0.9494516888335548,0.9615368350123253,0.9802741037987172,0.9716976454687606,0.9832673315154207,0.9709209204310197,0.9839655543399362,0.9632138211446527,0.984033655573491,0.987100719077815,0.9918418654261423,0.9942696362256497,0.9861825999521369,0.9813082325126794,0.9427320541727993,0.9765514848038268,0.9703530553344557,0.9871600576504835,0.9686738799854127,0.9767000572046532,0.9810074693336494,0.9698568940293825,0.9679160339958808,0.9714121192414694,0.973664725333899,0.974502247464407,0.9599152270454083,0.9919652257378496,0.9662912652470729,0.9612613375442156,0.9590652099150134,0.9868626591151749,0.9734808628616359,0.948183592112021,0.9520442763880452,0.9869528940424567,0.9616158308077827,0.8502019181940095,0.9622813822021351,0.9631801489312689,0.9774107251373891,0.9880925793700487,0.9690611930023748,0.971013597834993,0.9811168061662848,0.9649001428079858,0.9574969020512865,0.9713941193243723,0.9751514008716207,0.9760599465642701,0.9650532771610276,0.9680514270071916,0.9717672406343105,0.9617194073113129,0.9819438274188897,0.9636192244394856,0.9608898008099699,0.7798631197957853,0.9400774264634312,0.9856089381456069,0.9661771155577866,0.9393090225481325,0.9701599878683149,0.9566614933579636,0.9764973530216858,0.9542104027785457,0.983367852956958,0.968881891768385,0.9598785145665061,0.9769357764911567,0.9557510585068294,0.9757625187322039,0.9670681174835182,0.9684397181503663,0.9575654426614902,0.9612656358784311,0.9471155778030901,0.9839168849809845,0.9714894658913897,0.8791746532640028,0.9758978075977452,0.9545987960924124,0.9467308415958514,0.963352216603939,0.9660036732258285,0.9705154278037811,0.9570022473194482,0.9637743476135844,0.9382761063616728,0.9690422685090807,0.9634691943336445,0.969439568768044,0.9815142005471462,0.9553562408743582,0.9639402959807045,0.9738159780815153,0.9455450622335407,0.9798695925548012,0.9919670962868516,0.9744590599640519,0.9731595686076343,0.9371262899892066,0.9697449315080238,0.965679509019872,0.981360292703966,0.9848285102803361,0.9718111090215329,0.9194371259413184,0.9268720305740379,0.97741540274581,0.9778452854858098,0.941276627852135,0.9654421876890924,0.9766415441100876,0.7728056432335075,0.9865935549731065,0.9601346473129257,0.8545165709482051,0.953818023761547,0.9674671366606181,0.9777412663218105,0.9212295121468551,0.6310443056198622,0.9115429304936041,0.7481476845803983,0.773561724277047
Rosebank-Shore Acres-Park Hill,0.7608271290784698,0.811090048484658,0.9441140517776193,0.9873937428976214,0.9245850642392074,0.9116602533846697,0.9375105113637956,0.7781819478098022,0.8728053163897511,0.875489426949655,0.8903155364006259,0.8270251916058697,0.9778932136306073,0.9791330072862534,0.9560611546275857,0.9428607030336538,0.8811183518187867,0.9645185907230982,0.7807739107009797,0.9654139725263777,0.9880904663724789,0.9956736568025817,0.8934170992044275,0.9431720010693232,0.910708468587106,0.9740761078119424,0.7810002332020863,0.9819864319284396,0.9374964558243369,0.9970179794623629,0.9755460218991273,0.983668532987017,0.961420674308732,0.9449888424032862,0.9973908507649508,0.9175169985127448,0.9822159169544524,0.9470398444488229,0.8218826573180349,0.9697995811112726,0.9068395993242437,0.9758073287369651,0.9977064895521639,0.9308918421948306,0.9483882462800209,0.9620955473972445,0.9963320856444302,0.9839576352830111,0.9518262822057568,0.997178357957447,0.9743341022022322,0.9996028853176976,0.9755103221336939,1.0000000000000002,0.9972591109815395,0.9860653146222935,0.9929986722834423,0.9956204833402025,0.9518852275384294,0.9979851791449794,0.9787103927431388,0.8634306339278313,0.9992111610495341,0.9672408511221907,0.9827100754828952,0.9856167534450132,0.92241534966443,0.9268934311477495,0.7150144608651212,0.9453470322469092,0.9955833265772445,0.9832439630039791,0.9897654612327742,0.9861911172376988,0.9992192364889562,0.9842480966300937,0.9993962611379311,0.9946296940929588,0.9706330939992415,0.995784559642192,0.9495249958240239,0.9910313274699057,0.9746139691174016,0.9953308426586387,0.9935182969041819,0.8893725662275173,0.9932477573705297,0.9951415386646335,0.9849427326173459,0.9876914894542697,0.996132803782521,0.9819566615918541,0.9993786814867726,0.9880223939569506,0.997438774222504,0.9961341017196692,0.9973416804167882,0.9951171280300194,0.9917735988083348,0.9961491453975989,0.9959129253505795,0.9561455049054993,0.9445628611198431,0.9952118400740618,0.8596213172562734,0.9894177809712593,0.9925232238236756,0.9958405476377885,0.8022382607308797,0.99617009496506,0.9970807381173303,0.9956002080745967,0.9807598519066438,0.9950027301491466,0.997387153352009,0.990855727060698,0.9979081914569989,0.9931086132156686,0.9960992960070272,0.9929751990601631,0.921880957338906,0.9955573226948907,0.9988782188330113,0.9045130661821872,0.9959541316589466,0.9820722146167338,0.9963671194470398,0.9231648196314339,0.6757431288765602,0.8994431291293512,0.9449873192979985,0.9980630882104986,0.9786908339535764,0.9974944330587211,0.9932429525571592,0.9941954891056328,0.9911220673754111,0.9833128977653215,0.9882744085097507,0.995168361277204,0.9972970303002527,0.9922291862706684,0.9945508454809492,0.9983749018795001,0.9981564399620595,0.9936706352445019,0.9047420966633936,0.9630583749931927,0.9812342276877049,0.9974319075066803,0.7657623287835473,0.9510952374960954,0.9913133279044719,0.9859131253183167,0.9971598305600347,0.9966913069748703,0.9930245644853515,0.9922084679120489,0.9964305689601283,0.974857471978798,0.9934187884843746,0.99635299071497,0.9958725334981668,0.9943689492016636,0.9924966557983294,0.9010573980230021,0.9921996286396103,0.915715578164118,0.9641250917565266,0.9929130948790612,0.9723759411541198,0.9913908974529951,0.9259880719453161,0.9767355155898563,0.992706675105904,0.981694901465362,0.993784506466414,0.9985271260185117,0.9553649269294779,0.9133833760400805,0.994186683420511,0.9490681898755206,0.929645541560124,0.9910983817299315,0.9893698888677694,0.6645115311951315,0.9617407004546088,0.984260645707467,0.7522571016343822,0.9482437225365786,0.9814716675794513,0.973464804463516,0.941307956244463,0.47831458357943263,0.8835735700836973,0.7101163793160841,0.6708064100425066
New Dorp-Midland Beach,0.7392611856220218,0.8134494809033684,0.9500032742592925,0.9841735249518356,0.9248521178711323,0.8978572120341597,0.938462267998028,0.7689391847453964,0.8850210344425247,0.863651943075895,0.9041615901086523,0.8328336361588934,0.9760374994810085,0.9700309704386524,0.9461473795264701,0.9493809605483013,0.8886137931887204,0.9645245883614155,0.7740160448228702,0.957734663778658,0.9898547637680324,0.9898770193638226,0.9086053473375718,0.941419970205486,0.9096388637899591,0.9687305912468648,0.7706516995987436,0.9830165374043376,0.9493278044006924,0.9903607563016156,0.9758362371654835,0.9774768375970672,0.9558990303557678,0.9575132642285492,0.9980518244738064,0.9181577676127972,0.9767337373807333,0.9414607480771194,0.812932375504477,0.9690992111880331,0.9177774501572911,0.9760064335387613,0.9976766587167903,0.9336409485688902,0.9442957830151544,0.9702153990289298,0.9989235390974256,0.9918738987240321,0.9519489456043724,0.9969349692052749,0.9849654964160967,0.9974240693328432,0.9797341941110083,0.9972591109815395,1.0000000000000002,0.9862920857012748,0.9926733187805616,0.9983235296255057,0.9631363200950797,0.9971677198081713,0.9887317735250889,0.8757193068442544,0.994209636466844,0.9757706975560047,0.9842306158039661,0.9927341709903363,0.9251822554013661,0.9378839355450368,0.6982937957147376,0.9508205296201385,0.9971925441585214,0.9755689033043989,0.9921858492746595,0.9940798105565412,0.994026370032804,0.9862105921461878,0.9962907265250568,0.9992315155232133,0.9721031081372247,0.9937779209870148,0.9496296385063817,0.9934639059904733,0.9841516565689052,0.9974770928885864,0.9913043278044259,0.9022531939189323,0.993650290902232,0.9986107165994513,0.9889690644904281,0.9832677860416604,0.9972258827277646,0.9866131518873587,0.9948039640141235,0.9897048470948157,0.9942526713085944,0.9990020467046665,0.9989715799756711,0.9958901099114251,0.9963727759131058,0.9971087585211097,0.9940223219955688,0.9525705688640078,0.9579067300575153,0.9975815858478628,0.8718576892632866,0.9871795465376783,0.9981965101702179,0.9968242932306642,0.8165968614074915,0.9937140598538645,0.9962404591068272,0.9923610431936257,0.990711055209109,0.9968434988545956,0.9955456918663412,0.9971555909129516,0.9969480184248434,0.9898839297461526,0.9983509962463553,0.9905480160306751,0.9289364683655335,0.995414243588635,0.9947179312832162,0.9154729574342749,0.996235532295767,0.9753211715227504,0.9970608518804381,0.9312740369437857,0.6985768107338383,0.9138363915179584,0.9446184153607854,0.997736609404536,0.9753319199201411,0.9978070570710506,0.9941585122305358,0.9969203542115679,0.9901585392751195,0.9923503813265625,0.9905303259716661,0.995721970614994,0.9989744948122569,0.9924411510917635,0.9972249640116612,0.9976542126126494,0.9959752468533516,0.9950594990514965,0.9150191631805121,0.9668930012305536,0.9868046182788097,0.9947442388216424,0.7735145221843293,0.9478632604170534,0.9887971608883169,0.9852135343682515,0.9950616921216112,0.9963610508153106,0.9893673578187431,0.9897653146917204,0.9974369914536357,0.9681279556824357,0.991599742920607,0.9928878385727403,0.9972870340742314,0.9906038058091496,0.9926458747634869,0.909578186647895,0.9984475340485157,0.9334436785134824,0.9734025587718363,0.9915781275944024,0.9700004873047521,0.9959099849323968,0.9298436392911228,0.9800288513296486,0.9940529133673106,0.9865697818572022,0.9880952143120053,0.9933608465718945,0.9590647852768922,0.9171529308283857,0.9911800322221229,0.9542035870108436,0.9362309365532351,0.9905357085547457,0.9945673870812494,0.6697018131436241,0.9699427199185149,0.9753703020262036,0.7750468809739396,0.9497102002101798,0.9821634791394344,0.9807051817327973,0.9472075896515795,0.5201503340752291,0.8949486540438407,0.6882615801985297,0.7032938786204692
Spring Creek-Starrett City,0.7142073486888508,0.7494397066395576,0.9186723298013413,0.969700737904938,0.9220813064424829,0.894565183552985,0.9415950971841616,0.7624907860072597,0.8569107871561064,0.880218115946525,0.8773671924115872,0.8489085452306088,0.944665639145644,0.9393896070985309,0.955651887206196,0.9083081064904485,0.8479796534466612,0.9640146936674779,0.7498423989334871,0.9654738238396361,0.9858755707075413,0.9747261815176472,0.8776125342580271,0.9449549524477094,0.9235625352459872,0.9764677499420084,0.8013309809954591,0.9567245876080166,0.9214575710154589,0.9871442926383304,0.9798919587179277,0.950510171163172,0.9735970637867291,0.9372345151158114,0.9920295643253292,0.9316491249749502,0.9862442751207822,0.883848170038722,0.761552225435943,0.9195831763786064,0.8883629376381592,0.9805789582665929,0.9901053693594947,0.8779921132932226,0.9502850283817358,0.9394313254848125,0.9922384058001711,0.9728088628917817,0.9565033183048995,0.9768993265091452,0.9738745948561263,0.9832310720774626,0.9621980639703241,0.9860653146222935,0.9862920857012748,0.9999999999999999,0.9918900273722618,0.977795839378082,0.9528454341681111,0.9894508005527342,0.9757243851600547,0.7936699051051849,0.9860271113328224,0.9528887131984106,0.9955999392991126,0.9800133857446462,0.8593526971065353,0.8990993160505162,0.7284516664536109,0.8986688096223516,0.9758027909973724,0.9401620116145751,0.9977815352048313,0.9713838849570339,0.9835845629447836,0.9921586192190477,0.9863653053750748,0.9858421731425491,0.921882348591213,0.9894687300991173,0.9517012378850891,0.9679823055993748,0.9738592142758746,0.9899570514465725,0.9917809661961792,0.8330585780846317,0.99120803413488,0.9850732654197117,0.9857170121861148,0.9930250262416273,0.978381068491997,0.947698401955287,0.984550098281809,0.9556802718629137,0.986956116282278,0.9900220485630026,0.9873873232458419,0.9787368580295714,0.9777818216558767,0.9930643999372175,0.97264408036669,0.9759720739171318,0.9456728542801561,0.9920801620061834,0.8621795020680724,0.9569457744304759,0.985167518038971,0.9823719535378246,0.7156295850457417,0.9717050159459452,0.9790795383181784,0.9899627906824021,0.9806687202424291,0.9783449795452583,0.9924679081000034,0.989730839702355,0.983141860353962,0.9637906769035868,0.978061493044304,0.9969204905204808,0.9348557087205803,0.9725521337206631,0.9829667752231698,0.9132577493340044,0.9836714034977051,0.9784898803281205,0.9883488016437201,0.8692518818793684,0.5950216918921005,0.8436350660194516,0.9369028533635407,0.9857780424024266,0.9353564123160396,0.978996834145171,0.9760215911022376,0.9873619782942432,0.9623010367345955,0.9869243625539765,0.9974831718234779,0.9786144898328576,0.9840557117089243,0.9673634599121181,0.9836263073763087,0.9885342183282212,0.9817459823284208,0.9771673810017534,0.9261405185147745,0.9137330918861776,0.9799534732172063,0.9895042103106373,0.769532283721405,0.9620363082036535,0.9608206197865589,0.9527977928845406,0.9762233003588763,0.9925959890917773,0.9875063985564817,0.9617678331129033,0.9878807134702119,0.9256301692316348,0.9982759446227807,0.9706391726442092,0.9921695000864993,0.9917907751579802,0.9698954028461957,0.9102547675766371,0.9850677579383396,0.87000357896747,0.9455601586176967,0.9820450972720559,0.9864133132210868,0.9879040704185906,0.8590582592464898,0.9353181662334147,0.9910739084024784,0.9912960814201366,0.9728716915617547,0.9897421123271546,0.9051480580057929,0.8424130057418578,0.9915539686769259,0.9054285793402573,0.8671695405190024,0.9822514392568306,0.9949071465750619,0.5751005072569996,0.9517106635162689,0.9825536694331785,0.6917259059873377,0.8924615633198929,0.9902305171863488,0.9887553377719172,0.8828300769794026,0.45144860520344354,0.9035470890867896,0.7526901934912384,0.6145008412370903
Kingsbridge Heights-Van Cortlandt Village,0.7734892865977729,0.8160010614122803,0.9561663865127357,0.9893649443764215,0.9459284977589162,0.9124970460326873,0.9574292643949063,0.8023007291480558,0.9011803826635526,0.8906378562633346,0.9149893841713028,0.8704684036377248,0.9735128698368909,0.9653399418780402,0.9624218315750432,0.9498357258874219,0.8966792002696283,0.9791663622857512,0.8038422430817623,0.9733204664504623,0.9953405816524896,0.9906347096716819,0.9207317009250578,0.9554306255168461,0.9402298996408278,0.985965739493201,0.8119534229387444,0.9832882409661081,0.9558882841026698,0.991874802711835,0.9878424729453389,0.9762501228924951,0.9714287880862462,0.9640006515336204,0.9981288723203586,0.9389186164540668,0.9932120153017897,0.9257759356979337,0.8284308581398515,0.9527852850136732,0.9276978743382169,0.9902220864775505,0.9961342262843403,0.9267880560443039,0.9648762049319302,0.9714693321756103,0.9962725253412567,0.9895514243090195,0.966558105578435,0.991922759646869,0.9850597812346287,0.993494649507616,0.9844661975807811,0.9929986722834423,0.9926733187805616,0.9918900273722618,1.0000000000000002,0.9906508149167335,0.9747653771680145,0.991876537898983,0.9881691438697958,0.8517729284484382,0.9911826343063428,0.9776484216892323,0.9894624697247246,0.9933662003544997,0.9051355142002251,0.9413171399821513,0.7662131039250871,0.9429202252678615,0.9855531602606522,0.9593348614180025,0.9907552859198175,0.986026080212132,0.989862130967097,0.9919622934515797,0.989973261525341,0.9939692628388883,0.9519669578421965,0.9993481725292387,0.9723874706498479,0.9867149668830515,0.9865583826449964,0.9984400198926796,0.993772109085322,0.883305799175984,0.998307140018785,0.9897530655467677,0.9973102152947257,0.9883670999735148,0.9911718728306257,0.9712638672853984,0.9917107118636912,0.9752203939476052,0.9881501520460286,0.993341855607281,0.9935622055333558,0.9830418199215826,0.9926806616564968,0.990717214219551,0.9812696610718051,0.9820213451272466,0.9682244022435812,0.9954087401955755,0.8930268047760332,0.9697499076063835,0.9936150393898107,0.9851185385560121,0.7777900585543531,0.9805914786200245,0.9848001627883973,0.9915953291332967,0.9893380901000861,0.9878908641615809,0.9913663230368341,0.9916214586379172,0.9878930614060006,0.9760994933620706,0.985939165561596,0.9960737793062967,0.9550234252173061,0.9823167849412645,0.9908360379047546,0.9361971522137194,0.9874651736070498,0.987170004448915,0.9896574080619421,0.9141092312811882,0.6751975177194024,0.8933912152292203,0.9683836661326755,0.9881963611569136,0.9531589718173288,0.9873639962154768,0.9815705374798175,0.9953924114773924,0.9722358776667807,0.9893996676915812,0.9900521848364752,0.9833736994889952,0.9887564721313169,0.9746106039388938,0.993381164281193,0.9908147325920853,0.9853851220936282,0.9814115170451558,0.9342795310608434,0.9433888391406845,0.9940650986229943,0.9895983456611623,0.8053564016799677,0.9767722754519037,0.9732106098265639,0.9650362830636349,0.9841304198916732,0.9932172792276269,0.9857503052558682,0.9725330817376072,0.9886346473434401,0.9467575667682498,0.994502299866099,0.9802754798862388,0.9940759161879122,0.9984207701173312,0.9776976834187805,0.9404526583175207,0.9884733305593499,0.9043181145193049,0.9742531159183577,0.993600529938124,0.9849945410901076,0.9856593806809855,0.9030621126376575,0.9631505918365204,0.9937744570532306,0.9891191322930251,0.9914646991915694,0.994646999073491,0.9259984150869172,0.8870662060638735,0.9920746624364456,0.9484999305560786,0.9104699552385382,0.9788894947529208,0.9951549144846078,0.6638023250820272,0.9632868022711382,0.9908129325553594,0.7594803515045376,0.9361822661937408,0.9815191949593076,0.9915071639601604,0.9105195243055634,0.49797853321911983,0.8885832335112439,0.770114107222705,0.664732593780989
Mapleton-Midwood (West),0.7475638907235055,0.8281849785373636,0.9564566854438221,0.9845094822708806,0.9214363668697297,0.8905285072144584,0.9322336361089871,0.7661906543474241,0.8915041490958502,0.8511799106070479,0.9080846018169735,0.825272632867053,0.9803511490585619,0.9737985121433813,0.9370787106988173,0.9587712481528489,0.8965482174076673,0.9601793412221058,0.7788828558161851,0.9499302063563215,0.9861668722651592,0.9905046363184563,0.9178742851396493,0.9326245938617327,0.9028515501258957,0.9630770292944137,0.7551678662739504,0.987050748378722,0.9557012242397915,0.9864006488702779,0.9696247956760077,0.9809940967416232,0.9439983936563796,0.960288658195806,0.9957807412009247,0.9068574772153577,0.9717808231463027,0.9536640544597134,0.8278342038196339,0.9787093148121551,0.9230969586890015,0.9709653495774789,0.994351961041316,0.9466087751405543,0.9381197220318848,0.9769428210557315,0.995954016607268,0.9943721618251153,0.943970160209111,0.9983064167395499,0.9826357659369728,0.9972209845271602,0.9807276454692996,0.9956204833402025,0.9983235296255057,0.977795839378082,0.9906508149167335,1.0000000000000002,0.9649178311124031,0.9949660630067856,0.9879807881524875,0.8938044227991188,0.9912638690945127,0.9783876234651891,0.9742235839391729,0.9929994221118186,0.9369811253905428,0.9475355324309863,0.6968311613471877,0.9637494964473017,0.9985475889082538,0.9802515299291199,0.9853179332950818,0.9969827073333839,0.9916942603053872,0.9782043200304925,0.9931044001714201,0.9981232733301395,0.9809323761904962,0.9926444266146293,0.9475262588952046,0.9952965454720293,0.9822014147119262,0.996015323199516,0.9849798056873359,0.9154367387015896,0.9927939453050334,0.9976369616816764,0.9886416366908115,0.9738631358915243,0.9994222471236226,0.9917437656534199,0.9938402218624743,0.9954890640460335,0.9890471565729737,0.9968128797498647,0.9981421417684608,0.9954394638115124,0.9972237752643114,0.9922264764828057,0.9950386560940746,0.9484789570134964,0.9597506669513725,0.9954678350380176,0.8701784038065067,0.9907260686197882,0.9966823169352848,0.9954141201282565,0.8373305896772761,0.9944451167366147,0.9958737321196015,0.986323513823864,0.9886792581311576,0.9984553041836854,0.9897823267170736,0.992690953499074,0.9960209028091593,0.9927449145789571,0.998391906779585,0.9840254366774114,0.9262786723740981,0.9968692600544697,0.9945569450633505,0.9126837517604787,0.9955470480992177,0.9698451693573267,0.9948404122537905,0.9426031457037927,0.7243777376113081,0.9298884352768001,0.9484521122460134,0.9953177933032573,0.9814755932526398,0.998183322940759,0.9948888899620297,0.9970298009051776,0.9922728160049188,0.987548511444785,0.9815039886878192,0.9955427885075541,0.9961159443023649,0.9932786802811008,0.9983317175285965,0.9951898292364614,0.9929470116128915,0.994937430213817,0.9050663333748438,0.9779764832550583,0.9884479669165678,0.9891609286111197,0.7697605176517536,0.9443473526433027,0.9920367440500061,0.9891336022598862,0.9955745422033069,0.9933631440274964,0.9817184455789462,0.9914877471807376,0.9948089761440271,0.9744703114412613,0.984660216678504,0.9935101448544664,0.9948310628835407,0.9872987489892209,0.9942975592741187,0.9125244886234759,0.9962693283517979,0.9425321182581049,0.9819726863196816,0.9889259508753472,0.9600578669629828,0.9895000273468664,0.9436723232716772,0.9884495884239578,0.9925803263506887,0.9780060557203574,0.9899659581460364,0.9906883399489883,0.9680478024002133,0.930539985119159,0.9844520648539568,0.9663854764394382,0.9507045731252287,0.9828842751251824,0.9900795359071172,0.694961688666863,0.96461995050254,0.9745543917747174,0.7938136969192732,0.9650502542873607,0.9705621568599375,0.9761849802844511,0.9574362012947549,0.5241122940493206,0.8746771816784793,0.6847735883791501,0.7130550032644327
Bedford Park,0.78984145658187,0.8722118278081942,0.9828103794219702,0.971612132736357,0.9654009897735176,0.8914537999651113,0.9687456626378832,0.8391294662981935,0.9653534275337496,0.8813837215618224,0.9733886911433774,0.9234364202098684,0.9630789819192501,0.9310614729740941,0.9335447877702407,0.9755512777110695,0.948736253954309,0.9786714616712636,0.8531487762568513,0.9483241748982695,0.9811655773601883,0.9558433815964813,0.9805808677083637,0.9530569409529607,0.9568275748006841,0.9653573982293779,0.8263723406100909,0.9779936730101882,0.9928009350450443,0.9454455959097284,0.9772254447329779,0.9512808851288027,0.9433247305720686,0.9966549260857778,0.9681562168436737,0.9475873734539368,0.9651011564168787,0.9056401604585845,0.8623575512554994,0.9337120747733293,0.9772092003302919,0.980903510742238,0.9658768949045644,0.9444239815840746,0.9611988127912776,0.9895480960481678,0.967656855312268,0.9858635084810222,0.966166819046596,0.9647482165379799,0.9912907404263516,0.9567681839632655,0.989353874076551,0.9518852275384294,0.9631363200950797,0.9528454341681111,0.9747653771680145,0.9649178311124031,0.9999999999999999,0.9482241424435613,0.9908482772260517,0.8929175955358177,0.9448050011326147,0.9931681592357466,0.9609372446394193,0.9881863680331856,0.9132974684011297,0.981517609318833,0.7988006054493068,0.9579449046751934,0.9498957371374891,0.9075501554833723,0.9514804142121694,0.9742112049365871,0.9429968132626803,0.9710127576444174,0.9443691325812419,0.972319934560701,0.9324299076747012,0.9698855358323106,0.9821731154642899,0.9715179266419793,0.993125800744163,0.9753356240904305,0.9599551432288354,0.9245260140044154,0.9688367540966151,0.9565358613710764,0.9865711153154378,0.9456172730769072,0.9608129210730612,0.9586524318005639,0.9453799011595136,0.9461653119164692,0.9428845755918924,0.9606391860721052,0.9598179740367857,0.9388284053458809,0.9798858319848115,0.9486487842448009,0.9347586034466658,0.9633245765694638,0.9994831342693676,0.9631979841885294,0.9551686254642233,0.9218523347022658,0.9767371491270317,0.9414247598256784,0.8203791093316065,0.9335815227410453,0.9395432336711593,0.9519584987129388,0.9873583982556354,0.9533181990861451,0.947663346189726,0.9707940109195767,0.943117168688667,0.9281818416174688,0.951142629297177,0.9586098636911294,0.9861030804230037,0.941175141639015,0.944566806772689,0.9806567841603658,0.943777127345393,0.9577274302884713,0.9467872707213425,0.9368734733458242,0.7752538257568169,0.929456185788828,0.9835825893552641,0.9440021930730034,0.903423443172944,0.9487088241383514,0.9374479251827044,0.9679042477846768,0.9253475788265991,0.9792271562156989,0.9553265263178292,0.9390617794840739,0.9546325483650361,0.9287893062028764,0.9653137081635443,0.9469098993152937,0.9395790197413982,0.9375187245542292,0.9658308540187526,0.9222981765693702,0.9868492572087108,0.944989071772796,0.8804869787718836,0.9736127250557015,0.9254694896005037,0.9178270355396525,0.93787990025619,0.9505898140471205,0.9411866895690983,0.9246460422715024,0.9457480870745403,0.8946940248271631,0.9527299428292918,0.9325954821337766,0.9570080699886053,0.9648895385898969,0.9323528702560261,0.9841200993653841,0.9624142214280915,0.931417170577803,0.9844069788200702,0.9707908819605393,0.9608550292862548,0.9546693152653128,0.9020777398929097,0.9465500095858614,0.9574026909437783,0.9716775786449116,0.9604643409773974,0.9490993729904853,0.8884642482684174,0.8869378416040578,0.9535833877506052,0.9632586727236755,0.9140129343218146,0.935033996237228,0.9719024059875513,0.7457533786282097,0.9680996964618541,0.9458719144069088,0.8536732409852767,0.9310507996784839,0.9467826582786042,0.9844901157224548,0.8870356327717456,0.6465705451679966,0.8918954982723053,0.7645078791147826,0.7642540419700625
Arden Heights-Rossville,0.7213935861415827,0.779688197131954,0.9302423091146516,0.9774160200439609,0.9069676551163186,0.8866400491752819,0.9229091388598633,0.7429081401051432,0.855451038741987,0.8512158005253376,0.8748959806163877,0.8081032476714812,0.9649289831894673,0.9651284642727117,0.9412662979911154,0.9294708505589214,0.8589174443958046,0.9531898545722001,0.745262902436198,0.9525967842242548,0.9829915122857585,0.988405282611363,0.8828407512507738,0.9275762254983323,0.8952416683349784,0.9646837682230925,0.7531414612283533,0.972377588453719,0.9287208700005083,0.9925689043723647,0.9678712549845607,0.9711081190573388,0.952039183231624,0.9377568082563504,0.9970160533326945,0.9023952396194,0.9765402579151233,0.9312517336453514,0.7886735311949854,0.9600049241957973,0.8911680474668584,0.9688831043202278,0.9949792754613005,0.9139125218837012,0.933690178363674,0.9543665527050493,0.9970035689053814,0.9835469798792884,0.93899176247059,0.9931881857885576,0.9721104666146684,0.9970771674245295,0.9665926005499459,0.9979851791449794,0.9971677198081713,0.9894508005527342,0.991876537898983,0.9949660630067856,0.9482241424435613,1.0,0.9777768336623839,0.8462018767447032,0.9960137368861394,0.9597341142008436,0.9817527523599141,0.9848215735639755,0.9040497070280292,0.915246848305103,0.6866787511722076,0.9338264128161425,0.996410087365929,0.9763217004533199,0.9946336779717573,0.9876676757701216,0.9957361344474714,0.9811749063797132,0.9974538454910414,0.994801449190568,0.9627163256300926,0.9936040811473323,0.9379310046518254,0.9847471263122043,0.9715485451996972,0.9946809884765563,0.989297595415929,0.8725292185305216,0.9950624578507548,0.9980172571700036,0.9850360535796591,0.9842063174989343,0.9961791564588985,0.976009974981041,0.9978820855180853,0.986444345374198,0.9942738011039379,0.9985218852227314,0.9989118733782484,0.9976629087002463,0.9888921509209594,0.9985755235609726,0.9958113540826911,0.9555900700843469,0.9408410402390089,0.9981296913664842,0.8417965819120311,0.9886884055061801,0.9921216539480691,0.9985025847490533,0.783335804082703,0.9950257996508641,0.9980252481420098,0.9913598912819604,0.9811777988691736,0.9970331999175811,0.9963417938416338,0.9917881680328449,0.9991879890139675,0.9919387119855887,0.9965482317818791,0.9916949460356813,0.9126201290185944,0.9956689663530569,0.9981273693731625,0.8925543119478118,0.9991083651211135,0.972480020454862,0.9996467088238189,0.9073119929222425,0.6522846306511235,0.8886628534690711,0.9331826008258487,0.9991505934882817,0.9762963035159292,0.9977017122283425,0.996744006658469,0.9966137495313674,0.9910939597511429,0.984402395153282,0.9897422117420066,0.9977521996873219,0.995891465964993,0.9930576086151811,0.9966227768045153,0.9998378945405917,0.996065125719244,0.9969438768254856,0.8942818908336592,0.9598534805596899,0.9826848649714715,0.9950364365030034,0.7384587750109574,0.9428036862337754,0.9906780260149949,0.9864845808118223,0.9971198891601702,0.9996162335325786,0.9886323280705502,0.9902284516020025,0.9994099629528412,0.9683498461469763,0.9941160644845162,0.9939798491851305,0.9990914099779276,0.9912766945676771,0.9947040329056199,0.892940781611647,0.9949726449757716,0.9078241201003717,0.9634648703524987,0.9859143563271744,0.9669254753753848,0.991542319395834,0.9123654511404883,0.9716230356126795,0.9973424318305095,0.9800973086201117,0.9865172308558351,0.9967414494098825,0.9555011270604115,0.8975952394205733,0.990173253093115,0.9376752534079054,0.9190918008798332,0.9880584199880205,0.9925428339718609,0.6279590130161075,0.9515747224728923,0.9833625254740526,0.7306733802099363,0.9392349165278038,0.9789228827020541,0.9763729890204758,0.9368419562554664,0.4545280333030404,0.8736251250139426,0.6990916570303797,0.6494520029411156
Kingsbridge-Marble Hill,0.7546052767436668,0.8462736115027129,0.9728359416208048,0.9810178883857952,0.9499954716238915,0.8940596741500554,0.9595603907893048,0.8032752857797579,0.9340601457877208,0.8730068006841463,0.949546112016259,0.8852502806119403,0.9732281252872438,0.9507657595730731,0.9410692180092217,0.9689258525350714,0.9257484284914972,0.9768218691429064,0.8125478140936193,0.9550760562444404,0.9919178007497076,0.9747508760313583,0.95427436305442,0.9529208018893967,0.9372211564916741,0.9694366155800426,0.7991780399477013,0.9853157525969771,0.9802305617084885,0.9702282411724148,0.9823781237442275,0.9658327802592425,0.9535708972311947,0.9874537539826241,0.9887133533863276,0.9397389254929996,0.9728861735905046,0.9244165851576415,0.8341328509120122,0.9552347114803649,0.9565374793651851,0.9837187866195166,0.9875965295072542,0.943406538818044,0.9559314409322962,0.9874671264243036,0.990248184237106,0.9972722755257822,0.9653162186459211,0.9857441132426118,0.99908123968609,0.9811790960848981,0.9913652060555401,0.9787103927431388,0.9887317735250889,0.9757243851600547,0.9881691438697958,0.9879807881524875,0.9908482772260517,0.9777768336623839,0.9999999999999999,0.8936075659463323,0.972754367673903,0.993265846859528,0.9801460867001206,0.9987916617758552,0.9250870012221278,0.9680177368544093,0.7397826319714271,0.9599653412314395,0.9796260311676984,0.9427673432307082,0.9792399994138732,0.9927827666617026,0.9716184858386708,0.9860243477630612,0.974829136031072,0.9935805374643741,0.9576313767575276,0.9854018816353513,0.9698813869054008,0.9889867280983281,0.9987846100917184,0.9925376252591296,0.9808008930128878,0.9239048372053168,0.9857927859409906,0.9848448723386005,0.9938927846458094,0.9689141769115647,0.9842070706430524,0.9801313587560212,0.972945635624739,0.9733191410147568,0.9735983285426121,0.9868523851911586,0.9854703332181591,0.9734239370805425,0.995519762937845,0.9796343093177488,0.9688607848509485,0.9591243417415107,0.9891520929114958,0.9868018543290685,0.9240113612640857,0.95857066548101,0.9959194689780831,0.9754425544038208,0.8292919046689974,0.9679990773935303,0.9730876684991195,0.9769954590649175,0.9995079182118937,0.9809039211962657,0.9771713397763,0.9934784671302952,0.9750853177703042,0.962480802692428,0.9815972225305868,0.9792098312152732,0.9647540965450381,0.9735947782828733,0.9725221324399201,0.9579764717121285,0.9754868489174178,0.9686282340677433,0.9778886916801924,0.942455484017658,0.7494002787863782,0.9319641900496483,0.9662398803325546,0.976691290055483,0.9426516429281167,0.9788522595063375,0.9715440814400079,0.9884302026343715,0.9628443314841871,0.996569767185742,0.9809583509199716,0.9732269141127966,0.9840400739640348,0.9665877117883523,0.9872298336421634,0.9776532091841587,0.9730910478349348,0.9726045307190556,0.9517946071257808,0.9505456238476286,0.9932454883381692,0.9751194740392057,0.8350091384562203,0.9625476098242497,0.9609652580574795,0.9564160109197102,0.9708065678355721,0.9787629192351449,0.9705353493832581,0.9617012855295096,0.9779660752271807,0.9330627956090672,0.9772994001177115,0.9666331829186551,0.9832058648102304,0.9808029466671171,0.9678904201617125,0.9528643776055701,0.9895713206532294,0.9468682855545997,0.9861591323020003,0.9861365065548199,0.9703695850456469,0.984793197173387,0.9221030955520857,0.9692743741044878,0.9811359419430719,0.9883723540871844,0.975685980661854,0.9738513040282103,0.9306903032906071,0.9086321963063112,0.9773527984022152,0.9641465146653558,0.9322567729995909,0.970252344713421,0.9914723063336491,0.7104234807873883,0.9805342834409243,0.9594751447036886,0.8281616701651963,0.9435225508346494,0.9726016576738791,0.9910190014388809,0.925481680941445,0.6104619960825255,0.9099902426813434,0.7129271134235462,0.7565336180677306
Long Island City-Hunters Point,0.7960587857973282,0.9520942542827783,0.9454732948603338,0.8953307303854953,0.8653811241963539,0.8211134238890965,0.8512343533400378,0.786714257019828,0.9207780009678643,0.7591692459337961,0.9240362493177402,0.7775122942454623,0.9340910146025265,0.9096532661424972,0.8114883634738848,0.9632042189862887,0.9476296092332722,0.8658612527213003,0.8405110813735949,0.8250461907931368,0.8706838525513311,0.8822275710080383,0.9315885733929499,0.8415215611301833,0.8124608280701798,0.8332208465014708,0.6765972454696703,0.9281884120320145,0.9364889583198268,0.8417631835239139,0.8500346469097684,0.9140623454228178,0.7922120017943882,0.9201016742274852,0.8600833265311754,0.809167253875306,0.8239018903152487,0.955654517463058,0.9149845372125115,0.9514966236884376,0.9351973990204178,0.8498922783424934,0.8661452610291793,0.9794532309846758,0.839277318468618,0.9427060248697844,0.8602855384346567,0.9038869264576581,0.845614123222508,0.8971836292912889,0.8909947648661476,0.8749074949388836,0.9138119999389502,0.8634306339278313,0.8757193068442544,0.7936699051051849,0.8517729284484382,0.8938044227991188,0.8929175955358177,0.8462018767447032,0.8936075659463323,1.0000000000000002,0.8523303322656002,0.9271116698923361,0.8121959855816603,0.8908630751139979,0.9840465973275391,0.9575551006968148,0.6433469802777226,0.9748064796894476,0.8828237403742938,0.8947500996599246,0.8114705536352191,0.9020511577252739,0.8569474580957754,0.8360381165394932,0.8550296992842783,0.8809354356304029,0.9503435271314744,0.8585686369251222,0.8593464345381492,0.9187881221178757,0.8912589811738395,0.869197304868909,0.8436452804288985,0.9951070949135877,0.8471032553197109,0.8656872279417086,0.8638502173347827,0.8083935032976665,0.8851190357560321,0.9411063083454141,0.8549124498415537,0.9132476339724347,0.8494803733089659,0.8582437428718225,0.8649724506351546,0.8618808583697897,0.903102176689282,0.8375294594358597,0.8727450069313378,0.7760246044693787,0.8968841555975012,0.8502187912244132,0.8681386489098305,0.8849967888802487,0.8841002696560821,0.8571888011586372,0.9887988594053593,0.8750777111044405,0.8647589404475665,0.8452073919006642,0.8822486706386481,0.8760346972690873,0.8394897890782518,0.8644436945458776,0.858606838000129,0.8802904270801934,0.8821265208321015,0.8232641039441437,0.8464397033946816,0.8809616929189316,0.8567524361734112,0.8654550885525472,0.8530052527146718,0.8404339678732413,0.8458591655954348,0.9889329063986662,0.9512351622833847,0.9929603812307138,0.8828129639653212,0.8554791595352143,0.8962786212703592,0.876698751972337,0.8613195637060203,0.8638469178700711,0.8814034312881829,0.8647671645897291,0.8163496041193885,0.8617525826619538,0.8748082137407628,0.8763588601353602,0.8724599050409372,0.8497994222735773,0.8626594594899392,0.861522682812242,0.8209298842890825,0.9420560126557578,0.8702638964583203,0.8448495788008462,0.8001766327921025,0.8175782670418765,0.8820624632412299,0.885345968754153,0.8687682462957899,0.8366894127126161,0.8363716111126348,0.8841738250198847,0.8479027233082713,0.9012614223199955,0.8156095178858912,0.8766805101822464,0.844351702816065,0.8425524659605516,0.8707241264438694,0.8520220949202076,0.8701851837912511,0.978184244129549,0.9208716681669042,0.8798920159706224,0.8037953005152517,0.8558218407198752,0.9814882417294837,0.943730164869463,0.8362974290957655,0.8377817449286564,0.8850846669157049,0.8415198087291899,0.9141061245975075,0.9821332743644117,0.83907401205018,0.9706038142626595,0.9819812742820404,0.846519072484283,0.841775096902878,0.9219766233881512,0.9029422067694494,0.8070669721477579,0.9670887935397547,0.963429475186106,0.8129220562364645,0.8297923752939146,0.9444728062039831,0.7526110104723142,0.7737264057889495,0.5047293323173226,0.909094123663075
West New Brighton-Silver Lake-Grymes Hill,0.7696607283569273,0.8073957042186941,0.9389764864382737,0.9873134645407851,0.9262273095197721,0.9215593126370542,0.939541674469661,0.786500807949634,0.8660864977097564,0.8866625203770319,0.8837750229009906,0.8287262985937393,0.9763219386397044,0.9806260523708343,0.9632401525364691,0.936238664112047,0.87648090441828,0.9654583832683806,0.785027829132631,0.9708611605441282,0.9870219210114839,0.9959319310796051,0.8831697746241987,0.9475198758451159,0.9137692373353328,0.9770718620516664,0.7936559949686469,0.97881494130535,0.929316135383898,0.9990081859306017,0.9765075906838678,0.9838859541870444,0.9672162523160275,0.9377909017835891,0.9952842086480217,0.9219605787979428,0.9842535879161027,0.9442469513613682,0.8222947862413816,0.9651849775512428,0.9007597747722741,0.9761257071805435,0.996763147970488,0.9249112696387212,0.9521731487063237,0.954911920713768,0.9936791311197175,0.9772808746953614,0.9545994289734435,0.9945909268968587,0.9690788131225283,0.9980886656073954,0.9723141953832519,0.9992111610495341,0.994209636466844,0.9860271113328224,0.9911826343063428,0.9912638690945127,0.9448050011326147,0.9960137368861394,0.972754367673903,0.8523303322656002,1.0000000000000002,0.9616042157301381,0.983680901765414,0.9802058620574599,0.917413660199901,0.9182268274920591,0.7238339196034218,0.9373562386546435,0.9915413447979082,0.9826711686615879,0.9880596549678609,0.9790787700639642,0.9998847607978123,0.9845862316484925,0.9994209818715788,0.9905945213274853,0.9652768059496901,0.9944090007317274,0.9494390112552196,0.9877570658778427,0.9697109635326064,0.9923872657585194,0.9948759053303522,0.8799348815847876,0.9901612014173625,0.9910038177954985,0.9806161668209717,0.9910026380865581,0.9919755001052275,0.9765640989935191,0.9988476024503506,0.9825720190883369,0.9985883227613855,0.9927729120732687,0.9939889831187181,0.9918476684530524,0.987455546677908,0.9946317306621477,0.9934644794767787,0.9560496478349771,0.9367557737182498,0.9918480972400929,0.8564412671063435,0.986218173144274,0.9883794904986595,0.9928650144499447,0.7899765127257055,0.994247061305018,0.9946278890396943,0.9972504456896687,0.975131294887978,0.9905032547906758,0.9978665393802847,0.9875202191670862,0.9956370989341327,0.9905736087385151,0.9924699373409422,0.9938996225382429,0.9191259250510613,0.9922588028222972,0.9977282663149765,0.9010465560048967,0.9927851329400195,0.9855934636617026,0.9936605042152268,0.9159267959832711,0.6592488386348794,0.8870925254412669,0.9425661374822064,0.9962458284643263,0.9751967703915168,0.9944301138288643,0.9892392732218139,0.9898383745302781,0.9879487747409544,0.9790904272162384,0.9881778630734113,0.991846673394804,0.9954259473997362,0.9890151099707702,0.9898837791634938,0.9966067654524603,0.9978774008558374,0.9899192765186557,0.9043308034418087,0.9550783747107587,0.9752816418030668,0.9984055685564324,0.7669677139170094,0.9520988515501598,0.9882940031838758,0.9818088616395647,0.9949588144215595,0.9946865961712352,0.9955946232687827,0.9900865189789012,0.9938632613862819,0.9732587649013401,0.9939719007358943,0.9950609901153319,0.9929565570600812,0.99469645922933,0.9886539990118891,0.8951490603506812,0.9876230077563368,0.9046923355581676,0.9544143792644003,0.9929096025915521,0.9754423705441869,0.9897453416908057,0.9189306102591677,0.970306650349946,0.9890937843062572,0.9810044432744175,0.993437316309617,0.9989306262447495,0.9478762396137825,0.9070379492462127,0.9959854477988129,0.9414508449625668,0.9207299090718439,0.9924312936390933,0.9859331689814418,0.6568106033668839,0.9602656184611779,0.9848689084363987,0.7380986792379216,0.9402691327109912,0.9838139821584672,0.9692476456270513,0.9334510848357738,0.46495778566373946,0.887542655494104,0.7182158045257083,0.6575613356719697
Queensbridge-Ravenswood-Dutch Kills,0.8145386199645582,0.9017515759364957,0.9929781660791985,0.985779649706715,0.9693625318461274,0.9166300005692043,0.9715810612404655,0.8526730804732914,0.9649483237842417,0.8935549682187938,0.9749550455296154,0.9095722454430876,0.9854929310167027,0.961150842419647,0.9463605555794083,0.9898490398081048,0.9627175306312954,0.9833682940979181,0.868391233412193,0.9586403039663112,0.98751785337616,0.9733745487039469,0.9761217825152502,0.9628622497706567,0.9514942493772147,0.9698695997092446,0.8273772231095309,0.9932240945558117,0.9942274595033495,0.9604698140425282,0.9809818753617863,0.9752120884716585,0.9492288868903275,0.9963786623290131,0.9760359906004934,0.9492879851944523,0.9672953409073334,0.9442065922807816,0.8900056461833111,0.9645911669516243,0.981902356437423,0.9821967186966968,0.9776012764540816,0.9705869331967046,0.9662364627800328,0.9974025129674526,0.975680545535934,0.9908792122821293,0.9719299315075153,0.9807471647479705,0.9937583340137937,0.9719051187599406,0.9978796292564993,0.9672408511221907,0.9757706975560047,0.9528887131984106,0.9776484216892323,0.9783876234651891,0.9931681592357466,0.9597341142008436,0.993265846859528,0.9271116698923361,0.9616042157301381,0.9999999999999999,0.9640397667525356,0.9914974045262669,0.9519381842822935,0.988605507759494,0.7811943681216681,0.9786662731531398,0.9662801572996105,0.940708119249199,0.9549091000694324,0.9826282698739133,0.961159246434414,0.9751952929635921,0.961662059100757,0.9816704461077543,0.9635470497385875,0.976358482227364,0.9799223969339869,0.9890960611693372,0.9950566648862608,0.9816682878496237,0.9708819361587535,0.9538122001082727,0.9710696619412235,0.9674839934768973,0.984553339352072,0.9550571003280239,0.9733963890624887,0.9818419623392257,0.9605387899816836,0.9669936127307452,0.9610348384471461,0.9696350199639778,0.9701581875018603,0.9553430897801084,0.9904664004097015,0.9595016937256069,0.9552646421695538,0.9484837211389472,0.9923561096208093,0.9690635323283985,0.9505927279238985,0.9471510085219071,0.9852331503894618,0.9567026351675816,0.8669666318219962,0.9556706048890048,0.9573071459103695,0.9664140040007383,0.9893800585462217,0.9662047262015019,0.9614382626283522,0.9785045217456779,0.9586160975355169,0.9513923172164038,0.9680630272588571,0.9645458868892525,0.9740494192098554,0.9606155416702049,0.9595030314183385,0.9727237262123722,0.9565901338150571,0.9680862619858049,0.9580142067960644,0.9672705174543549,0.8056455631622121,0.9540082772016865,0.9810090973514578,0.9596325791282228,0.9349404044574086,0.9654648993727151,0.9528350970209387,0.973417068077239,0.9496072743795095,0.9826465291592996,0.9608745846553184,0.9552654160142912,0.9715823090551564,0.9514378024778537,0.973172566531544,0.9601581868058727,0.9600551938097553,0.9536844378529831,0.9582593496600518,0.9507087904270213,0.983567802625347,0.9613181320748286,0.8769500244654992,0.9655128056607151,0.9492953894624077,0.9433329884413894,0.9569034357759999,0.9591216750562888,0.9584749570062141,0.9509668141447768,0.9582201588566506,0.9312544787155727,0.9588465206141401,0.955967441566717,0.9641658405409606,0.9713428477233303,0.9514010570990703,0.9658772457266862,0.9724858192002444,0.9587979810812965,0.9858923841185594,0.9839013367541514,0.9618801865344931,0.9683024113681645,0.9418496245674044,0.9712865598262215,0.960862870277081,0.9753741192626989,0.9756666849035537,0.961087662547016,0.9223147909253124,0.9313463417445336,0.9662327324478224,0.9822226653756807,0.9484939695559014,0.9560018133711558,0.9731644125693178,0.7839872154563166,0.984619012930383,0.9473140227427694,0.8762787983617092,0.9572929279542477,0.9568390881607951,0.9756299606084737,0.9263157541968222,0.661371596375832,0.9049747628054146,0.7236458465897474,0.7991630240039287
Hunts Point,0.7488281920837117,0.7850960974646338,0.9350913526094514,0.9770717734825634,0.947129678192893,0.9228836249439651,0.9643950103113419,0.8079207487341484,0.884107722992165,0.9128541176103963,0.9044862894572568,0.88390390465345,0.9548898130508215,0.945945675609392,0.9721740368194334,0.9223531729384746,0.8778536366763173,0.9794996426955928,0.7921640862052483,0.9797260222689533,0.9924019881634183,0.9756064192046682,0.8945206717623161,0.968913047617702,0.9467927926543542,0.9856936919777157,0.8434549217360738,0.9642049310856813,0.9347077829242265,0.9862210176284589,0.9911694692866201,0.9572822224306443,0.9871127203542255,0.9511239193563229,0.9892862064898877,0.9587064488348086,0.9890695491227169,0.8900275721965872,0.7911768031684032,0.9219754349148691,0.9125300856103111,0.9898237889484219,0.9911860306739192,0.8921309655899701,0.9692352701982582,0.9477387106296832,0.9898446815755737,0.9724536707283442,0.9770319529160725,0.9764316355382516,0.9819069303478672,0.9800992704356045,0.9733121865413551,0.9827100754828952,0.9842306158039661,0.9955999392991126,0.9894624697247246,0.9742235839391729,0.9609372446394193,0.9817527523599141,0.9801460867001206,0.8121959855816603,0.983680901765414,0.9640397667525356,1.0,0.9812246959362892,0.8763776794402616,0.9138567453194646,0.7571450534507883,0.9064182097234402,0.9692731977480921,0.9360827358639375,0.9915527352313163,0.967730247394731,0.9810879415185326,0.9987655631743464,0.9836843265204325,0.9844566298785011,0.9235602415821154,0.9867127507249345,0.9662648685759525,0.9728336894860993,0.98209998119674,0.9882450742584346,0.9956492744590197,0.8548068204538031,0.9839533883490181,0.9784890622542443,0.9836540247254187,0.9962637078052415,0.9721224379485045,0.9513950407896228,0.9785092877290666,0.9498242473631786,0.9875364421911125,0.9846085951519497,0.9813164631769492,0.9701575209608492,0.9797719262580687,0.9879939311839173,0.9650551323185764,0.9720334533147247,0.9554670992289931,0.9854486504127085,0.8959846808370453,0.9482643854727155,0.9858057243556023,0.9744594682980998,0.7366664075601651,0.9654848977288486,0.9716687425487346,0.9928171606942112,0.9838260137904918,0.9699845060827716,0.9912273555339834,0.9908659160713694,0.975534122571975,0.955524809133863,0.9735286683014849,0.9962492139258097,0.9517879549963388,0.9656812853716358,0.9755243233581242,0.9375277902639373,0.9739748543771686,0.9867069406316056,0.9798682545696736,0.8868984700172654,0.626983271140983,0.855092033717662,0.9472852909948599,0.9800031149442877,0.9265617630792616,0.9731083951677412,0.9652578871460945,0.9802284602212274,0.9545180343374955,0.9902497643209276,0.9979226409491023,0.9696199554797962,0.9840009087533963,0.960061703142219,0.9762612763153291,0.9819311485875283,0.9798638442817603,0.9677097005778654,0.9525819640299338,0.9083802058520415,0.9756137936627101,0.9895574002866757,0.8165992533151787,0.9699483200230291,0.9520028068969165,0.9430271130219838,0.9687443284387729,0.9844584860817148,0.9913876169245237,0.956131311295708,0.9803789104668552,0.9204683606099159,0.9952810622140895,0.9656166293289768,0.9845559293512204,0.9906371187913326,0.9598684922211043,0.9227797025758911,0.9816529984838982,0.8842988677840841,0.942521354314691,0.9883103210380355,0.9948509464297611,0.9901781071254951,0.868073887083574,0.9343637317832988,0.9805724800750889,0.998255606210769,0.9729976414070823,0.9849414728921796,0.8959391494425339,0.8550557108537307,0.9947489032879192,0.9132460968448839,0.8730968175547256,0.9863726089402116,0.9918091682663395,0.6142332585220746,0.9722424690428845,0.972408733862822,0.7253654028768386,0.8914403061776287,0.9975136277917371,0.9878726429491006,0.8816122204376331,0.5151297674857338,0.9371483952733578,0.7522138501885369,0.6618537296541013
Inwood,0.7603372318329723,0.8423779208633971,0.9714292461131298,0.9854457703163478,0.9468377391807553,0.8960688250924671,0.956267220318536,0.7984338390727101,0.9262835159220927,0.8716148461315434,0.9407424187133748,0.8753116913369791,0.9770694970242059,0.9589579980109971,0.9442135158900646,0.9684722589311792,0.9199590899117334,0.9764543711268403,0.8087923677224188,0.9580438400363788,0.9934784757511558,0.9822846459028927,0.9484723167158281,0.9502645767696877,0.9343243419877807,0.97301835610161,0.7933089043506084,0.9884280894157303,0.9767844938888759,0.9778130646570972,0.9827511251886363,0.9725005441342742,0.9549543483923909,0.9829026513443196,0.9936377010851012,0.9344297011244814,0.978397067840804,0.9325987217235082,0.837031127478611,0.961757260663268,0.950239443861792,0.9848402564750118,0.9916848138093091,0.945436926781484,0.9560770759201838,0.9873661271257502,0.9940848982897502,0.9989618934884,0.9628513823753341,0.9912468714856922,0.9963160075608726,0.9880098345597285,0.9913450413475594,0.9856167534450132,0.9927341709903363,0.9800133857446462,0.9933662003544997,0.9929994221118186,0.9881863680331856,0.9848215735639755,0.9987916617758552,0.8908630751139979,0.9802058620574599,0.9914974045262669,0.9812246959362892,0.9999999999999999,0.926343428871901,0.9651688222938067,0.7421674933001478,0.962468501652306,0.985957623488623,0.9534807881107573,0.9834113709769442,0.995543838644232,0.979331799005529,0.986670018513141,0.9814883225142663,0.9965729879000543,0.9632473739235272,0.9916890855952109,0.9698870783145839,0.9919054164731633,0.9965098334367076,0.9966047745700856,0.9845574019124543,0.9191860735684313,0.9921751512293473,0.9898361389966798,0.9971755259704933,0.9732533679066778,0.990762032159152,0.9830068779690204,0.9815249618999147,0.9802501976480478,0.9790611645702998,0.9915477753236832,0.9911715678077953,0.98038732745653,0.9979339249258481,0.9846745194390385,0.9770927943767956,0.9652945963595818,0.9850489949901511,0.99199810078037,0.9128612278857487,0.9677646560274037,0.9977751512383944,0.9819403995087996,0.8253553844894825,0.9760960427295815,0.9805074029604448,0.9816271420443475,0.9984606565632629,0.9876006345990525,0.9823391387901834,0.9943856032279377,0.9824727147576388,0.971860549305152,0.9868794870561778,0.9841667091697893,0.9605412132708366,0.9808923716935217,0.9814301186483702,0.9499713031604654,0.9828628270648975,0.9733138778217048,0.9844504571437428,0.9408798019461654,0.7385673562174883,0.9298287480531295,0.968595883380817,0.9830376339680552,0.9529090423382829,0.985441500082962,0.9792126773005451,0.993972487065014,0.9709575432085386,0.9954560095427164,0.9830402802951147,0.9804433247538661,0.987860584858087,0.9737910549665302,0.993081182416259,0.9843474960931009,0.9792034431732739,0.9795736697926548,0.9422833313426733,0.9573202277635587,0.9967507365487615,0.9803988431173235,0.8214615853395465,0.9655256212427239,0.9702468664824482,0.9652677350280572,0.978989856930437,0.9855027295769715,0.9748460298307854,0.9698736894910195,0.9840751291040513,0.943965010063496,0.9825553336042732,0.9748655850817999,0.9890747569595522,0.9870637084011398,0.9759344783746208,0.9499309399333292,0.9922003989001923,0.9413950364643836,0.9888430335676155,0.9895104834264673,0.9720126181981738,0.9859863637378165,0.9254583184121439,0.9746141334808287,0.9879034892108303,0.987490625852941,0.9835326678606466,0.9819921373359443,0.9383061745875344,0.9109938351563569,0.9816226196250811,0.9666353662755358,0.9352446164766886,0.9731715679330545,0.9938906234678668,0.7055946924870194,0.9751583750783188,0.9707881308326353,0.8158766062268457,0.9507865402681156,0.9731316913039636,0.9916107489738784,0.93017329696859,0.5773479899112066,0.8965930874101016,0.7247749298034573,0.7344481670612941
West Village,0.8416954269826447,0.9497422337191648,0.964241948689033,0.9466786957861651,0.9085227237776439,0.896073746302839,0.9002676656055528,0.8312262426041389,0.9209117620476948,0.8364103713246843,0.9280506286595808,0.8097116280803927,0.9750250215333626,0.9655787042169174,0.8879702091750817,0.976317238894775,0.9539871634433565,0.9165026635303696,0.8668708036941877,0.8962162841112746,0.9215533266390422,0.9400915016308359,0.9250563318052888,0.9010759873402509,0.8631014952022478,0.8974510250292872,0.7482835116609251,0.9651257696264465,0.945431393369773,0.91067871929806,0.9058339539535587,0.9651003542795348,0.8677726343347925,0.935234854223539,0.9135140675053678,0.8665842376722109,0.8890371674648482,0.9886263016151288,0.9322600176050131,0.9832572446993979,0.943165290788219,0.9037191579529196,0.9221923546645641,0.9924081695918503,0.898263961319602,0.9605740080667461,0.9119777641599859,0.9342260027528186,0.9014472365575225,0.9450677481445797,0.9233722866261351,0.9299286558374258,0.949417978905281,0.92241534966443,0.9251822554013661,0.8593526971065353,0.9051355142002251,0.9369811253905428,0.9132974684011297,0.9040497070280292,0.9250870012221278,0.9840465973275391,0.917413660199901,0.9519381842822935,0.8763776794402616,0.926343428871901,1.0000000000000004,0.9609681481144985,0.6945228037819247,0.9854966016139717,0.9298153007854063,0.9507411403303203,0.8716741088160644,0.9333346044027603,0.9213349553048166,0.894926418626931,0.9178272310971451,0.9254371755285671,0.980614459754939,0.9135536705501216,0.9037068916454961,0.9597228885913139,0.9244333128900334,0.9179462459860414,0.9080490452816088,0.9877065507567186,0.8984238424018418,0.9136833291734608,0.905608008465901,0.882298592198483,0.9305248303607834,0.9725997111669363,0.9162139348303383,0.9511332275658871,0.9155255814049656,0.9090366006260221,0.9154002156451965,0.9145750728684086,0.9425228174371912,0.8970424737857129,0.9269493126432151,0.8346764815183317,0.9128903766627149,0.9015004012669969,0.8815625593838448,0.9353515178609403,0.9268507440348295,0.9111445893042249,0.9623588770604359,0.9305689808938783,0.9197211206468634,0.9116242711624821,0.9169254116041758,0.9221557618048934,0.9044748444907084,0.9119118948084695,0.9146556335451143,0.933313263214085,0.9302636590451322,0.8890899847163315,0.8773668837171313,0.9310958066854449,0.9161543955329597,0.8879237551789457,0.9067824838010248,0.9081481120654133,0.9015077374329982,0.995985098380124,0.8888457385463194,0.9804063981891515,0.916813665584483,0.9130253321887899,0.9435612967616014,0.9276794223738548,0.9118120914435132,0.9100579854142393,0.9323229031570288,0.9068661400213529,0.8793180243248638,0.9143229433882156,0.9283977252682373,0.9276973192585595,0.9171641505288685,0.9079688916142898,0.9238618153431997,0.9127386998252185,0.8585611302862416,0.9655024569008419,0.9059150502686696,0.9107738672966655,0.8162209523646834,0.8714268502773074,0.9333872829754428,0.9327399512029667,0.924122642791425,0.895021060233228,0.9067477002756771,0.9378944764204022,0.9037763266488903,0.9528483932953783,0.8821539190405615,0.9337978457546643,0.8983980832885046,0.9041682174154707,0.9208267855963496,0.8685957052522114,0.91496985708147,0.9750080184766219,0.9359588004196194,0.9348868488254575,0.8718099607687854,0.9106782797731601,0.9945466026645564,0.9721254834340962,0.8886427453955853,0.8929269040177854,0.9400117827951759,0.9063137185616233,0.9438519090310586,0.9951722739657509,0.9060799561869592,0.9832386780964456,0.9897790939805313,0.9124516859878082,0.8913251742523456,0.8867564048197648,0.9427978692266227,0.873299862575372,0.9211069055635749,0.9793589968341534,0.8817780384330915,0.873105221074773,0.9657549948670405,0.6829414375778121,0.8307631846840628,0.5738341652157913,0.8599446304303298
Bushwick (West),0.8376917736440357,0.941597449527278,0.9958374512298025,0.9612209410934937,0.9567559724384148,0.8898075506694201,0.9496449856310932,0.8612849130609258,0.9836592080040872,0.8625750705001742,0.9860369315144634,0.9041153418515111,0.971772709443684,0.9396536460382694,0.906809013302493,0.9969190550328668,0.9827321142213301,0.9580617898951573,0.89337807353892,0.9209035383834329,0.9545245728193309,0.9420480124695181,0.9932939327029062,0.9329080485670666,0.9315554716721833,0.934680148477717,0.8036219224723024,0.9784994028506004,0.9972231152483348,0.9162603895276626,0.9469234282116622,0.9552328038924488,0.9018475973625568,0.9910427883855133,0.9372273265903904,0.9191170349215441,0.9283894429657598,0.942782846025125,0.9239685762424062,0.9550080341641785,0.9921854995584282,0.9499840119383904,0.9384259788142277,0.9834412572804265,0.9394529840970149,0.9937642650605111,0.9355430976249486,0.9684521345725694,0.9420045100272725,0.9509604507525801,0.9679676865215323,0.9355950648793209,0.9811613130950682,0.9268934311477495,0.9378839355450368,0.8990993160505162,0.9413171399821513,0.9475355324309863,0.981517609318833,0.915246848305103,0.9680177368544093,0.9575551006968148,0.9182268274920591,0.988605507759494,0.9138567453194646,0.9651688222938067,0.9609681481144985,1.0000000000000002,0.7879910417995688,0.9869034069513161,0.9308711714946595,0.9107190197443579,0.9026764501819046,0.9570782934707531,0.9188000021770844,0.9319073392309892,0.9173554236818395,0.9470958288415844,0.9513668866677595,0.9407194933526393,0.9620560747565532,0.9653907971891286,0.9705023636739033,0.9465577148580627,0.9267440704393598,0.9754067371983582,0.9334871100607374,0.927811697407892,0.9549967521320036,0.9028076733551449,0.9414939716759264,0.9643266320667228,0.9193482073453786,0.9425309995299852,0.9143547881323716,0.9284273689750754,0.9313054160676366,0.913263212351692,0.9638132887839268,0.9109473056741635,0.9164547176721519,0.9114852844185891,0.9829259361637073,0.9278362753714682,0.9560347413232534,0.9125667315318716,0.951906274958996,0.9131375191507283,0.9047678459886201,0.9168739693251959,0.9159712753230576,0.9208669665493744,0.9597002261008836,0.9308330347536724,0.9130433478326622,0.9383616150142693,0.9162962061380366,0.9158674789056174,0.9310058984725239,0.9171507225125527,0.9612626173731997,0.9240838262569256,0.919190220990382,0.966030395122461,0.9138988378036204,0.9303163519269508,0.9130035966846712,0.9785654831252311,0.8758563177399474,0.97465448067707,0.9747450291005634,0.9151838801250447,0.9052964625305457,0.9278555596981639,0.9121655672588119,0.9376227682496713,0.9125355440892572,0.945407081188132,0.9086933362149302,0.9135719137402976,0.9311350709749304,0.9120704828275791,0.9390178640070221,0.9154913365363813,0.9160596032303193,0.9118286703494294,0.934933919521134,0.9390001669501475,0.9575826977700775,0.9137586160958229,0.8913842536364429,0.9392197814501602,0.9141568703220241,0.9088596080734866,0.9172892261741609,0.9131392522831765,0.9089161363028309,0.91411702614245,0.9127226411122862,0.9038315736342803,0.908188351805382,0.9175349505271487,0.920652072707668,0.9314955677049982,0.9126565484429127,0.9660018816250523,0.9332428765778638,0.9630937767825153,0.9783600691068253,0.9509159143058852,0.9162255584077648,0.922262603406526,0.9482863665936202,0.957487065478277,0.9183820521716936,0.9314367543174109,0.9476047490853541,0.9175715071437872,0.900155677201869,0.9389883306809573,0.9198229173995937,0.98898966815679,0.9554216074220038,0.9058683093906867,0.9308917859608232,0.8559967070968012,0.958717398901435,0.9068527914602074,0.9300811427930284,0.9614877514283049,0.9031142503694635,0.938998097488181,0.9137866622995007,0.7166665344807108,0.8561976829619772,0.7046518634511244,0.8419416989992597
Harlem (North),0.925497427765616,0.8069556639452157,0.8186794970596779,0.8022019581148588,0.8951303014175892,0.8731042092054173,0.8777466599677078,0.9427110272480638,0.8533664736569285,0.9098543654168809,0.8329141089969733,0.9290546027771233,0.7782137882296333,0.7587930418970968,0.8557445584394489,0.7863662847407291,0.8402123381986487,0.8511623293082892,0.929769145680627,0.8504873906424403,0.7861613735591002,0.7624257627453618,0.8088890965242435,0.8597453356718967,0.9160567683730283,0.8461087548466044,0.9399655998796871,0.7794680605548286,0.7959928168224634,0.7493842154656865,0.8240270301584799,0.7763501301237875,0.8323057370496886,0.7948730371373876,0.731725561288194,0.8780245169642861,0.8228718514623427,0.6965603921038761,0.8629294599775051,0.6834778525721954,0.8344182496298035,0.8289638977160421,0.7387957067968107,0.7547350724285357,0.8822170184426509,0.7721834177935202,0.7157709636301441,0.7244464213612272,0.8544762336344693,0.7263085344483675,0.7508528306767447,0.7200926883532555,0.8013856235535914,0.7150144608651212,0.6982937957147376,0.7284516664536109,0.7662131039250871,0.6968311613471877,0.7988006054493068,0.6866787511722076,0.7397826319714271,0.6433469802777226,0.7238339196034218,0.7811943681216681,0.7571450534507883,0.7421674933001478,0.6945228037819247,0.7879910417995688,1.0000000000000002,0.7303459853422996,0.6653351608167662,0.6614203440442677,0.6912392634007137,0.6853626688142843,0.7193535088946538,0.7745511089417348,0.7042789115576097,0.7086643811410578,0.6586814967857826,0.76218487321199,0.8801650467325044,0.7346408760315866,0.7650487833150355,0.7393160049434292,0.762004695621409,0.6886138298122196,0.7348513827082296,0.6708505628255855,0.7663254517608553,0.7625091478181465,0.6962675721612273,0.6870627369130032,0.7120147166839168,0.6592052292333813,0.7131809659024447,0.6897391448099396,0.6934413528062139,0.6469395473955956,0.7331814378176186,0.6832443121169182,0.658313985605391,0.8368042982180539,0.7923973974376204,0.7012585416954213,0.8767340388597915,0.6325335833103785,0.71704368914598,0.6533806014963635,0.5408742279179577,0.6624905157529055,0.6619872355564282,0.7453379152085261,0.729049745108061,0.6703379247013129,0.7119426858807232,0.7057892371750609,0.6720385232318519,0.6539831188120425,0.6668620439029902,0.7565545072677211,0.8774683727716884,0.6587894253254941,0.7033057330161003,0.8659998222456772,0.662311612518925,0.8236643927654486,0.6704137512121718,0.7052744689939144,0.5706098491691403,0.6500320290641539,0.8780711435933469,0.6735625722223384,0.6083771186246449,0.674250264328426,0.6400397030814001,0.7063212130825283,0.6306817083742877,0.7184812995014144,0.718427521324541,0.6484539152844394,0.6912943676419542,0.629867762626651,0.6968472224295812,0.6835128333940783,0.6856879403658043,0.6384017251593207,0.8522799319721212,0.6095724237988812,0.7516820236484845,0.7141366412248696,0.9140645768023826,0.8823207399158803,0.6417893173687395,0.611372896826521,0.66750518041258,0.6918002092205052,0.7307168776205852,0.64456872338027,0.66666983656004,0.6287362586514861,0.7327104363197487,0.6709604768366169,0.6926741483353037,0.7754312606776956,0.6342071085252532,0.8776719611698561,0.6713235182861605,0.6130364504615057,0.7262325060033804,0.7774755423166662,0.8176642621815153,0.6855647974763789,0.6341100810722783,0.6648831547667923,0.6943813346194646,0.7545731151553797,0.7731504177589719,0.7343330554639643,0.5364215542893608,0.6233658645532076,0.7518751353989845,0.7425764137865506,0.6273408591995462,0.6886306307883708,0.7169703164884497,0.6931068916485125,0.7579496611127579,0.7767899321626702,0.6563742180140129,0.677378145172249,0.7373916837623642,0.7616001234692968,0.5435322631956366,0.4943711426683983,0.7185050471760266,0.9383433357997086,0.512777966867883
Greenpoint,0.8270081591154606,0.9336067089588803,0.9846575509522324,0.9657981205971773,0.9270586410218615,0.8836396619141544,0.9207300726936072,0.8210299499705455,0.9461734310825066,0.834435117177417,0.950494452304557,0.8397845487023449,0.9835784342614552,0.9660726410467482,0.8984991792993403,0.9939978480676624,0.9605657808872932,0.9403846344479949,0.8596196867370446,0.9120675081250952,0.9493432037797513,0.9588083794188373,0.9629629633306778,0.9111985753116606,0.8922818328923318,0.9246099453407366,0.7502329774404638,0.9842906918945623,0.9783385707304,0.9315601008237063,0.9327665066032728,0.9733834639699568,0.8876707326360217,0.9687114584219912,0.9452373330615003,0.8832025247537743,0.9231336998700207,0.980999647832412,0.9220471701252533,0.9872208582652188,0.9644601262937527,0.9353534088293645,0.9465888016501842,0.9960522775687398,0.9183697767535873,0.9890765981028475,0.9430149320579785,0.9699356314081335,0.9192230974099557,0.9668954389654367,0.955427948140942,0.9536354001543527,0.9735986513376622,0.9453470322469092,0.9508205296201385,0.8986688096223516,0.9429202252678615,0.9637494964473017,0.9579449046751934,0.9338264128161425,0.9599653412314395,0.9748064796894476,0.9373562386546435,0.9786662731531398,0.9064182097234402,0.962468501652306,0.9854966016139717,0.9869034069513161,0.7303459853422996,1.0000000000000002,0.9542995548283256,0.9535427282610162,0.908566818777481,0.9667494538722419,0.9398984603067426,0.9233809847679268,0.9372519932339227,0.9550350634731446,0.984378753823185,0.9474522407044168,0.9372116530156153,0.9767400549431339,0.9572187422606844,0.9513701701251797,0.9304768035432439,0.9819208830469379,0.9400988537470996,0.9440617238784533,0.9498613237094732,0.9053244247326958,0.9600517053237209,0.9842245345027284,0.9410495827662169,0.9712626114016449,0.9311896757105655,0.9407697699444072,0.9464042774927237,0.9391565635381546,0.9695240013928774,0.925049631469851,0.9465984769885555,0.893186929285563,0.9567692393039482,0.9378184119685566,0.9045210365336345,0.9503462084492702,0.9562150337637843,0.9365535871502028,0.9347873508743263,0.9473754585495641,0.9422034821788206,0.9303222925511813,0.9524959252513076,0.9521154041448764,0.9264012439721987,0.9406635250347007,0.9398928400773251,0.9505685620035379,0.9524782365161183,0.9201027863418699,0.9207296290911066,0.9519148983788924,0.9423436854389288,0.9214975027490239,0.9365543663414364,0.9288365415989379,0.932000461610669,0.9914757806647521,0.8730914955536349,0.9877061241439876,0.9553162188055475,0.9364980858285323,0.9514276340882462,0.9509911218313556,0.9394067196747927,0.9480164799473283,0.9476231943756211,0.9394687926909903,0.9090194528894002,0.9396331896112747,0.9469979979370501,0.9442875214126535,0.9527274349112486,0.9348755202891484,0.9388737682060946,0.9383154820943252,0.8874175842699934,0.9770892561536967,0.9536899978463894,0.9288595054600255,0.826041259773122,0.9152275290816774,0.9502559253673338,0.9480856010649166,0.945417043457426,0.9283998646678376,0.9205115602024784,0.9493135250642359,0.9320100049904352,0.9523086722905766,0.9140070098170598,0.9482985590188535,0.9334645890335145,0.9362197974629877,0.9437658825842139,0.9236991181762729,0.9441818153620481,0.9749285934662211,0.9793845284389475,0.9548788495380165,0.901896442793132,0.9304955622012409,0.9838753834382805,0.9854395542551289,0.9301984059911707,0.9215034961082486,0.962533299509512,0.9337165793569501,0.9493591204593539,0.9760179090822199,0.926525872341906,0.9997511251971303,0.9878907017232256,0.921402282191642,0.9303673185957673,0.8563660616072137,0.9486585251700017,0.9170093914326197,0.9144103837107556,0.9926129714331171,0.9007558906597644,0.9231319030052428,0.9601868315776245,0.6528055686283215,0.8244029029123345,0.6532441287613083,0.8233344792179959
Oakwood-Richmondtown,0.7243218527950046,0.8060696202684422,0.9407372002223396,0.9769080471250807,0.9021675579004417,0.8780641391687611,0.9150850675623404,0.7387148916853065,0.8666697829886375,0.8338611178784957,0.8853426171131301,0.7964652903484364,0.9728820288930164,0.9708659800405394,0.9273487343345757,0.9448488218999402,0.8746573756162623,0.9468012264424197,0.7506935097265591,0.9401286754189482,0.9783793221805263,0.9874883798634556,0.8962805306191387,0.9184213495131105,0.8823496065933787,0.953065755636673,0.7302046995835749,0.9787204874898873,0.9391360099473427,0.9853991521635976,0.9591047133041399,0.9758888311049392,0.9350350062260695,0.9443456396154342,0.9931075762400963,0.8892501017674346,0.964123222255301,0.9512530351530052,0.8067825484118637,0.9770052824606648,0.9021687002044599,0.9600661110304226,0.9914205250711122,0.9354197846598622,0.923315390375149,0.9649943342499292,0.9937226426664848,0.9880221496848726,0.9299041183789867,0.9958235971308034,0.9730553924606149,0.9963808506834952,0.9694408430533171,0.9955833265772445,0.9971925441585214,0.9758027909973724,0.9855531602606522,0.9985475889082538,0.9498957371374891,0.996410087365929,0.9796260311676984,0.8828237403742938,0.9915413447979082,0.9662801572996105,0.9692731977480921,0.985957623488623,0.9298153007854063,0.9308711714946595,0.6653351608167662,0.9542995548283256,1.0,0.984462030874344,0.985269564594209,0.9937195683137394,0.992305715993089,0.9715372796163658,0.9941362594343804,0.9952694517068984,0.9803783180526899,0.9885431991265301,0.93096147672734,0.9905678149148379,0.9719600644275551,0.9919549413598704,0.981239737547392,0.9027049862307128,0.9897847267181858,0.9982303303154713,0.9811987594965682,0.9710616912286731,0.9987090998861983,0.9888198661451973,0.9947314557886198,0.9963931346945339,0.9894757382662605,0.9964054943399945,0.9978624238190652,0.9988591083443655,0.9920355764947916,0.9933667052176982,0.9984751096081409,0.9378832688889895,0.9439322393354392,0.9943990803942626,0.8436970005512517,0.9955905494731698,0.9926545191060678,0.9984077486496095,0.8295212652291586,0.9977877846397014,0.9988565662601249,0.9843223964561071,0.9814596663518599,0.9994614165043829,0.9899193821310784,0.9895129871010041,0.9984310151656955,0.9966724978357265,0.9995918015125405,0.9809515166713112,0.9057603400393276,0.9994868801888711,0.9958584846953707,0.8903167016872113,0.9981443621591852,0.9624630670571456,0.9968445107110336,0.93263489201362,0.7035152393885252,0.9199820999553102,0.9314175719115075,0.997489514571859,0.987684932230068,0.9996794436464588,0.9986055071636127,0.9951386817812755,0.9970075022356788,0.9819355592641803,0.9794411645092653,0.9989218081393166,0.9959839776885353,0.9978126394156814,0.9970604075347448,0.9968377619623052,0.9948718951545965,0.9986661108297668,0.8847997378011874,0.9797320240779882,0.9811365578063771,0.9893933670728576,0.7371927793968982,0.9294529438318554,0.9964690935097799,0.9947745673080434,0.9985376394939267,0.9942917109714333,0.9809860104402555,0.9957941228376266,0.9969815954601704,0.9801252806047683,0.9832748999545263,0.9965967617668702,0.9948837221380765,0.9830427777654938,0.998558545054474,0.8898283276035703,0.9956164341048627,0.9356435578724603,0.9732907607105324,0.9831138007376768,0.9514676583320725,0.9887314253780155,0.9407849168481278,0.9871988235216433,0.9923655365790919,0.9715999558327123,0.9858956623568194,0.9902871893233497,0.9752701676410377,0.9277399579485959,0.9818793759797126,0.9564482706319146,0.9474832802466477,0.9839369820507944,0.9866067528522208,0.6711569500007768,0.9546870998900165,0.9717314388261443,0.7713861083532346,0.9612653995995931,0.9674094333858044,0.9677282665710657,0.9620759809090624,0.49280116156026127,0.8637567036959068,0.6610096574974452,0.6938256213179053
Douglaston-Little Neck,0.7728385708201748,0.8312484310159106,0.9273331769713004,0.9697198899393334,0.8854521281830362,0.8965188616264754,0.8928977344972138,0.7541162670868692,0.8409937014080338,0.8361970272845749,0.85639043406006,0.758984263077653,0.975690645755691,0.9883722723322377,0.9233802998816868,0.9360561239555758,0.8696893615467924,0.9261160571754775,0.7699503708179994,0.931144355926218,0.9538450284306477,0.9846395870091741,0.8617463035729985,0.9038199061662447,0.8561927066070502,0.9360091852910628,0.7237679580842753,0.970203387759421,0.9092710474008862,0.9768365032977198,0.9339177475892271,0.9838818223302412,0.9155473870129546,0.9088671704212724,0.9694315479553175,0.8638687193728466,0.9436119364727124,0.9795993159323183,0.8435046788776656,0.9880052365483644,0.8796964929858375,0.9332646019081338,0.9722667474638557,0.9454956891784875,0.9083529280510874,0.9437573051999584,0.9670849612091941,0.9574777092654382,0.9086886225991185,0.984360309530881,0.9352790184196784,0.9844594052750114,0.9494516888335548,0.9832439630039791,0.9755689033043989,0.9401620116145751,0.9593348614180025,0.9802515299291199,0.9075501554833723,0.9763217004533199,0.9427673432307082,0.8947500996599246,0.9826711686615879,0.940708119249199,0.9360827358639375,0.9534807881107573,0.9507411403303203,0.9107190197443579,0.6614203440442677,0.9535427282610162,0.984462030874344,1.0,0.9503643453746953,0.9653947540393757,0.9853697355093689,0.9411347036087575,0.9828096718319786,0.9690973945570165,0.9877100747345334,0.9683037962200937,0.9062564172468348,0.9791374643791888,0.935592824026696,0.9660494500954275,0.9626655925759903,0.9055561252539568,0.9615157675370806,0.9734079879684047,0.9467313564875487,0.9513862205191532,0.9814099644874799,0.9820538331322647,0.9844549060693837,0.9889652953920155,0.9782892388195471,0.9699708873510546,0.975228817772424,0.9823050036277928,0.969834330943364,0.9688108498769874,0.9905615621809855,0.8994037182087601,0.8993069771952144,0.9656370984299801,0.8095685966277226,0.994366084271157,0.9646415809216732,0.9798389919251439,0.8541586157169158,0.9921785585802683,0.9859511593573524,0.9700519168859192,0.9427507886071357,0.9802520738840398,0.9720653453883324,0.9575457458981649,0.9831468650414346,0.9943973524096809,0.9831012378501132,0.9567438198489912,0.864227602176501,0.988929094447213,0.9851134026765739,0.8497706837015694,0.978466230926157,0.9519688825920165,0.9742512115369215,0.9390044457011623,0.7141543877717813,0.9157109911834382,0.9111597058587473,0.9807141436470777,0.9959080017134869,0.9854895608852374,0.9812927540041761,0.9674460372394611,0.992130573335925,0.9431757988341517,0.9468307704755583,0.982503306218222,0.9791027469429148,0.9889446319507242,0.9722680865637213,0.9782241416104493,0.9854763475176916,0.9810320190451712,0.8397757996720429,0.9815087823818054,0.9446288606259898,0.9754574918285143,0.7149031321471185,0.900767009486911,0.9939797537851828,0.9917341336822122,0.9891765124254106,0.9701593602831641,0.96868167492907,0.9949975977647998,0.9749885846419347,0.9986857992428823,0.9572760871525946,0.9937357630512589,0.9678871975494906,0.9637673126484662,0.9865167090235665,0.8451325343148286,0.9663084085292196,0.9235709889267126,0.9429606346094817,0.9693020393117281,0.9233607995319797,0.9628881065509517,0.9603761143237955,0.9851965700610682,0.962309635243697,0.9365354218132277,0.9818120807680945,0.9769647959583073,0.9790200909122593,0.9525509739739768,0.9652667534970163,0.9538854920868092,0.9583195923735592,0.9707629685221847,0.9492258122802621,0.714455842568826,0.933972194383299,0.9546584289528107,0.7675718166753837,0.9699459858496868,0.9408682846793703,0.9199629880527,0.9715901871971768,0.4602887393254929,0.8287136261244382,0.6329405418151014,0.6860773011963851
Co-op City,0.6929805033282942,0.7490854698692091,0.9185851241104812,0.9678121644424427,0.9091382075366905,0.8794110816542,0.9291680451592463,0.7381984533744754,0.8515726501192178,0.8573810284657036,0.8738129970313013,0.8263257601988173,0.947237082370091,0.9419088408707121,0.9423751963522619,0.9123240032795012,0.8451727130598933,0.9554153109956708,0.7309228637085912,0.9538737676096121,0.9836258170980285,0.9756001217388939,0.8776757413490209,0.9329775683658672,0.9053487189380857,0.9664055154305125,0.7694805214163666,0.9591315933419716,0.9230062823958026,0.9862276281413446,0.9726664235894226,0.9520183933974262,0.9611410323992755,0.9375677850180734,0.9942136761616126,0.9156977587028136,0.9779926375617912,0.8948576469187157,0.7545096506311478,0.9317426263719317,0.8857063199226857,0.9731935589138065,0.9917271299048355,0.885610031959516,0.9369035414395085,0.9436435681306827,0.9956825124257455,0.9787465717541795,0.9456354957158869,0.9819513797437157,0.9759583188509537,0.9873735342500741,0.9615368350123253,0.9897654612327742,0.9921858492746595,0.9977815352048313,0.9907552859198175,0.9853179332950818,0.9514804142121694,0.9946336779717573,0.9792399994138732,0.8114705536352191,0.9880596549678609,0.9549091000694324,0.9915527352313163,0.9834113709769442,0.8716741088160644,0.9026764501819046,0.6912392634007137,0.908566818777481,0.985269564594209,0.9503643453746953,1.0,0.9805810348461009,0.9863167513681257,0.9882685000850696,0.9901928641985901,0.9912971263916238,0.9360058522540599,0.989130445154623,0.9405615368507485,0.9734585899205194,0.974812455508246,0.992151550398112,0.9895941001735096,0.8465090474238972,0.9927319336182466,0.9929037662175672,0.9855651789321912,0.9882505196459028,0.9855775751962651,0.9587318569877418,0.98812556890829,0.9678238744612602,0.9893152082960799,0.9956876701740506,0.9933030598680044,0.9883037473286551,0.9825956465909365,0.9976204971989602,0.9819488570211858,0.9640744649873005,0.9449840569293085,0.9963973882304962,0.8504532809253702,0.9692981837463391,0.9900085680008204,0.9910189016242199,0.740591917457882,0.9806848472051931,0.9875104301271981,0.9892632174957404,0.9843126373035482,0.9871454874938077,0.9944305211973732,0.9939596676741697,0.9903578028153651,0.9740469250500371,0.9871397916174103,0.9941780907231317,0.9230015133736703,0.9823858283293958,0.9875266666501362,0.9030191683586751,0.9915089542548498,0.970739393491199,0.9948996915639349,0.8811537541428115,0.6144746147234923,0.8610933707170717,0.9281507531858474,0.9924472482564779,0.9504480282254153,0.9872077013366657,0.9863471539703096,0.9923635624868059,0.9744497548890486,0.9900437007007687,0.9971871311633234,0.9880974763490218,0.9901651505912241,0.979170263609714,0.9900193336051222,0.9941003523177975,0.9875094075456706,0.9874922165460362,0.9134128443927142,0.9319552240461195,0.9817266379940106,0.9915213338132468,0.7487263664530891,0.9483367549185785,0.9722406404145874,0.9669935005641863,0.984500148165638,0.9967508385263399,0.9871702804157793,0.9727563926538318,0.9947653457478497,0.9390303697175517,0.9970962018243427,0.9789177648854789,0.9968063524292025,0.9890264455665408,0.9812649097078735,0.8994457131066725,0.9929062118741887,0.8889050780144685,0.9530532584031781,0.9810780324558607,0.97655433994136,0.9928845659704635,0.8768029212592799,0.9487938254148209,0.9953344953837457,0.989121334303624,0.9732259911269627,0.9904502934256408,0.9274519126414924,0.8606753509378974,0.9898697589157532,0.9140364305090617,0.8858801169008998,0.9859745172272582,0.9970730944739775,0.5817215029024676,0.9526784191443324,0.9780404874021104,0.7051391160342404,0.9065267336355883,0.9874164056094188,0.9864561011348797,0.906015692531157,0.4599101585371713,0.8969891984382585,0.7133212651739523,0.6337910178275176
Kensington,0.7265040571549327,0.8284564615248732,0.9596439511184545,0.9761645559364993,0.9173491638256466,0.8682253224709734,0.9276303381565375,0.7532478168540682,0.902895573705508,0.8314906001068081,0.919167261630095,0.8286455575815231,0.9730578008924267,0.9583780291500467,0.9196845339859268,0.9627505912647463,0.9013514658799808,0.9549251825553474,0.7708830082932037,0.9354428747419062,0.9819598274257804,0.979176160249955,0.9335782707751246,0.9230239926639013,0.8983439012570554,0.9526795569598377,0.738511501495469,0.9836207408137254,0.9657450153661384,0.9728622736632087,0.963854185046902,0.9693064908789593,0.9304999701422376,0.9697023313513516,0.990660272223136,0.9001793766368505,0.961934911090671,0.9429771145542873,0.8191114091134283,0.9725398049436951,0.9315418022620146,0.9661653946105897,0.987388942630181,0.9463080800200889,0.928729679372554,0.9823696443210498,0.9920927710962181,0.9981285255737742,0.9371153111996228,0.9922073623371286,0.987335646825624,0.9889517429925864,0.9802741037987172,0.9861911172376988,0.9940798105565412,0.9713838849570339,0.986026080212132,0.9969827073333839,0.9742112049365871,0.9876676757701216,0.9927827666617026,0.9020511577252739,0.9790787700639642,0.9826282698739133,0.967730247394731,0.995543838644232,0.9333346044027603,0.9570782934707531,0.6853626688142843,0.9667494538722419,0.9937195683137394,0.9653947540393757,0.9805810348461009,1.0000000000000002,0.9792988356637409,0.9727650546403913,0.9822494586846194,0.9964655757889895,0.9761273690881987,0.9861663095381139,0.9450040154518085,0.9913954291847525,0.9862997422516233,0.9928769500376191,0.9751568598642035,0.9231648056681303,0.9893109411378305,0.9945881349139623,0.9895447356304349,0.9611989202373528,0.9954444841999754,0.9898131450597307,0.9831753139481257,0.9916815526279201,0.9771187773444683,0.9932169703229811,0.9937923107140719,0.9890350561445009,0.9962431272175718,0.9854316222666062,0.98617417314059,0.944493782518173,0.9709321407672218,0.9922025422100708,0.8791544526008591,0.9815585521719117,0.995988794901891,0.9890643291492528,0.8457740795487472,0.9846505026464736,0.9879082081998969,0.9749183924453941,0.9929078695096311,0.9947093886578395,0.9796971491855893,0.9914053617587074,0.9882338009143844,0.9829527547510755,0.9934350467623034,0.9749950271401139,0.93168961284628,0.9899117521212644,0.9846068464826059,0.9205274766881025,0.9894720418938647,0.9569409412103593,0.9888295983978602,0.9451095225583599,0.7465161013892667,0.9409514107091518,0.9481553030708153,0.9874076211817967,0.9710992800629928,0.9917756944691274,0.9893394326855217,0.9951180385864363,0.9837837142222977,0.9894605345722141,0.9753550738539402,0.9891402817586803,0.9895065129289351,0.9855806782233772,0.9962612837137605,0.9874729199204229,0.9821987406659272,0.9892494768398609,0.9091349229113523,0.9765932147227845,0.9917470355766861,0.9778906839979945,0.7744844510254398,0.9396430106366606,0.9828420020472198,0.9813320556025112,0.986664156876967,0.9868061856369026,0.9686191712179055,0.9811734090400205,0.988607272877512,0.9603226861012122,0.9758397653323471,0.9825644968737196,0.9902934732239299,0.9784570714184129,0.9876847218832604,0.9230323849000819,0.9952752376873809,0.9526132759046224,0.990364850733652,0.9810112376701312,0.9510075762262835,0.9845146311862396,0.941334665572086,0.9863828973256225,0.9892265374624553,0.9748507620391916,0.979812515040634,0.9795590832290834,0.9642551137717085,0.9269737180766531,0.9733704205548658,0.9691805258450189,0.9520584139474454,0.9714791732955215,0.9892856464994586,0.7006894801330158,0.9630435014879684,0.9635623889601743,0.8144601785169393,0.9642747028174345,0.9611183287501538,0.9795495560132959,0.9549831515413783,0.5572704640835741,0.8704455333756964,0.6728865185529456,0.7353818709928083
New Springville-Willowbrook-Bulls Head-Travis,0.770628159885282,0.8102892705557401,0.9392113803811525,0.9871175416524002,0.9240067225751776,0.9205697153892519,0.9368807427038492,0.7846590050786832,0.8651100777818967,0.8835319007389325,0.882664825047672,0.8239859373207863,0.9775087212788244,0.9824812794343554,0.9611377405914409,0.9374217048441751,0.8770024141634353,0.9634442651016061,0.7846049640382274,0.968794475094908,0.9855898618598157,0.9962734938792991,0.8825541863539859,0.9451149517260612,0.9101398817999363,0.9749144364235613,0.7887747315924258,0.9793660555077602,0.9288873811883586,0.9984751284963298,0.9742649922156646,0.9851175761903394,0.9641924564661568,0.9366604522482725,0.9944852202284334,0.9183407943814985,0.9821521291124712,0.9483351007274268,0.8249106698228379,0.9683178007711053,0.9001779780780972,0.973854611586827,0.9960732522901227,0.9277670802995899,0.9497370677714259,0.9552477670919641,0.9928360229469066,0.9769775003701452,0.9520354272969991,0.9950619911035744,0.9676251598514174,0.9982836761593914,0.9716976454687606,0.9992192364889562,0.994026370032804,0.9835845629447836,0.989862130967097,0.9916942603053872,0.9429968132626803,0.9957361344474714,0.9716184858386708,0.8569474580957754,0.9998847607978123,0.961159246434414,0.9810879415185326,0.979331799005529,0.9213349553048166,0.9188000021770844,0.7193535088946538,0.9398984603067426,0.992305715993089,0.9853697355093689,0.9863167513681257,0.9792988356637409,1.0,0.9823239269639253,0.9993836130449868,0.9901738651811834,0.96840328214463,0.9935563988722261,0.9470637589403028,0.9883571808121938,0.9682187255941336,0.9915455294266097,0.9935341802256099,0.8832122069698813,0.9891183798733328,0.9909166807100872,0.9791290161600128,0.989042381920988,0.9924346271275315,0.9783302824980857,0.9989748246761236,0.984419716161192,0.9982467975508565,0.9922519749094012,0.9937903747432894,0.9924195424447924,0.9873307910024313,0.9938659580090415,0.9945611077309962,0.9525886240071194,0.9349318296966233,0.991037500903897,0.8536690791767965,0.9882143893140579,0.987773494958784,0.9931529182852131,0.7963292994134283,0.9954091345820189,0.995259544231413,0.9963262764327873,0.9738110191483321,0.9910037895480475,0.9970812211687469,0.9864167558286637,0.9959532880384682,0.9922082845694057,0.9930535937704931,0.9921526729326245,0.9157765902411565,0.9933260620925244,0.9980040660859635,0.897989808918866,0.9929571587710756,0.9840641841429655,0.9934180032860145,0.9190277575223804,0.664636988556906,0.8906482297201789,0.941130347792926,0.9963194349566038,0.9782053661855252,0.9950378503065538,0.9899391562805463,0.9893318322259246,0.9896332733665546,0.9774938762455001,0.986126110195588,0.9924323987126278,0.9954356058250344,0.9903619178562529,0.9897713302641605,0.9964402462289744,0.9981964294228372,0.9905483172713418,0.900210060327717,0.9585469827995402,0.9740613045729835,0.997849371003113,0.7635819379090824,0.9490447530970074,0.9900864131137542,0.9839610025526038,0.9958172714244224,0.994011877579217,0.9946999380634749,0.9918208526514158,0.9936693512054159,0.976623100427478,0.9922787737248548,0.996276274322325,0.9922416757475738,0.9934380129492559,0.9898263162995062,0.8921543095590729,0.9872418088516773,0.9075301763810538,0.9547495135350881,0.9922585952733869,0.9724174912542014,0.9889067951018988,0.9235514780789668,0.972829979496807,0.988228282779786,0.9786787428052756,0.9937397165775499,0.998426511194176,0.9517599946188023,0.9119783443453611,0.9947698883678734,0.9436860868220862,0.925053361196257,0.9919982959221633,0.9842635905909116,0.662269410609302,0.9594037213277724,0.9836203416277313,0.7415066331507882,0.9439233845829196,0.9816121598330578,0.9665064261562466,0.9378891339224749,0.4653162937400544,0.8839592795848589,0.7118598831244156,0.6608966952381965
Belmont,0.7736907704674432,0.8142118613799548,0.9513662601226084,0.9848788383970911,0.9598021133705826,0.9326916858580476,0.9739422231632127,0.8288026664922591,0.9051908401015784,0.9211196492919791,0.923296660263254,0.898139233001447,0.9663410640950545,0.9551327308596752,0.9765676065286242,0.9396100391490103,0.9003624244819779,0.9874790307856687,0.8176412881053297,0.9843122991597817,0.9969633366431803,0.9807655133488159,0.9137414342287011,0.9764638658072751,0.9567173191649307,0.9902773445996835,0.8536858248827379,0.9747184058083808,0.9499316911430156,0.9871386292664813,0.9959477943741544,0.9667416701269035,0.988282984915246,0.9638425855659881,0.9910007341848079,0.9659609772129876,0.9917196844964794,0.9048378564490002,0.818664608102952,0.9335547759657243,0.9311934190933997,0.9948933003614454,0.9934033630258842,0.9114822731123543,0.9773189482908933,0.9609238515853874,0.9910194615479487,0.978847139751374,0.9840582266907189,0.9814534778864931,0.9879912104009124,0.9828863777970819,0.9832673315154207,0.9842480966300937,0.9862105921461878,0.9921586192190477,0.9919622934515797,0.9782043200304925,0.9710127576444174,0.9811749063797132,0.9860243477630612,0.8360381165394932,0.9845862316484925,0.9751952929635921,0.9987655631743464,0.986670018513141,0.894926418626931,0.9319073392309892,0.7745511089417348,0.9233809847679268,0.9715372796163658,0.9411347036087575,0.9882685000850696,0.9727650546403913,0.9823239269639253,1.0000000000000002,0.9841076504149205,0.9873490985153379,0.9340653482485435,0.9895998237605503,0.9761660493588987,0.9802049578353377,0.9886878235449114,0.9910987930586599,0.9967863507063701,0.8765673519193665,0.9853448033699225,0.9791883078182912,0.987820297350097,0.9948377115319652,0.9755360101058204,0.9603129649182398,0.9795547011240907,0.9555620685403201,0.9876404728192195,0.9850236163427105,0.9825156472995165,0.9701046472185951,0.9855889632450049,0.9863139617852538,0.9664344490944037,0.9736598913726783,0.9661964380605628,0.9856857294421586,0.9135448715709942,0.9508141322657554,0.9892395045055871,0.9740088571341728,0.7622580816035541,0.9671195386692193,0.9721791595261473,0.993523423324593,0.9881678321357716,0.9719481642995225,0.9903891299083862,0.9921368029657441,0.975704842869826,0.9579437002419513,0.9755050325171448,0.9957018415542458,0.9625504776483411,0.9677187015052128,0.9766140596487787,0.9506847305836721,0.9735896854482793,0.9906316941158372,0.9788723992786933,0.9057380589794205,0.661596473882958,0.8751346344440122,0.960246268607861,0.9797036788422484,0.9306562547820221,0.9749012156522711,0.965303676060767,0.9820625484401179,0.956316474312315,0.9923575217341132,0.9955705726098089,0.9696476519789976,0.985577885356275,0.9611061189811019,0.978615192098577,0.9814613438795899,0.9804357308897452,0.9675348699044105,0.9608542348323306,0.9177563839590205,0.9804070464828284,0.9892533406574194,0.837811706172975,0.976522312965922,0.9543929767334458,0.9452933061110811,0.9699035551936153,0.9832603734450825,0.9909960122066459,0.9584462426279787,0.9793512447622622,0.9260234825542601,0.9933511837668911,0.9676252448248416,0.9840399280953094,0.9925353787615828,0.9607107228855986,0.9365318379994939,0.9826414919584769,0.8995700078333656,0.9528135604405862,0.9932294941595131,0.9957307554033143,0.9899595842196937,0.8846992979651599,0.9438750470698613,0.9799117551637875,0.9990578064254061,0.9790224712037763,0.9854227154751979,0.9014612343686803,0.8724276480230201,0.9951709410488995,0.9298162614365143,0.8892357693314128,0.9855965525867688,0.9918342872155304,0.6517207794069702,0.9801475941089616,0.9731103162442826,0.7560505005716182,0.9063666467235216,0.9956769249889622,0.989473266463054,0.8909294444016241,0.5448117549695038,0.9382020041899042,0.7576419108942769,0.6891086736049272
Port Richmond,0.7526318237853271,0.8013952602420105,0.9364833951603988,0.9842971713749278,0.9200193432485574,0.9127998650405896,0.9345085660325465,0.7733089778541613,0.8624403682813443,0.8765425981572974,0.8818484204460927,0.8206807559123568,0.9741692228376899,0.9773405211460708,0.9567647470244941,0.9347679893958403,0.8724552061381469,0.9614469044385635,0.7724316851740759,0.9651880862040928,0.9859559621527076,0.9936439064568221,0.8817700059568758,0.9428269045982685,0.9062075770455417,0.9720030093050155,0.7808739266136483,0.9773018268770658,0.928737766777073,0.9971727300487292,0.9737382149354187,0.9808043873148421,0.962781102356166,0.9378308751007339,0.995667890830476,0.9167643677990688,0.979877425080038,0.9427386866407317,0.8115870453190281,0.9658757806563699,0.8983205684636533,0.9730107108235815,0.9969651363065257,0.9231848062090655,0.9458888007313967,0.9547192544618769,0.9951209061658063,0.9791620110438032,0.9505746174032998,0.9948670913377453,0.9710293660076867,0.9981509229415998,0.9709209204310197,0.9993962611379311,0.9962907265250568,0.9863653053750748,0.989973261525341,0.9931044001714201,0.9443691325812419,0.9974538454910414,0.974829136031072,0.8550296992842783,0.9994209818715788,0.961662059100757,0.9836843265204325,0.9814883225142663,0.9178272310971451,0.9173554236818395,0.7042789115576097,0.9372519932339227,0.9941362594343804,0.9828096718319786,0.9901928641985901,0.9822494586846194,0.9993836130449868,0.9841076504149205,1.0000000000000002,0.992676831374071,0.9674073523602879,0.9929582965849602,0.9438491449542323,0.9884265105320276,0.9708871511515036,0.9928020786521353,0.9938907811266041,0.8822340482693898,0.9899810634205268,0.9939475277150693,0.9801541822820365,0.9894462055828456,0.9933169168065679,0.9790141724015975,0.9985299550228648,0.9850082257611772,0.9990278227897248,0.9950350202290916,0.9957554907485824,0.994892197244291,0.9886322281334462,0.9968271874362973,0.9954565777499558,0.9505759863182789,0.9369285259014577,0.993492150798638,0.8523262387780813,0.9887039445897949,0.9904723098001894,0.9958265023521451,0.7952090858814785,0.9960382106717028,0.996847680802322,0.9966162072528524,0.9776382493221403,0.992860467797652,0.9986144674992797,0.9902968252078195,0.997507793658328,0.9922040440464801,0.9953352606862512,0.9928476139554897,0.9146878686747949,0.994650910407007,0.9977045192346892,0.8978313638564084,0.9951418987113477,0.9811567211124275,0.9959685050263569,0.9172974809992679,0.6622957431474369,0.8907924534450332,0.9363229357188723,0.9983768622959535,0.9778622154230567,0.9965253943388963,0.992355919105637,0.9912208512722225,0.9909646231237484,0.9819779740685846,0.9896683732629321,0.9947528555330027,0.9976594629731333,0.9924570082233511,0.991543503945859,0.9982580297190817,0.9993419575675752,0.9933224874163636,0.9019190441985401,0.9589021177035628,0.9754110349129027,0.9989242578544308,0.758650078223337,0.9454458501532941,0.9904400349744129,0.9852610542515224,0.9966342970655931,0.9960441636993352,0.9954484291503334,0.9923970223625763,0.9964480267613547,0.9744421180393398,0.9938505483571123,0.9963719706125462,0.9946725819181019,0.992496310251191,0.9917651713076254,0.8900087555086444,0.9913397059384818,0.9114394541905428,0.9555930347869803,0.9914824345685203,0.9722433723647435,0.9929926130095504,0.9214048498509273,0.9727108166084278,0.9904649363301004,0.981915820319435,0.9906398908978916,0.9977892755778781,0.9540292779279747,0.9097315389135846,0.9951841729808883,0.9409658940917912,0.9240211069490047,0.994498353866113,0.9878118109381917,0.6512988280925349,0.9617720551730864,0.9805903557509524,0.7405216966119517,0.9406714969549609,0.9845125226847798,0.9696833782156091,0.9397994928402255,0.47258039478391284,0.8905038893273001,0.6982954853441677,0.666384399977391
Borough Park,0.7416887628932795,0.8207597252325612,0.9568909234886048,0.9846977692107471,0.9310418492061094,0.8952341472811124,0.9436912140595226,0.7750082298889066,0.8979060761549121,0.8640430552013209,0.9159192370615163,0.845265102819477,0.9763668422960935,0.9661287108890548,0.944669857186504,0.9556904029122996,0.8978076883814555,0.9682658838207375,0.7819167664922705,0.9572839385480311,0.9918086608191307,0.9878123865982006,0.9219257787565279,0.9436666068194535,0.9166677789781259,0.9699670028004875,0.7750831191093015,0.9851513291746841,0.9588710928391161,0.9869408658356671,0.9784025052099483,0.9757322436666129,0.9554675151902002,0.96658592205614,0.9979569184227007,0.9227752962752942,0.9775129949823884,0.9383795953810286,0.8178525424455134,0.9673318203089016,0.9281115609100007,0.979219128135126,0.9968462967267848,0.9372195668733702,0.9473693518982735,0.9765360460782488,0.9989192341119194,0.9957743086759446,0.9552023597224607,0.99612782070639,0.9901085501272755,0.9954741722863027,0.9839655543399362,0.9946296940929588,0.9992315155232133,0.9858421731425491,0.9939692628388883,0.9981232733301395,0.972319934560701,0.994801449190568,0.9935805374643741,0.8809354356304029,0.9905945213274853,0.9816704461077543,0.9844566298785011,0.9965729879000543,0.9254371755285671,0.9470958288415844,0.7086643811410578,0.9550350634731446,0.9952694517068984,0.9690973945570165,0.9912971263916238,0.9964655757889895,0.9901738651811834,0.9873490985153379,0.992676831374071,1.0,0.9701903147188253,0.9940453006107932,0.9558547713913168,0.9938836714163957,0.9894508964746872,0.998531070939482,0.9899229086311072,0.9080528469710963,0.9946160579057025,0.9977033709279034,0.9929373949781132,0.9807702926648103,0.9966370828742007,0.9866362378212565,0.9916062040784068,0.9881570997432515,0.9903848879287105,0.9983915142353561,0.9981171460165873,0.9927559872745408,0.9981613054065472,0.994843429434957,0.9900630727230773,0.9572120288233538,0.9678517249755518,0.9975404743233992,0.8845115201313895,0.9824206184769474,0.9996538068134896,0.9938896226856158,0.8198626232089172,0.989415933454061,0.9927885145549575,0.9897182931133529,0.9949668462426305,0.9956385303329258,0.9925426557833177,0.9980318154826843,0.9938868347691325,0.9854294890631105,0.9963552409166648,0.989510177166601,0.9392104594449336,0.9923228518070893,0.9916201442034175,0.9266358618555574,0.9937540016095363,0.974569264015054,0.9948295243807743,0.9346466097296111,0.7113019765846338,0.920030094706157,0.9519705309837372,0.9946193399308008,0.9694684038317155,0.9953907702561157,0.991295088716852,0.997675624557399,0.9855994356836536,0.995179294210493,0.9896942788474159,0.9926458773671057,0.9968521000287345,0.9881900827553005,0.9976016085036896,0.9949574237371294,0.9918256430663557,0.9920389406712625,0.9240119149623753,0.9653564719402261,0.9915390366294813,0.9912265657516315,0.7869707056855729,0.9533428876750056,0.9842838008859179,0.9805172225207247,0.991344998274186,0.994541480601418,0.9855261746241621,0.9847232631140282,0.9949725284135388,0.961148336558593,0.989973879156062,0.9882903223846651,0.9964140385284882,0.9902055645318176,0.9890988301009357,0.9227134352893155,0.9984671726721505,0.937653730246187,0.9799257015719421,0.9914641214641136,0.9710522954971816,0.9944295601199613,0.9289530533453471,0.9795186937607451,0.9939217239097338,0.9881705528851729,0.9869573214599936,0.9906459110922955,0.954424470863426,0.915518709785392,0.9889151768451623,0.9586350782884386,0.9368273755124713,0.98617821393649,0.9961815040577008,0.6787998369306433,0.9723439014288433,0.9745011444428464,0.7881910382503584,0.9507252461365235,0.9803704677317842,0.9858867036706079,0.9434405036223983,0.5388396439339728,0.8962488601468209,0.6975204472041855,0.7140443856817529
Clinton Hill,0.7778944199629686,0.8810878447460974,0.956304812404624,0.9680987013942756,0.8977884902143278,0.8820108489510451,0.9000197186156959,0.7685617851884671,0.8888992775332427,0.821239871424692,0.9020937480996286,0.7826911875337078,0.983611566614463,0.9811707643406481,0.9041106789140807,0.9683378476675588,0.9133191914703239,0.9290328222820737,0.7977565982195935,0.9157101160904053,0.9531845986646849,0.9743390227363902,0.9110399938611955,0.902823969133155,0.860988682840766,0.9243244318451028,0.714978145988532,0.9806464486442619,0.9453577159459515,0.9567594259772143,0.9310607302677693,0.9814278259054492,0.8965426290159969,0.9407812206549137,0.9621402417467371,0.8657256711762803,0.9282440909838335,0.9898160413356125,0.8730390672909942,0.999052288120438,0.9208007928841676,0.9309554446725381,0.9646936727181585,0.9767088821124388,0.9050679311581351,0.9703998114433808,0.9616639678005517,0.9705967801299108,0.9095986817720517,0.9823797004838966,0.9512196354646892,0.9751994352914187,0.9632138211446527,0.9706330939992415,0.9721031081372247,0.921882348591213,0.9519669578421965,0.9809323761904962,0.9324299076747012,0.9627163256300926,0.9576313767575276,0.9503435271314744,0.9652768059496901,0.9635470497385875,0.9235602415821154,0.9632473739235272,0.980614459754939,0.9513668866677595,0.6586814967857826,0.984378753823185,0.9803783180526899,0.9877100747345334,0.9360058522540599,0.9761273690881987,0.96840328214463,0.9340653482485435,0.9674073523602879,0.9701903147188253,0.9999999999999999,0.9592405638942872,0.9132284862575201,0.9856312731343138,0.9508230061792629,0.9632113607324393,0.9493336293309382,0.9571049139236376,0.9534588284970075,0.9688751679760625,0.9493100004823252,0.9295881797263079,0.9786865615215058,0.9954743349561711,0.9682815326747224,0.9921478172739777,0.9618746924012764,0.9637595978491136,0.9687778063018814,0.9724786883738559,0.9765638290468411,0.9554849768518909,0.9795449705669469,0.8852996162177454,0.928643074301321,0.9583234564699475,0.8498501651485958,0.9855016070144859,0.9682824224102794,0.969427676204724,0.9173744696574494,0.9807281058824006,0.9746846948096417,0.9544597802960508,0.9544982843477501,0.9759822730469783,0.9558513157104744,0.9577548339857589,0.9709479477352079,0.9836016854954092,0.9792557445072011,0.9399607674412819,0.8834241734780439,0.9818260049012346,0.9697937711686275,0.8794567278553941,0.9671882556382816,0.9369829785586212,0.9622126129746107,0.9773441553944301,0.8085545199605239,0.9668005268476038,0.9239784448679252,0.968379769893462,0.9887672770231472,0.9783949589230491,0.9720704721414596,0.9639336561358971,0.9835802479888367,0.9490288828527231,0.9335680397281584,0.9725287773084447,0.9731477603374384,0.9805773966817053,0.9698149280057068,0.9649359571802356,0.9718394391580669,0.9719948151804576,0.8584093269715619,0.9958168936461043,0.9510547659217906,0.9589789597991211,0.755597365171264,0.8963241817676488,0.9843086537372117,0.9848159686586934,0.9773250839975389,0.9560167202268273,0.9502707881171948,0.9850661738147786,0.9633169520487611,0.9891735441935023,0.9388644256685935,0.9814143020934869,0.9577155058143186,0.9498832638059563,0.9777763144299356,0.8730469132276327,0.9663473613484763,0.9698360586146453,0.9663799414997799,0.964778139059323,0.9087833227470504,0.9574479776813656,0.9887867998812876,0.9982532451603171,0.9519256783793267,0.9330600752414284,0.9734324044484743,0.9585422089941482,0.9860033521862566,0.9823021720434502,0.9493887636045211,0.9833038197179838,0.990017513425868,0.956460100014049,0.9454337587224588,0.7872315585389065,0.9493002031208981,0.9312737207085489,0.8526665677661204,0.9914760711585958,0.9258383272148538,0.9221413855387118,0.9891971231143903,0.5730205204503774,0.8348096999322447,0.600222063114944,0.7793399152705826
Gravesend (East)-Homecrest,0.7814360460594627,0.8218698011112959,0.9564934153187771,0.9916559670356113,0.943547663620002,0.9166391981732218,0.954293991697076,0.8028418441684428,0.8973577286591577,0.8902804560065252,0.9108688542415183,0.8617377335901605,0.978014103004669,0.9730294883367652,0.9633840210784586,0.9516783156972217,0.897107288360578,0.9773858105284877,0.805875956732038,0.9736624383222043,0.994280217800822,0.9946059383052013,0.9165525595833521,0.9538570732169452,0.9354609128906126,0.9852320695801091,0.8077309779507026,0.9857302867834028,0.9533304671201339,0.9947156912229695,0.9857125640514627,0.9819346242190186,0.969693310771411,0.9602410851339915,0.9984335537888899,0.9344372238942956,0.9924768561556806,0.9363643840241354,0.836244950446434,0.9604805241061104,0.9252263602823821,0.9878694967729984,0.9970284544441383,0.9326894087738644,0.9633766959471325,0.9713983435244442,0.9961265841545688,0.9886232535435212,0.9640635574166205,0.9947735667949671,0.9816981942487799,0.9963710051736671,0.984033655573491,0.995784559642192,0.9937779209870148,0.9894687300991173,0.9993481725292387,0.9926444266146293,0.9698855358323106,0.9936040811473323,0.9854018816353513,0.8585686369251222,0.9944090007317274,0.976358482227364,0.9867127507249345,0.9916890855952109,0.9135536705501216,0.9407194933526393,0.76218487321199,0.9474522407044168,0.9885431991265301,0.9683037962200937,0.989130445154623,0.9861663095381139,0.9935563988722261,0.9895998237605503,0.9929582965849602,0.9940453006107932,0.9592405638942872,1.0,0.9694482088038507,0.9892186818285926,0.9833186649854124,0.9982052319287791,0.9941673930481468,0.8877608365643104,0.9978822966228639,0.9907460612413295,0.9950406339376352,0.9883083039714876,0.9935018101555255,0.9753435432219308,0.9950610931162825,0.9799786632324449,0.9907909475283249,0.9936988523041226,0.994729101417818,0.9860184045534559,0.993182230947788,0.9913441627918198,0.9858385623048203,0.9776001753480243,0.9628211108157216,0.995217170528717,0.8863944728747853,0.9760151721017921,0.9931088189355852,0.9875590245160802,0.7874816613971403,0.9854915343596945,0.9882907122110078,0.9931015784237354,0.9863412135676397,0.9901882248127565,0.9927694885342935,0.990272209556001,0.990791280855735,0.9819025217071214,0.9885833467851598,0.9955963582250562,0.9483716408034308,0.9863637492307,0.9942913839616787,0.9293546443276886,0.9896956993079621,0.9881256570589142,0.9911003043851545,0.9195502988449783,0.6800020390912245,0.8976163099459796,0.9667675803749999,0.9906356312513401,0.961543587026294,0.990453609219327,0.9846071315084131,0.9954817154609326,0.977724423113824,0.9863851876443179,0.988153674028032,0.9863904814069211,0.9907162307280505,0.9792612341954989,0.9942141443596832,0.9928136741293137,0.9889258398383504,0.9843130244075042,0.9262399502725128,0.9504624143797705,0.9917244898054274,0.9916946751702242,0.7986742157018294,0.9732256239010367,0.979135019632481,0.9712165104230893,0.988294508922331,0.9940559347326645,0.98764208035664,0.9785565940514751,0.99017845627228,0.9567201851840809,0.9940300140520568,0.9855571245817069,0.9943524046090452,0.9988960718554241,0.9818368502191155,0.9333953400224348,0.9883667806374181,0.9071858788441053,0.973529119112626,0.9948483220651586,0.9822214047136657,0.9855832202351124,0.9124038250051132,0.9687064328533997,0.9935619550671236,0.9860133479512556,0.9951453370384069,0.9969875860422059,0.9342361456861841,0.897210389632607,0.9929792101757146,0.9525429760226319,0.9184045528600567,0.9810770159767961,0.992764204157825,0.6730067407811844,0.9623228539869815,0.9920392749275919,0.761047718921613,0.9436699169091708,0.9800698203264572,0.9862824358497527,0.91936943213896,0.49021705554070993,0.8828992948912685,0.7630554749914651,0.6650985827468197
Harlem (South),0.8682699563591517,0.8865567526346176,0.9786362172402677,0.9819145404964225,0.9931313387402708,0.9522166896094614,0.9942765206868027,0.9097334384333845,0.961650126439339,0.9500800079705357,0.9662655425165845,0.957844471709997,0.9677793989953792,0.9470795133367059,0.9769108575441844,0.9638394479895235,0.9535364883590274,0.9964525796695387,0.9089575108199371,0.9837524926988314,0.9833849384061265,0.963762794118526,0.9577069794078186,0.985491411946919,0.9913207139378121,0.9902122675032289,0.9081453355585573,0.9752709281236279,0.9735814031233182,0.9570847849502337,0.9909646473762951,0.9627642000492443,0.9765956414849781,0.9791667411597184,0.9612099819268238,0.9821113253983647,0.98350724953797,0.9043437742740036,0.8986775803285848,0.9203682260103085,0.9719846072460555,0.992817889854051,0.9641440573425035,0.9356496771505171,0.9940715430825127,0.9713244853378463,0.9566461016303102,0.9618522844787959,0.9910914504904988,0.9574406818657845,0.9737979255840056,0.9525076515262528,0.987100719077815,0.9495249958240239,0.9496296385063817,0.9517012378850891,0.9723874706498479,0.9475262588952046,0.9821731154642899,0.9379310046518254,0.9698813869054008,0.8593464345381492,0.9494390112552196,0.9799223969339869,0.9662648685759525,0.9698870783145839,0.9037068916454961,0.9620560747565532,0.8801650467325044,0.9372116530156153,0.93096147672734,0.9062564172468348,0.9405615368507485,0.9450040154518085,0.9470637589403028,0.9761660493588987,0.9438491449542323,0.9558547713913168,0.9132284862575201,0.9694482088038507,1.0,0.9627047102582076,0.9785786503470285,0.9659717916835042,0.968878021651919,0.897829733232362,0.958739607252892,0.9363174729268012,0.9746314913427625,0.9616945915160212,0.9444232396876568,0.9389447940962269,0.9442297297552606,0.9235549868862533,0.9471135614660727,0.9446934950706197,0.9449126419630107,0.9206569957760568,0.965649407027628,0.9387131968128117,0.9219846177997397,0.9752753567031208,0.9784476255603691,0.9482564166527531,0.9652416893468333,0.9054218257238805,0.9604557822316485,0.9245103945897832,0.778287971682697,0.9233350481133172,0.9261956251778145,0.9607828407209315,0.9660272902752143,0.9329074694555818,0.948458122380168,0.9555288694775496,0.9310291397663158,0.9158701232185906,0.9334312940209846,0.9649248663975127,0.9933362528385041,0.9250068574856493,0.9404119632727564,0.9849975963589579,0.9271055232769817,0.9826199984784849,0.9319582430913579,0.9180643194024255,0.7276716293279838,0.8874416241180025,0.9945205352377956,0.9332299264113816,0.885796908576064,0.9341618480957975,0.9161858461834376,0.9503488256527036,0.9079834213229617,0.9614455509800678,0.9528305730661781,0.9209265462384639,0.9451046199815564,0.9103926620250326,0.9461529061551128,0.937110728650238,0.9363623736765384,0.9167578403885792,0.9783666620844483,0.8889487792871111,0.9678130371882332,0.9482876745564629,0.9176371130857809,0.9952558839849801,0.9103129784453206,0.8960313246229815,0.926602100417514,0.94017623660458,0.952082878741574,0.912850747463173,0.9310142402188882,0.8875649549843226,0.9550685192561535,0.925799694525959,0.9430440312431506,0.9719248155377606,0.9119138072590683,0.9817992140624269,0.9398950760032945,0.8872766825770653,0.9517749780185961,0.97727548349856,0.9812287838926307,0.9440226425342562,0.8790816485434069,0.9224707532029229,0.9411657451331735,0.9704789554935135,0.9674211979044804,0.953026162689548,0.8502443666672023,0.8667745471902409,0.9633009610743162,0.9445442852893181,0.8823372369604712,0.9370947519812761,0.9570449575085828,0.7476400040856698,0.9672571389125114,0.9559490802431951,0.8151056418952686,0.9068692211682989,0.9557380348880784,0.9709132822454349,0.8496150871154596,0.6062868619791659,0.9079997888784305,0.8355991922112165,0.7176734263413136
Upper West Side-Manhattan Valley,0.7969446580796269,0.874057038399542,0.9759338176467123,0.9932681105922874,0.9472562112447044,0.9214524825615827,0.9537851074572762,0.817927513499931,0.9214976878644359,0.8840677919376452,0.93590768123085,0.8589739732340709,0.9936564472184959,0.984724655125554,0.9531362610351868,0.9768111139080736,0.9312007193003793,0.9748103839435182,0.8304841365082455,0.9635309370921856,0.9904525727524243,0.992845068726661,0.9371100286513486,0.9545849595949228,0.9256695635139477,0.9717652942876265,0.7970759818859995,0.9965247988542216,0.9700379278128956,0.984566092687762,0.9784478107468346,0.9913611141282771,0.9539807291885446,0.9731796180084099,0.9907648484707033,0.9305005014596978,0.9738538393867434,0.9672814986495191,0.8709300680651554,0.9853863864022306,0.9492094129321696,0.9783232857511495,0.9930652720062252,0.9674162831314935,0.9569654451085752,0.9868538317767553,0.9902837222312807,0.9924191438372543,0.9621232806430375,0.9977693167738297,0.9865957893075036,0.9935094165928223,0.9918418654261423,0.9910313274699057,0.9934639059904733,0.9679823055993748,0.9867149668830515,0.9952965454720293,0.9715179266419793,0.9847471263122043,0.9889867280983281,0.9187881221178757,0.9877570658778427,0.9890960611693372,0.9728336894860993,0.9919054164731633,0.9597228885913139,0.9653907971891286,0.7346408760315866,0.9767400549431339,0.9905678149148379,0.9791374643791888,0.9734585899205194,0.9913954291847525,0.9883571808121938,0.9802049578353377,0.9884265105320276,0.9938836714163957,0.9856312731343138,0.9892186818285926,0.9627047102582076,0.9999999999999999,0.9870019377797722,0.9921898721824566,0.9859091044540551,0.9413356757295986,0.9838919468977174,0.9879455319805757,0.984856153698359,0.9731782479594304,0.9925853159380305,0.99596874414727,0.9872451617605297,0.9904944301652712,0.9868752370919976,0.9880537340922813,0.9897546824790914,0.9844247592226203,0.9978026808589608,0.9828872717705059,0.9866446836361545,0.9436894829026498,0.9676069424491759,0.9857135247236086,0.9032094967596823,0.9823973922915705,0.9941673822739414,0.9846015224701051,0.865285770388154,0.9875336213252441,0.9866924157910959,0.986440526613409,0.9875943277620818,0.9886693864896613,0.9850305585702258,0.9889094454477271,0.9864610226879951,0.9849352565826395,0.9916701457977186,0.9800841521586133,0.941972620044763,0.9889942984896808,0.9867136323403548,0.9350065345355988,0.983501590298402,0.9776740721595589,0.9832418953275361,0.9644086461643976,0.7654067982244598,0.9455980390193092,0.9624482492636884,0.9867563752430798,0.9745333694157825,0.990789173272811,0.982098432069941,0.9878579187832489,0.9837737732761166,0.9853342877528166,0.9758536525335091,0.9843044789411209,0.9929780150100299,0.9842916041156134,0.9893561889908853,0.9859291086930227,0.9887798729188598,0.9829340490566605,0.9260180538140751,0.9754064579307594,0.9827629076098111,0.9861127239423528,0.8179438263464531,0.9526993988675293,0.983551738274939,0.9792672139353494,0.9871671065214199,0.9821947312801864,0.9820782534871753,0.9855649120964043,0.9839101132145353,0.972582401099718,0.9776683951998577,0.9881523361236485,0.9840387024023117,0.9850422766839009,0.9829185682483107,0.9262470641060881,0.9885674412025696,0.9562555797311495,0.9801405777456684,0.994192509313077,0.9646417124328526,0.9861984432806502,0.9581537811308612,0.9896849575161938,0.9793155604975318,0.9791376260827452,0.9922412151698365,0.9848860968335985,0.9597468184596254,0.9486301156327929,0.9845783330514098,0.9792369091369323,0.9614421949996754,0.9822853654711478,0.9822417970796575,0.7492389907035694,0.9810042288231392,0.9655938922014777,0.8331909410983503,0.9706253059306658,0.9714311731133146,0.9706453394215944,0.9577722406612104,0.5828791961848576,0.8964440183873268,0.6916759605965759,0.7588725921356164
Bensonhurst,0.7748229146722153,0.8577872197433672,0.9774155858285309,0.9831043990765584,0.9630974538827983,0.9091209333338611,0.9716214258845395,0.8285011350256382,0.9447970623949071,0.8929560298644644,0.9594268562500811,0.9061515507139334,0.9743804787363566,0.9506209290538946,0.9512172131712706,0.9709133625533308,0.9362467746746052,0.9846623036521317,0.8344301443333912,0.9637241204450466,0.9938687105082714,0.973363858965928,0.9591248770822934,0.9651207477071879,0.952007689225718,0.9757151244998634,0.8264684101552444,0.9856170103119952,0.9830553417064204,0.9689578403124689,0.9881369248976103,0.9662248724950715,0.9623224081643088,0.9909914997804509,0.9855219239605401,0.9547849280827275,0.9761684714659598,0.9205414745003678,0.8464477798830041,0.9495345288772368,0.9649819933944332,0.9888653497027475,0.9859448635540081,0.9438541696003748,0.967045493471062,0.9873628333415604,0.9866262722165279,0.9933618505480738,0.975864034221946,0.9820935075657166,0.9997286489506182,0.9769841950584238,0.9942696362256497,0.9746139691174016,0.9841516565689052,0.9738592142758746,0.9865583826449964,0.9822014147119262,0.993125800744163,0.9715485451996972,0.9987846100917184,0.8912589811738395,0.9697109635326064,0.9950566648862608,0.98209998119674,0.9965098334367076,0.9244333128900334,0.9705023636739033,0.7650487833150355,0.9572187422606844,0.9719600644275551,0.935592824026696,0.974812455508246,0.9862997422516233,0.9682187255941336,0.9886878235449114,0.9708871511515036,0.9894508964746872,0.9508230061792629,0.9833186649854124,0.9785786503470285,0.9870019377797722,1.0000000000000002,0.9897180506205426,0.9817460761034069,0.924504306996486,0.9813701448925288,0.9778749411544696,0.9920348774543211,0.9707465470774924,0.9776455382410267,0.975353257600922,0.9679796250215453,0.9647567189437004,0.97140229636727,0.9812233701000888,0.9795095253607577,0.9649857790938792,0.9928551441255888,0.9745689736227742,0.960872130096522,0.9617679179575723,0.9917387280283683,0.9813522907337111,0.9397666349770867,0.9488906718747405,0.9927610459206407,0.9676304414887609,0.8247497045387643,0.9606147613276684,0.9655387625599267,0.976926529836826,0.9977853701112358,0.972912634861076,0.9745326911996491,0.9907351861597409,0.9679995731077,0.9538524108110791,0.9747762034006637,0.9788451809940011,0.974662672851138,0.9656365287531777,0.9666530233004815,0.9697302903814746,0.9674258795553022,0.9735169025848069,0.9707997924223437,0.9422368053500405,0.7513244567771175,0.9272971771438407,0.97251710369325,0.970462972863228,0.9317520558763711,0.9719388372056101,0.9620390569285432,0.9825347066245437,0.9535537574832266,0.9950954494163928,0.9799034162261631,0.9646852030480202,0.9800288325283787,0.9576068957003399,0.980648420292285,0.9716268093501685,0.9685744048989305,0.9635401681701941,0.9653082611740688,0.9395680774909555,0.9897942508275873,0.9728944818718969,0.8593882650563036,0.9700602036588535,0.9516440622837351,0.9455666995402316,0.9633025328012665,0.9728367638186277,0.9706381301862899,0.9536420067201896,0.9710617521311429,0.9241365039493998,0.9754462673114597,0.9599600915660539,0.9772662367028834,0.9803071070412652,0.9581797032012556,0.9609033133574283,0.983694310378525,0.9424590086363279,0.9807456425273685,0.9874100782398642,0.9762653746902662,0.9820691983757115,0.9163310822216889,0.9618549977531892,0.9743899083383111,0.9904156842970556,0.9742887746704958,0.9705583304901261,0.9165679651225618,0.9038816494778056,0.9778329234565182,0.9619795892153128,0.9250242316761955,0.9686637848050966,0.9881887478402511,0.7203601636033955,0.985915366798818,0.9566793601212391,0.8331616779906523,0.9359189317924193,0.9749717606070435,0.9905099104855221,0.9137514306919619,0.628266257695379,0.9231350408669021,0.7291132009804473,0.7636963815876747
Gravesend (West),0.7603348918412686,0.8214895901597569,0.9588404960912068,0.9889204607212189,0.9405693891086817,0.9059760332591521,0.9524710191094856,0.7911846414461315,0.9019939468265786,0.8792318198940977,0.9178246423205694,0.8598109145445302,0.9771034561577845,0.967818757329536,0.955247358887158,0.9551491298711452,0.8999218316628688,0.9755507711191408,0.7956582970368596,0.9669924624370263,0.9952199529142182,0.9909708113824215,0.9236119130006025,0.9514265361326081,0.9302726271754453,0.9795882495061433,0.7953485123646222,0.9862605325550138,0.9595345632169294,0.9908955780208055,0.9847668136942009,0.9780450108548305,0.9649079671442478,0.9673128471046835,0.9995053953405596,0.9326232993342768,0.9868325972520768,0.9344976715758164,0.8261158666100837,0.9622481573177634,0.9302969022567418,0.9863467986229403,0.9980365641471257,0.9345896232403232,0.9579620193254292,0.9761055092296368,0.9990329643679443,0.9943532512075959,0.9626865714734566,0.995750051322537,0.9892746297420043,0.9960673935055542,0.9861825999521369,0.9953308426586387,0.9974770928885864,0.9899570514465725,0.9984400198926796,0.996015323199516,0.9753356240904305,0.9946809884765563,0.9925376252591296,0.869197304868909,0.9923872657585194,0.9816682878496237,0.9882450742584346,0.9966047745700856,0.9179462459860414,0.9465577148580627,0.7393160049434292,0.9513701701251797,0.9919549413598704,0.9660494500954275,0.992151550398112,0.9928769500376191,0.9915455294266097,0.9910987930586599,0.9928020786521353,0.998531070939482,0.9632113607324393,0.9982052319287791,0.9659717916835042,0.9921898721824566,0.9897180506205426,1.0,0.9933380110247132,0.8984209173107652,0.9978239697086123,0.9951400876261731,0.9966200227588486,0.9858952174275177,0.9954778304897853,0.9809565478777817,0.993128660090117,0.9834524097293683,0.9907517944813817,0.9972536905615408,0.9972774004597743,0.9893059243607363,0.9971515631657091,0.994071983453041,0.9871905371200896,0.9708070594481494,0.9698656422672837,0.997815317059052,0.8910156256541117,0.9776995717658827,0.9982124120057653,0.9908838357720547,0.8018095974479853,0.9865636888081454,0.9902509246450568,0.9921515223265809,0.9937244344272352,0.9932495961620442,0.9933394454101001,0.9962828622758026,0.9923079559133274,0.9823597105108247,0.9926932511772985,0.9941197852007303,0.9489097656595501,0.988875025352965,0.9926900354283268,0.9333983713655601,0.991959867842593,0.9825116589712887,0.9935549641530577,0.9269890305235874,0.6964776218198837,0.9092712769531879,0.9621578158904139,0.992813422014302,0.9630505201700088,0.9929043213530382,0.9878197436209739,0.9979532239795947,0.980491034100784,0.9937576724305854,0.9911049919034614,0.9894157812630009,0.9943568944332142,0.9829241977919928,0.9969584309265915,0.9942564561627155,0.9901226101237623,0.9881159726215378,0.9308814149905533,0.9563708581725228,0.9943034997157234,0.9918558784217058,0.7985665037720238,0.9666374684770805,0.9803412961969704,0.9743678553598883,0.9892389944341073,0.9951576476798425,0.9871016540330785,0.9802606006427217,0.9931306278356653,0.9558268507118497,0.9934806120942792,0.9858809092195775,0.9965510547203239,0.9957746601649633,0.9848632963800221,0.9334286392121035,0.9949070531471703,0.9233568399648786,0.978916487534181,0.994259340052848,0.979411033102921,0.9914795783770864,0.9185323866701818,0.9733511087855471,0.995092067092152,0.9900615277919397,0.9909770818616368,0.9940639089732278,0.9420181743261943,0.9039034696334998,0.9919586413481667,0.9559283509310411,0.9260889393591633,0.9840108368488674,0.9969721374330766,0.6747664000298601,0.969784363525665,0.9839387303873607,0.7768943757879214,0.9457346436969126,0.9822748206313019,0.9899890520334828,0.9290694493830173,0.5211770493019361,0.8939639765137446,0.7346607745022166,0.6923547100648076
East New York-City Line,0.7832994684927155,0.8167106850287971,0.948596087460534,0.99013025342271,0.9511853430566971,0.9383025872677451,0.9647580964360853,0.8213443661403259,0.8905443845267949,0.9169494144223033,0.908388311429021,0.8739652982695522,0.9746999688594312,0.9715893540332926,0.9786664206434081,0.9400544305127826,0.8939458011192112,0.9827529439994189,0.8126706357776324,0.9853634329598373,0.995796887093169,0.991265201560315,0.9003329299287303,0.9708253773801334,0.9442156348513854,0.9898799408376469,0.8393154559060642,0.9793623965385231,0.9415806372370881,0.9965451283769463,0.9918550757399763,0.9788487527590619,0.9857182696546714,0.9533884803875201,0.9948489669296035,0.9537115909572818,0.9928380649565327,0.9257268901931582,0.8274697778329334,0.9495387245842427,0.9204478353998031,0.9906697588932325,0.997728700979747,0.9199578866973187,0.972842946227292,0.9592054011373587,0.99382477290152,0.978261424856029,0.9771349255635052,0.9894780219656014,0.9808344145690552,0.9920197313783957,0.9813082325126794,0.9935182969041819,0.9913043278044259,0.9917809661961792,0.993772109085322,0.9849798056873359,0.9599551432288354,0.989297595415929,0.9808008930128878,0.8436452804288985,0.9948759053303522,0.9708819361587535,0.9956492744590197,0.9845574019124543,0.9080490452816088,0.9267440704393598,0.762004695621409,0.9304768035432439,0.981239737547392,0.9626655925759903,0.9895941001735096,0.9751568598642035,0.9935341802256099,0.9967863507063701,0.9938907811266041,0.9899229086311072,0.9493336293309382,0.9941673930481468,0.968878021651919,0.9859091044540551,0.9817460761034069,0.9933380110247132,0.9999999999999999,0.8793251550935823,0.988597779931054,0.9850173918943497,0.9856076218257921,0.9978991261720273,0.9837085009758756,0.9688670832596632,0.9906816426189865,0.9680250566231369,0.9962176885465602,0.9894814237228765,0.9886838569362898,0.9806363632669343,0.9878792273709631,0.991803671750055,0.9799614770948883,0.9685250548405406,0.9534603857670859,0.9893344875702369,0.8927026781384566,0.9677288669218438,0.9900890329584996,0.9834049988248466,0.7745245509712398,0.9810732455367118,0.9835826199784788,0.999317332456394,0.9829995039298829,0.9806188952659496,0.996859821063716,0.9915417627510612,0.9860321755864557,0.9739836517312097,0.9841585655518494,0.9982928784442006,0.9465431041347083,0.9797962037318437,0.9881517201165656,0.9321598295934914,0.9829320723055152,0.9940657539110387,0.9864982109912962,0.9122594009209904,0.659353421349654,0.8794562601172952,0.9558185788651075,0.988817381195742,0.9516210415165536,0.9848979952139941,0.9763045746603247,0.9860372741073816,0.9715445551857576,0.9876199742831656,0.9950119115679421,0.9803384172117192,0.9921984263511983,0.9746062126060483,0.9840310616973321,0.9899070056454101,0.9910763997025299,0.9780335472635489,0.9404980507097747,0.9338339275479745,0.9781897953979477,0.9968627388811722,0.8139747397722751,0.9701014859037056,0.9707092568982586,0.9621321895417023,0.9826631956432186,0.9897456730930101,0.9976093315368749,0.9744091938011915,0.9869841541870108,0.9495323405552322,0.9965603631186699,0.9821549797600131,0.9890238737938433,0.9967998563290287,0.9737110838122008,0.9197509166058351,0.9853979167983692,0.9012900900548021,0.9522181575717847,0.9969593543621399,0.9917890477173634,0.9921445848511006,0.9013474253740646,0.9562043365567702,0.9844489973485563,0.99410218729018,0.9889007989448492,0.9944618979825002,0.9212379604127655,0.8898748427930417,0.9997262780586099,0.9360343964702682,0.9034660973885672,0.9925450496184612,0.9902220362924071,0.6580509607253885,0.9754330564569352,0.9811123959180219,0.7479866164791137,0.9216676454349079,0.9948351161261286,0.9812762315441891,0.9095902797996529,0.5103772058078403,0.9224433703504341,0.7467986133534377,0.6757136251922632
SoHo-Little Italy-Hudson Square,0.8156848453884177,0.9594970135131452,0.9678261232694827,0.9229772970659981,0.9055995851197103,0.8600068347599604,0.8947418181514676,0.8263613285513896,0.9481542302582775,0.8098712064212685,0.9537830973109557,0.829886989743381,0.9538884646801497,0.926807780277124,0.8543349219480179,0.9792789134100526,0.9690698361968527,0.9047530740164295,0.8689467721247703,0.8665700045868922,0.9052985438431707,0.9064835711290691,0.953893686819725,0.8860874301781485,0.8599026578557051,0.8728070019559069,0.7358829529188412,0.9500848144250007,0.9603319575102482,0.8720893692327,0.890335762807959,0.9338937159201333,0.8397124324131736,0.9492678195553605,0.8895560586767546,0.8600962858451441,0.8616838439688702,0.957341155039758,0.9233239708315294,0.9580749022057621,0.961935812034092,0.8891975980924174,0.8966708349161215,0.9864590182685322,0.8816680503926938,0.9630145611441748,0.8902495098306573,0.9280701907977799,0.8896949882722185,0.9197678412773604,0.9241647252590781,0.8992154758785076,0.9427320541727993,0.8893725662275173,0.9022531939189323,0.8330585780846317,0.883305799175984,0.9154367387015896,0.9245260140044154,0.8725292185305216,0.9239048372053168,0.9951070949135877,0.8799348815847876,0.9538122001082727,0.8548068204538031,0.9191860735684313,0.9877065507567186,0.9754067371983582,0.6886138298122196,0.9819208830469379,0.9027049862307128,0.9055561252539568,0.8465090474238972,0.9231648056681303,0.8832122069698813,0.8765673519193665,0.8822340482693898,0.9080528469710963,0.9571049139236376,0.8877608365643104,0.897829733232362,0.9413356757295986,0.924504306996486,0.8984209173107652,0.8793251550935823,1.0,0.875701236609357,0.8903215050998833,0.8946026539363627,0.8483622661073018,0.9058881391796514,0.9561902727667444,0.8795119406518872,0.9259440169726743,0.8798024873526217,0.8857283265358422,0.8902985112981326,0.8832452627629718,0.9284817342944123,0.8678513632468686,0.891501043871497,0.8166918003385245,0.9285340411046085,0.8786199452095627,0.9089023277721707,0.8981367987166703,0.9125257643021275,0.8804483597694331,0.9739233767950352,0.8940753258174627,0.8862541227464326,0.8788946863834904,0.9138572195655302,0.8964367804381659,0.871491062498502,0.8966997949042727,0.8817358382496007,0.8956037132383877,0.9039284643194366,0.85977687197235,0.8885603239457323,0.8995872021763206,0.8799115990884652,0.9072578216329306,0.8759964546503543,0.8773970075829235,0.8717218102543284,0.996016337573607,0.9358314176394963,0.9929234372021357,0.9128970057076861,0.8808478054809239,0.9034570164446449,0.8981005907921692,0.88092415887968,0.8895054585722675,0.8968237621508555,0.8993376092883694,0.8553584133828439,0.8828283763473851,0.901753569931187,0.893978844432236,0.8958505077267338,0.8760567672276118,0.8883520770809767,0.8821801316055627,0.8719256408805787,0.9441677576456134,0.898033486379542,0.876136276507802,0.8455347572066899,0.8586004475294543,0.8962741162908564,0.8971698060459853,0.8888860585655561,0.8649756500887854,0.8710764883426022,0.9002246793603167,0.8739908703990413,0.907791079524862,0.8516080723250362,0.8958629261061646,0.8724380444209595,0.8751668239669527,0.8880161616571242,0.8877588856092877,0.8971415830227941,0.9860132636765822,0.9376157220097495,0.9109537573967332,0.8490813122571989,0.8885237310123703,0.9793174333221175,0.9526909635784547,0.8637342526307383,0.8786836801975232,0.908550395772951,0.8700512652005207,0.9147152663491236,0.9793569172671936,0.8744019974503575,0.979575125298602,0.9798811201348722,0.8790583445436714,0.8755435928324553,0.909255148807731,0.9379733628511494,0.8363865202899873,0.9664079829724533,0.9629935378944526,0.8554992449385479,0.867952769047296,0.9432203045997086,0.7713377630775852,0.82949236667646,0.5530216991399173,0.9141359408054175
Sunset Park (East)-Borough Park (West),0.7438732178077236,0.7954681218750069,0.9457762147448946,0.9821079338247507,0.9265530463903348,0.8894891132056976,0.93955085117258,0.767997876506909,0.8843357588454562,0.8632461519438721,0.8990955326398504,0.843662050078043,0.9664137161763009,0.959332172986185,0.946351535199965,0.9420356532566923,0.878842755037098,0.9660602322099685,0.7728859497874728,0.9591293838229371,0.9890986742562602,0.9873178417180074,0.9110841719316579,0.9369869995041485,0.9199154535300188,0.9749396294039904,0.7771038121590231,0.9777954644098403,0.9483037925601112,0.9889583103591457,0.9774348780453536,0.9700654444475477,0.9577446455080241,0.955900113219325,0.9979088831691354,0.9179267991639581,0.9859615956847113,0.9230449435292731,0.8072624497628228,0.952941492641432,0.9131856998626137,0.9806949295251167,0.9937900696002848,0.9197082569735816,0.9480183198646338,0.9668562476640978,0.9965770319314983,0.9900335753144501,0.9503530449864545,0.9913282572545699,0.98052162038012,0.9937750323810729,0.9765514848038268,0.9932477573705297,0.993650290902232,0.99120803413488,0.998307140018785,0.9927939453050334,0.9688367540966151,0.9950624578507548,0.9857927859409906,0.8471032553197109,0.9901612014173625,0.9710696619412235,0.9839533883490181,0.9921751512293473,0.8984238424018418,0.9334871100607374,0.7348513827082296,0.9400988537470996,0.9897847267181858,0.9615157675370806,0.9927319336182466,0.9893109411378305,0.9891183798733328,0.9853448033699225,0.9899810634205268,0.9946160579057025,0.9534588284970075,0.9978822966228639,0.958739607252892,0.9838919468977174,0.9813701448925288,0.9978239697086123,0.988597779931054,0.875701236609357,0.9999999999999998,0.9937316921849003,0.9961698392069365,0.9825161991051151,0.9943393274912672,0.9711189100276693,0.9930287287531414,0.979881948568919,0.9861035627345273,0.995948211317362,0.9963837895812562,0.9883438017544954,0.9913135061159041,0.9926975613013277,0.9856284595210854,0.9770230545488094,0.9619250386926297,0.9980762701469615,0.871035558230227,0.9756103622123476,0.9931670190692272,0.9898240112884751,0.774713307689974,0.9841068116958505,0.9889303907460496,0.9873433024073023,0.987694995369404,0.9928020239407653,0.9902496338241614,0.99093043822781,0.9916933903632398,0.9809137508750467,0.9891701090173731,0.9929472012092936,0.9407485534625334,0.9866674633225879,0.9932119527464096,0.9193106726772571,0.992652025104643,0.9773165638718387,0.9938927465066162,0.9075055480750269,0.6655888756683225,0.8923490686940392,0.9573321226780777,0.9910295262732449,0.9598489393816637,0.9907326627599801,0.9881929309393003,0.9984786858418468,0.9777782325536212,0.9875308451803451,0.9878935685886787,0.988814483189038,0.9887679309395929,0.979975039774498,0.9970309935590841,0.9936185527991573,0.9857917218529003,0.9874768158844027,0.9157193965622651,0.950018823212946,0.9948227953216859,0.9877608212744597,0.773339633142827,0.9652318383061992,0.9787816027140133,0.9722590172418568,0.9880616778007036,0.9963427718561436,0.9811707252019487,0.9764495896769595,0.9925584715486145,0.9506745237105686,0.9931873227608793,0.9828403413445701,0.9972681602588918,0.9952116860306722,0.9842081680005254,0.9286549362904236,0.9912340866939339,0.9030661716373211,0.9765020099858069,0.9875713048630358,0.9749758568003019,0.9845972295889982,0.9023123897813876,0.9659096618715072,0.9982152068740008,0.9832878580178855,0.9882822192748716,0.9943340018744675,0.9361592808160861,0.8847471565887631,0.9873581527594143,0.9451694743296585,0.9118462552709503,0.9759955043569525,0.99571022288564,0.6441857627644403,0.9520624889826701,0.9908084460354228,0.7470081858076887,0.9387021255589818,0.9750295392002463,0.9895802363372357,0.9172177491572151,0.47219754684107673,0.8694371413240983,0.7520854738069931,0.6492698476911929
Gravesend (South),0.70928280243722,0.7900295119575175,0.9377639398745183,0.9751947620781061,0.9059945649699666,0.8747828581733186,0.9212615587147426,0.7361832244906326,0.8676738985785692,0.8380686976138445,0.8876759691630606,0.8089772111101621,0.9661775983599448,0.9608055733545383,0.9303286736082088,0.9388936533250835,0.8692251572814421,0.9513339773803451,0.7434243981552422,0.9436329963334791,0.9826249801568989,0.9842447632563008,0.8977558075541473,0.9234486508662005,0.8910140659258943,0.9576945499852685,0.7395300437957248,0.9751195985336246,0.9401740197914095,0.9857132606549918,0.9653094385940988,0.9685109886776124,0.942908583182075,0.9483104038678226,0.9960618934393791,0.898699832296123,0.9692393702995672,0.933747032108679,0.7893741695299538,0.9646717071944432,0.9022364613461629,0.9663731943053243,0.9935662311744841,0.9226800747847368,0.9279701273928309,0.9632913154588375,0.9974064521495172,0.9901445283403503,0.9361928348295004,0.9936713373382515,0.979239210155243,0.9952114171970753,0.9703530553344557,0.9951415386646335,0.9986107165994513,0.9850732654197117,0.9897530655467677,0.9976369616816764,0.9565358613710764,0.9980172571700036,0.9848448723386005,0.8656872279417086,0.9910038177954985,0.9674839934768973,0.9784890622542443,0.9898361389966798,0.9136833291734608,0.927811697407892,0.6708505628255855,0.9440617238784533,0.9982303303154713,0.9734079879684047,0.9929037662175672,0.9945881349139623,0.9909166807100872,0.9791883078182912,0.9939475277150693,0.9977033709279034,0.9688751679760625,0.9907460612413295,0.9363174729268012,0.9879455319805757,0.9778749411544696,0.9951400876261731,0.9850173918943497,0.8903215050998833,0.9937316921849003,0.9999999999999999,0.9866775275368492,0.9768234597949444,0.9975382138943045,0.982743843240893,0.9936656105666608,0.9904030249072673,0.9901584941975747,0.999421758359256,0.9993948489313355,0.998071169803443,0.9927522124219899,0.9971027052165178,0.9949777832085335,0.9483718125385096,0.9509386169404335,0.9983126830257706,0.8508992163320317,0.9889169507686226,0.9957503013943086,0.9986385521280554,0.8068248923938509,0.993819440017664,0.9972947390363135,0.9866335480618977,0.9876321225303009,0.9987461600376546,0.9926520304801164,0.9947933523039321,0.9979329562680975,0.9909193372600498,0.9985343209980678,0.986537876741562,0.9157194843732019,0.9963594387086593,0.9944762148977903,0.8994852220436932,0.998637890462652,0.9649010587294408,0.9988465473625431,0.9204137866175853,0.6836445754858393,0.9079280413419978,0.933188829044685,0.9979456539493611,0.9771502381353205,0.9981517383863695,0.9975223777477562,0.9978564401328945,0.9917762695897128,0.9892205789150916,0.9875227927564147,0.9980359541452972,0.9965012894098627,0.9941016368818832,0.9984010855053578,0.9980393816827192,0.9937044954119142,0.997916846575171,0.8981288224389825,0.9682890767985468,0.9861249640278948,0.9910026355542547,0.7438086797287237,0.9371410420423698,0.9904202204037997,0.9880998342326295,0.9957943233648094,0.9974485423478673,0.9832749563138247,0.9898190057801864,0.998868354879651,0.9671137504033976,0.9892383839266543,0.9920668736632495,0.9984482530442099,0.9862324748223755,0.9955611209218773,0.898595408989605,0.9988316741358235,0.9276143440594079,0.9730133338966289,0.9839979037858892,0.9604477930732914,0.9929626336165136,0.923453900421716,0.9784310834711506,0.9965595739920965,0.9802696967360368,0.9826597089690432,0.9911596172186722,0.9634338997724797,0.9090307078641853,0.985229285497599,0.9471912648754012,0.9320505453083197,0.9855984156221362,0.9938806565718783,0.645625602493791,0.957385109395543,0.9742436918052566,0.7586430420323323,0.9472615576547023,0.9751471299826635,0.9785315662256932,0.9478532861074743,0.4934111785500988,0.8767953778922352,0.6750847413334814,0.683828370171013
Manhattanville-West Harlem,0.7647592827555513,0.8245041614160648,0.9639631336612573,0.9846849030236804,0.9472819179234013,0.8965836321859948,0.9572504008956719,0.7990204097222556,0.9181150818025234,0.8773925908392616,0.9305231763556129,0.879855476934953,0.9701880388660421,0.9541899271813795,0.9495012532856426,0.9582269542548674,0.9076335616726374,0.977771627422468,0.8060676988719692,0.962979031234213,0.9932807114654338,0.9823548059355885,0.9407577405531123,0.9498754122799785,0.9411739321831039,0.9794243544831538,0.8028635512588109,0.9833112040386993,0.9694103347502019,0.9804677553868846,0.9848990963654918,0.9686898624511833,0.9608964696038672,0.976175139664877,0.9941925563200924,0.9362679514350205,0.9866473514863028,0.9196075574803404,0.8298240544887444,0.9495683818144317,0.9409009705046494,0.9884382586454394,0.9905318862449389,0.9315367054362296,0.9603208978810015,0.9800552210516355,0.9930320854483824,0.9945085796063085,0.9633518835668452,0.9877021335779214,0.9907209656723936,0.9868529426174,0.9871600576504835,0.9849427326173459,0.9889690644904281,0.9857170121861148,0.9973102152947257,0.9886416366908115,0.9865711153154378,0.9850360535796591,0.9938927846458094,0.8638502173347827,0.9806161668209717,0.984553339352072,0.9836540247254187,0.9971755259704933,0.905608008465901,0.9549967521320036,0.7663254517608553,0.9498613237094732,0.9811987594965682,0.9467313564875487,0.9855651789321912,0.9895447356304349,0.9791290161600128,0.987820297350097,0.9801541822820365,0.9929373949781132,0.9493100004823252,0.9950406339376352,0.9746314913427625,0.984856153698359,0.9920348774543211,0.9966200227588486,0.9856076218257921,0.8946026539363627,0.9961698392069365,0.9866775275368492,1.0000000000000002,0.9771716600369122,0.9883516907868135,0.970934462360192,0.9825926185824344,0.972586086925027,0.9772370237730229,0.989930370175735,0.9897779755658102,0.9765564890296758,0.9931853923789554,0.9838160346777561,0.9730811157580099,0.9814275420408524,0.9817218454686288,0.9925383863772894,0.9070095714979591,0.9613165888256571,0.9935903520729628,0.9786314218706775,0.789335287890108,0.9716123822174768,0.9772206474924973,0.9816928010844778,0.9940541610350295,0.9846418330204094,0.9819568734436311,0.9903227824617363,0.9805583492180139,0.967365339490272,0.9812713975204471,0.9884316014228136,0.9646172363702393,0.9759390966473993,0.9823232311695491,0.9480301621425576,0.9815164776621526,0.9778455993334617,0.9836531497929758,0.9202171379390051,0.7023842420843955,0.90718160383524,0.9736935179879761,0.9805237257523463,0.9437830661591974,0.9815741092376595,0.9759326776645519,0.9942555140255276,0.9640943167191758,0.9912835289971729,0.9838368191283982,0.9769655735173948,0.9825954477497526,0.966915013573935,0.9920888263440499,0.9834936459247295,0.9753425256655464,0.9754672088854537,0.9411515503140778,0.9432536529225077,0.9989967080583908,0.9792183515107373,0.8173212638058575,0.9767517792748306,0.9648548920013221,0.9575059882975241,0.9759765962927291,0.9870093810662418,0.973784932254871,0.9629719488907685,0.9823184256353298,0.9345418190403157,0.9864607454763181,0.9704261606376677,0.9898108685697184,0.9918979239124079,0.9711787981069482,0.9558881049282681,0.9870985856354102,0.9150060834659548,0.9847622039529292,0.9881688739266438,0.9783092550177931,0.9802862065819914,0.903733013983041,0.9628833664623854,0.9907979349345389,0.9865562548809409,0.9847002040331939,0.9852706686296234,0.9219103532353,0.8865501130444712,0.9824884718967456,0.9553152019271038,0.9143466790844931,0.9676235014356966,0.9944919912293593,0.678886560984933,0.9632225858118681,0.982893881920639,0.7847282101998554,0.9389901423508946,0.9724244992520961,0.9957000261066073,0.9082817552464374,0.5324957270542059,0.8837906114591408,0.7679921410667282,0.6881913540140665
Soundview-Clason Point,0.7712464806468284,0.7872589306624066,0.9292702116579102,0.9812312490449879,0.9432868421075395,0.9378324273297614,0.9596309995620912,0.8140930400973073,0.8684515801330353,0.921485520733173,0.8877795451087965,0.868678884784651,0.960252355292246,0.9605664402423981,0.9807628411257905,0.9175846536875328,0.8706613343549825,0.9768910633509751,0.7972533026844846,0.9857760001263541,0.9895250467723439,0.9837517966863879,0.8759969420504922,0.9684774050975361,0.9413908889550894,0.9884215451613952,0.8465125726689858,0.9649957142389991,0.9211312843723634,0.9943334334661111,0.9883003017567236,0.9673368361232061,0.9897341523268837,0.9361415364177034,0.9888139784725163,0.9532716780111481,0.9918468421474422,0.9045370624590976,0.8036409360563768,0.9298829928114818,0.8997359602502721,0.986542552875592,0.9920908690241208,0.8945974946697385,0.970084789325743,0.939928185960481,0.9875898763386962,0.9645352000026417,0.9740083452271949,0.9792095323246455,0.9697205851283481,0.9845522991797242,0.9686738799854127,0.9876914894542697,0.9832677860416604,0.9930250262416273,0.9883670999735148,0.9738631358915243,0.9456172730769072,0.9842063174989343,0.9689141769115647,0.8083935032976665,0.9910026380865581,0.9550571003280239,0.9962637078052415,0.9732533679066778,0.882298592198483,0.9028076733551449,0.7625091478181465,0.9053244247326958,0.9710616912286731,0.9513862205191532,0.9882505196459028,0.9611989202373528,0.989042381920988,0.9948377115319652,0.9894462055828456,0.9807702926648103,0.9295881797263079,0.9883083039714876,0.9616945915160212,0.9731782479594304,0.9707465470774924,0.9858952174275177,0.9978991261720273,0.8483622661073018,0.9825161991051151,0.9768234597949444,0.9771716600369122,1.0,0.9732432821273033,0.9517087134400979,0.9853956444374564,0.9530666225496531,0.9932244053870938,0.982724642887216,0.9810967346484983,0.9728562637835397,0.9762417077643296,0.988247626051584,0.9713696279063795,0.9686579200150387,0.9380066100628319,0.9831923090223923,0.878040079888764,0.9565949451328926,0.9806742147269929,0.9764778062786037,0.7347732068417757,0.9726494336858218,0.9761053089201931,0.9971785181355682,0.972590771515947,0.970690350218915,0.9945087848937286,0.984735167719212,0.9793822395837997,0.9640391553928083,0.9746362803660064,0.9976060524771441,0.937717440229368,0.9700325219936394,0.9821402786927197,0.9204788087840712,0.9760924739849299,0.9925759915853681,0.9809355493481517,0.8853620346770872,0.6119585592057958,0.8469349588012737,0.9437540608823171,0.9830634660790202,0.9379656337974753,0.9760777725553642,0.9677567270947912,0.9777017620119868,0.9612098617946518,0.980112490648136,0.9946715881060777,0.9724775068613952,0.9850660924074632,0.9650808175187136,0.9745630288317755,0.9847048792405082,0.9856824120150356,0.969844718025623,0.9357025402741249,0.9122335500991378,0.9676643130418465,0.9942702038802903,0.8019140661458171,0.9672104895808884,0.9601334907360504,0.9501484101829987,0.9747600411505284,0.9855702743679098,0.996817574554754,0.9645702466636464,0.9814246110091766,0.9361473755555928,0.9963387531820901,0.9739701561499657,0.983638251973202,0.9935731802304353,0.9641534668073336,0.9062452018496778,0.9768312053664889,0.8733024616627076,0.9328959413486779,0.990374400432898,0.9936796710789055,0.9872612021742577,0.8742035414291017,0.93701059421687,0.9789284349686609,0.9914688638714948,0.9804771051121565,0.9912045670699853,0.9018490911503739,0.8623313634728006,0.9982870586227613,0.9118752283951499,0.8754507819906685,0.9900776078226241,0.9851358578874957,0.6169928964875877,0.9652191843294428,0.9795079810672337,0.7073257971945343,0.8966276047750271,0.9962902909375475,0.9760909096575393,0.8864930106876409,0.4744047962066715,0.9243856309676216,0.7579119442877553,0.6371387363278911
Pelham Bay-Country Club-City Island,0.7445615914399356,0.8184419369127854,0.9510054136749131,0.9829313609125324,0.9153532194365118,0.8857593483025192,0.9263680540372795,0.7574023770821557,0.8826159767076249,0.8454819797143348,0.8984506167053521,0.8164004134589046,0.9774109613229899,0.9730923470192104,0.9347186618592115,0.9535823855998733,0.8873991589978146,0.9562364814156521,0.7705088944825502,0.9477413701655196,0.9837062014044262,0.9908891924408902,0.9109979243562071,0.9265579068807407,0.897999814633973,0.9619611427627317,0.7474926152976452,0.9844472180366142,0.9499656319260239,0.9873058640508344,0.966505809562034,0.979871337263655,0.9414267278053535,0.9540990558244947,0.9957198154988103,0.8998437245274071,0.9723781440873055,0.9520155938313253,0.8227348138648597,0.9769696589833974,0.9148060565251042,0.9685938072964659,0.9932584914380403,0.9418092147994259,0.9343658744769909,0.9729142245378468,0.9952230402579862,0.9922970233641907,0.9385202174308332,0.9976292379505163,0.9777606015953964,0.9976406917657181,0.9767000572046532,0.996132803782521,0.9972258827277646,0.978381068491997,0.9911718728306257,0.9994222471236226,0.9608129210730612,0.9961791564588985,0.9842070706430524,0.8851190357560321,0.9919755001052275,0.9733963890624887,0.9721224379485045,0.990762032159152,0.9305248303607834,0.9414939716759264,0.6962675721612273,0.9600517053237209,0.9987090998861983,0.9814099644874799,0.9855775751962651,0.9954444841999754,0.9924346271275315,0.9755360101058204,0.9933169168065679,0.9966370828742007,0.9786865615215058,0.9935018101555255,0.9444232396876568,0.9925853159380305,0.9776455382410267,0.9954778304897853,0.9837085009758756,0.9058881391796514,0.9943393274912672,0.9975382138943045,0.9883516907868135,0.9732432821273033,1.0,0.9884924378685827,0.9955293356623749,0.995450103621048,0.9883397206484398,0.9966743922006495,0.9984886247130331,0.9961659337602096,0.9950122835341628,0.9922176470353475,0.9960815812503152,0.9513895157587692,0.9547054411720746,0.9959780721987181,0.8595301468435846,0.9919323980637473,0.9944747641587238,0.9959564546593382,0.8267608357311849,0.9951972842088952,0.9966938448298295,0.985327098413251,0.9851552439835631,0.999243030137133,0.9894010473643224,0.9900547204332972,0.9970469982861263,0.9942360646205769,0.9977936891293397,0.9841978555828302,0.9213939850182934,0.9973745821144644,0.9965213007630129,0.9047380360543246,0.9969184940377569,0.9689320619503283,0.9958338960515268,0.9351043077366332,0.710485830457378,0.9228078163334312,0.9468560808318,0.9956414015420679,0.9827348596183001,0.9984633841479477,0.9962352711452521,0.9977326256545559,0.9929026148692319,0.9839486714641928,0.9799898400659828,0.9964654224936867,0.9944587696285331,0.9935065397103233,0.9989970546934149,0.9959820450320339,0.9925001257688778,0.9957414130321637,0.8963028587201121,0.9770276317937424,0.9884755352754335,0.9885437688324616,0.7570931371721099,0.9440110088388075,0.9934382656546547,0.9901728046045613,0.9967244232215233,0.9947057420717238,0.9802863678842173,0.9918599060448726,0.9953747161955714,0.97547566476313,0.9851522463333652,0.9941668114824386,0.9957104867588105,0.988130415818247,0.9954817481727399,0.9090669656636334,0.994665016068785,0.9332105527722869,0.9807983876017321,0.98695569144965,0.958266596353362,0.9865301837441947,0.938793765025198,0.9867409644237424,0.9944724323058863,0.9744515960604337,0.9907469461065176,0.9923746256315855,0.9674709074558511,0.924487422204127,0.9833992112845812,0.9628443603241643,0.9462080053589705,0.9802740884580551,0.9891808926034503,0.6836899840980168,0.9563356688717652,0.9793787374079582,0.7796631509751561,0.9642128331618129,0.9674158567829618,0.9749544963861463,0.954117935485478,0.4973793351036803,0.8617649237871271,0.6938280043759365,0.6915795821423223
Morningside Heights,0.7756818694278032,0.8780160976737393,0.969717001480899,0.9807406914480794,0.9233052162343907,0.8960248818228363,0.928391132427767,0.7879678659261247,0.911030836553734,0.8476677892367755,0.9260113287651494,0.823544535321111,0.9891818535597292,0.9802165317475227,0.9253866112139293,0.9765214570458081,0.9258677913586518,0.9532608836122336,0.8097218773418127,0.9374968756893064,0.9746072712608664,0.9827588940047274,0.9316761606104196,0.929189270524297,0.8934510182697029,0.947042474001363,0.7510129627686312,0.9905733808445104,0.9642698997817412,0.9697864505960602,0.9566176193900665,0.9849895452262052,0.9245001119776515,0.9641441217486406,0.9791138431067025,0.8995711449453028,0.9501945914251535,0.9771999105425897,0.8667671041967022,0.9936248487635861,0.9406696206641219,0.9563783744172778,0.9811975278037204,0.9741163472454194,0.93016262928823,0.9837595714693697,0.9796912058163498,0.9873066262481985,0.9373166827532406,0.9921090517939457,0.9759840209582857,0.9856291206165885,0.9810074693336494,0.9819566615918541,0.9866131518873587,0.947698401955287,0.9712638672853984,0.9917437656534199,0.9586524318005639,0.976009974981041,0.9801313587560212,0.9411063083454141,0.9765640989935191,0.9818419623392257,0.9513950407896228,0.9830068779690204,0.9725997111669363,0.9643266320667228,0.6870627369130032,0.9842245345027284,0.9888198661451973,0.9820538331322647,0.9587318569877418,0.9898131450597307,0.9783302824980857,0.9603129649182398,0.9790141724015975,0.9866362378212565,0.9954743349561711,0.9753435432219308,0.9389447940962269,0.99596874414727,0.975353257600922,0.9809565478777817,0.9688670832596632,0.9561902727667444,0.9711189100276693,0.982743843240893,0.970934462360192,0.9517087134400979,0.9884924378685827,1.0,0.9780065786094501,0.994431037178804,0.9754537624938356,0.9798994420412671,0.982578014508569,0.9816311603999638,0.99146717695171,0.9724577989343353,0.9848398088010953,0.9142900390305356,0.9557794837897858,0.9756983459697807,0.8825490585139024,0.9855107942878737,0.9862770881870497,0.9803087820531997,0.8989219197757377,0.9855858556830501,0.9829991554844412,0.9713164766528192,0.9780005345906416,0.9857474112594595,0.9722175526980794,0.9789096641199303,0.9809331264477422,0.9852823309998064,0.9891709743644229,0.9612438681784653,0.9168467218764647,0.9879559657621638,0.9787123286217193,0.9131538818920244,0.97821935790155,0.9558480724467732,0.9758287961861611,0.9758252501737152,0.797199409927712,0.9641242933697429,0.9436394969661922,0.9801627332079894,0.9826067898912433,0.9873253308078835,0.9803126127648004,0.9795831647835774,0.9859473571830638,0.9739401949667821,0.9585201557361915,0.9814694173777315,0.9864798888322105,0.9853500454359577,0.9832559296230322,0.9777863933313063,0.9819439387651481,0.9809712486339998,0.8982910257716739,0.9895889834350267,0.9714723347615488,0.9738830440692336,0.7897758696005054,0.9240218943667179,0.9853312178194654,0.984437415344228,0.9838698147165457,0.9716249934518045,0.9670001016843448,0.9868020155232369,0.9769047541480781,0.9800244519570479,0.9599757360229846,0.9856992410279966,0.9741857753377356,0.96775237349157,0.9831819061488891,0.9040664897424477,0.9831428743510341,0.9732915894291163,0.979236686020366,0.9808204512603219,0.9375537333442425,0.9767824435258553,0.9767775706885813,0.9975476540470303,0.9688303179884311,0.9608102607435443,0.9819086687726734,0.9716145820064774,0.9773503602426254,0.9687108998955383,0.967946905574079,0.9847636409826663,0.9804000480445062,0.9719330050095578,0.9688405497185565,0.7691224710733892,0.9710069322095335,0.9461183417561244,0.8534963350926722,0.9830834476848436,0.9516216211901569,0.9519665134494919,0.9787380499308566,0.597403221472361,0.8734699058653635,0.6345940729981969,0.785081035061042
Westerleigh-Castleton Corners,0.7577148481459763,0.8012230549343549,0.937245404619662,0.9845809071128635,0.9165140968150121,0.906055119558457,0.9295151403731176,0.7680880049668063,0.8618892932286034,0.8681470266067054,0.8786291350873136,0.8151435344601676,0.9742127851137421,0.9782014349272227,0.952187137111721,0.9365660960163542,0.8707299147608699,0.9586376028983159,0.7713851746909204,0.9615962063281787,0.9838286550453289,0.9950973863498606,0.8844218777439732,0.9352727796965268,0.9033705904941558,0.9711044200994029,0.7710831630044275,0.9782542484373211,0.9298654673131108,0.9967402464776803,0.9704141463007249,0.981949166248724,0.9568712311886259,0.9366879155678538,0.9957502303399051,0.9081713000204721,0.9809192677534894,0.9458457099124444,0.8167707707198231,0.9679860654329203,0.896735247100641,0.9713537900950716,0.9951645013972037,0.9257612172156183,0.9427105197040481,0.9565686884864442,0.9939814907185448,0.980186217727893,0.9443579571784634,0.9954198822353079,0.9673855893514596,0.9989073502264909,0.9698568940293825,0.9993786814867726,0.9948039640141235,0.984550098281809,0.9917107118636912,0.9938402218624743,0.9453799011595136,0.9978820855180853,0.972945635624739,0.8549124498415537,0.9988476024503506,0.9605387899816836,0.9785092877290666,0.9815249618999147,0.9162139348303383,0.9193482073453786,0.7120147166839168,0.9410495827662169,0.9947314557886198,0.9844549060693837,0.98812556890829,0.9831753139481257,0.9989748246761236,0.9795547011240907,0.9985299550228648,0.9916062040784068,0.9682815326747224,0.9950610931162825,0.9442297297552606,0.9872451617605297,0.9679796250215453,0.993128660090117,0.9906816426189865,0.8795119406518872,0.9930287287531414,0.9936656105666608,0.9825926185824344,0.9853956444374564,0.9955293356623749,0.9780065786094501,1.0,0.9873224737271923,0.9956080944314951,0.994478592076924,0.9962986854335937,0.9948240061239841,0.988106819858135,0.9946665559175745,0.9962023907763546,0.9564222081458468,0.9370698034408547,0.994070561707385,0.8464592896879597,0.9902135038198803,0.988689732650161,0.9952621936096404,0.7926002318352742,0.9962328285196642,0.9969515885399601,0.9932475971888046,0.9752015769522783,0.9946253683244313,0.9956478419491603,0.9864623213097594,0.9978568209347587,0.9940656022724109,0.9944462019892611,0.9913798310647131,0.9142216007898132,0.9952354029308169,0.999796973445838,0.8938938692680539,0.9961292003650264,0.9796210728490153,0.9960212440319989,0.9154071050017301,0.662099661569048,0.8919675052101244,0.9414080632877065,0.997245057366974,0.9799640486301717,0.996759851792129,0.9935716705443092,0.9932922699881654,0.991218307080325,0.977680162324506,0.9848371919405037,0.9950706801846582,0.9944608446374104,0.9917830164677933,0.9937593634959557,0.9979174107940373,0.9967775796669808,0.9934508953547414,0.8931123567558029,0.9619919993362765,0.9792036804636831,0.9955879270505981,0.7506664828426395,0.9483505387958788,0.992222614503389,0.986561053238823,0.997466214617993,0.9965455139465755,0.9903354056421051,0.9921342610680541,0.9956934468647048,0.9761497548290704,0.9921589070820953,0.996381944450851,0.9951800965976542,0.9935677042589391,0.9928778401705276,0.8947345506231009,0.9890717070421561,0.9058435883494637,0.9612912639631958,0.9895496548508539,0.9684069569956054,0.9869223659642768,0.9215489463135577,0.9745793283199115,0.9929062528547516,0.9760367236324369,0.9935309332769179,0.9989330010857411,0.9549522079736481,0.9079776043096895,0.9916625450239167,0.944814213279451,0.9253284514412689,0.9873772204947634,0.9864525263998809,0.6540507341868952,0.9519285452105717,0.987459043316419,0.7375995145169116,0.9473044966660114,0.9765163798052001,0.9696767803186122,0.938368201023494,0.4501985024324732,0.868508499368169,0.7159159374413104,0.6490720584942468
Old Astoria-Hallets Point,0.7412345470328472,0.8344017647769308,0.9485587384317193,0.9742313682418069,0.8968414573072594,0.8717597879464826,0.9051293816731757,0.7413192917615391,0.8756630543249624,0.8191203119546531,0.8912346618351022,0.7850119764003489,0.9782156839968221,0.9757505360063359,0.9133314789094134,0.957095332354689,0.8889130691187923,0.937913615059254,0.7635267590575221,0.9268859178313396,0.9687019364005276,0.9842386445984759,0.9059754417540086,0.9064792905443027,0.870026261266274,0.940496063221416,0.7118941186035362,0.9816967414274186,0.9447489941937495,0.9748752119232542,0.9464691359548615,0.9793327328842896,0.9152782126968365,0.9448176595505722,0.9834797572135816,0.8732065747540113,0.9505154512593503,0.9698949808291771,0.8326812794974665,0.989794986370311,0.909643127891849,0.9480367997218216,0.9819794679196525,0.9549386401444463,0.9125963611842315,0.970914395616674,0.9834002020436959,0.985451980680137,0.9175149383908419,0.9933552212372351,0.9654858216794018,0.9908256566925322,0.9679160339958808,0.9880223939569506,0.9897048470948157,0.9556802718629137,0.9752203939476052,0.9954890640460335,0.9461653119164692,0.986444345374198,0.9733191410147568,0.9132476339724347,0.9825720190883369,0.9669936127307452,0.9498242473631786,0.9802501976480478,0.9511332275658871,0.9425309995299852,0.6592052292333813,0.9712626114016449,0.9963931346945339,0.9889652953920155,0.9678238744612602,0.9916815526279201,0.984419716161192,0.9555620685403201,0.9850082257611772,0.9881570997432515,0.9921478172739777,0.9799786632324449,0.9235549868862533,0.9904944301652712,0.9647567189437004,0.9834524097293683,0.9680250566231369,0.9259440169726743,0.979881948568919,0.9904030249072673,0.972586086925027,0.9530666225496531,0.995450103621048,0.994431037178804,0.9873224737271923,1.0000000000000002,0.9785109357967388,0.9867078543332007,0.9900634309338666,0.9923030080801161,0.9886335193212306,0.9803300887345426,0.9947986784020826,0.9206203389665503,0.940811596151834,0.9838302691136488,0.8422258032894056,0.9961801056829871,0.9853488204313682,0.9904341609623883,0.8674075400380421,0.9943236520770162,0.992810196256465,0.9719424698913488,0.9730178943509827,0.9950664008604665,0.9769457536857566,0.978181343442699,0.9910734193443372,0.9958686651749357,0.9947940611106032,0.965371743713634,0.8967356031598517,0.9964701584954226,0.9892197043882192,0.8840504433495091,0.9901760047514367,0.951005598211238,0.9867415838504414,0.95206133353602,0.7488509555252253,0.9438625230653496,0.9311139277533205,0.988577346969186,0.9931322062902664,0.994849690280164,0.9929576279336176,0.9874498985169013,0.9956990792130498,0.9699654957642594,0.9609878692770519,0.9925604078593949,0.9881799912947103,0.9945998325165663,0.9911796692420604,0.9871352132832915,0.9868997715043507,0.9923443264840415,0.8692668980567371,0.9926639244315024,0.9745768360078804,0.9774404214546256,0.736453874592513,0.9171245826794868,0.9962574720385329,0.995816177406511,0.9938546497661781,0.9825463068757214,0.9672344604083903,0.9947548943411274,0.98683054532525,0.9875190609650487,0.9666898344315142,0.9934511487737613,0.9838327192170625,0.9717487916106929,0.9950692785509597,0.8864062175364507,0.986887730530289,0.9513811504230608,0.9779017773531951,0.9759821945614107,0.9323503295530928,0.9761387286789291,0.9633885007721164,0.9965390311352007,0.9812378691515826,0.9550710608486774,0.9836956286734331,0.9801026902336233,0.985699246875326,0.951635775199397,0.9682720738463442,0.9719753024745965,0.9693136508241753,0.9712692837288056,0.972844914806975,0.7178285069072696,0.9487550639012493,0.9604585910897548,0.8052288864450878,0.9804415989172491,0.9478715484563138,0.9525075336111395,0.977419043357384,0.5149405371219294,0.8404238210780524,0.6402874241632867,0.7224134424894527
Mariner's Harbor-Arlington-Graniteville,0.7594432354359976,0.8034128299461033,0.9359133061425505,0.9846467112205273,0.9271267559867323,0.9241662662963466,0.9421813696624413,0.7873692019575346,0.8645658216268076,0.8913960315319472,0.8850092703475483,0.8322546892181805,0.9734804085253359,0.9765078468459748,0.9648946928833955,0.9320979884955818,0.8752234068256923,0.966097268276565,0.7817708806102677,0.9718113375170186,0.987454099868947,0.99216164246008,0.8791837678531087,0.9523480585275956,0.9144102713648554,0.9758384690881731,0.7999265355966524,0.9756015106693964,0.9266854826686036,0.997366747278557,0.9779637231302832,0.9798339625240762,0.9709030127890348,0.9375779664364268,0.9938308146908449,0.9281575199771568,0.9814486418140891,0.9376691046088046,0.8126375600599762,0.9603669973012429,0.9001860807477489,0.9760589902484189,0.9968615646177443,0.9193206179237214,0.9528161736476396,0.9513591587932283,0.9935602149800549,0.9751682717120682,0.95847118152952,0.9921474868661982,0.9715769070972171,0.9955321581059613,0.9714121192414694,0.997438774222504,0.9942526713085944,0.986956116282278,0.9881501520460286,0.9890471565729737,0.9428845755918924,0.9942738011039379,0.9735983285426121,0.8494803733089659,0.9985883227613855,0.9610348384471461,0.9875364421911125,0.9790611645702998,0.9155255814049656,0.9143547881323716,0.7131809659024447,0.9311896757105655,0.9894757382662605,0.9782892388195471,0.9893152082960799,0.9771187773444683,0.9982467975508565,0.9876404728192195,0.9990278227897248,0.9903848879287105,0.9618746924012764,0.9907909475283249,0.9471135614660727,0.9868752370919976,0.97140229636727,0.9907517944813817,0.9962176885465602,0.8798024873526217,0.9861035627345273,0.9901584941975747,0.9772370237730229,0.9932244053870938,0.9883397206484398,0.9754537624938356,0.9956080944314951,0.9785109357967388,1.0000000000000002,0.9921958072240534,0.9921934821578141,0.9905492665210406,0.9864361268933223,0.9955437859581894,0.9909787295291105,0.949440975829532,0.9357573709713711,0.9902650655892663,0.8602572626479581,0.9827996647273894,0.9888791457316938,0.9921029635294943,0.7892445228644657,0.9921660107120708,0.9929567530950105,0.9986258515889418,0.9766348402143629,0.9874783687542239,0.9991494849381908,0.9901894836556431,0.9938071166134984,0.9867995851898739,0.9918405411773167,0.9938842523567922,0.9182885696971461,0.9900217215997866,0.9939504166638551,0.9034291332996477,0.9905787280941919,0.9847726024930423,0.9924386495015715,0.9148641385258949,0.6565640936156549,0.8837467295312568,0.9355824677059963,0.9958743802237489,0.9708800125986514,0.992626928816537,0.9867851282812286,0.9867615618804887,0.9858830775475144,0.9824211119149301,0.9918329322122975,0.9901730405997716,0.9969126324333578,0.9880040725752726,0.9865726388562708,0.9955375372790806,0.9984921307500698,0.9885108674091202,0.9116112211125664,0.9500028881013243,0.9707500494050817,0.9998570131993291,0.772089786023667,0.9476147569094111,0.9846436596325072,0.9787372739420943,0.992425915253876,0.9930398131953178,0.9985966672700518,0.9882825837502506,0.9933889608829506,0.968790570399986,0.9943441127089081,0.9930050966303033,0.9914082286586011,0.9919823529559546,0.9860830207958762,0.8895035201154008,0.9888261093854249,0.9082477318753461,0.9478197048340246,0.9927357438545124,0.9775904549059017,0.9943562017624191,0.9156768096696454,0.9663542803370951,0.9858497016031236,0.9855733132105748,0.9883152272240019,0.9960611254041255,0.9450647108178192,0.905374489197646,0.9975855286504905,0.9352785097980981,0.9167764836552554,0.9975039359391005,0.9864832266599837,0.6495407189157348,0.9678321019868795,0.9766239387746851,0.7383719359836249,0.9312521686524953,0.9901229515133088,0.9687811746855466,0.9325246562151934,0.485263622787308,0.9073818089518553,0.6996767816846202,0.6720640312982221
East Flatbush-Farragut,0.7188618498382959,0.7908344349081259,0.9401689843360209,0.9785809711182092,0.9153432407354398,0.8844358127876906,0.9308046883351266,0.7497268745283433,0.8729710640332867,0.8521708532437414,0.8926093170374814,0.8237356848178052,0.966982097863964,0.9610839825819443,0.9397576185769873,0.9389864946003147,0.8727184837290605,0.9587794467153613,0.7536299934498898,0.9523099043822354,0.9871194529919833,0.9860548831280685,0.9004003795975005,0.9328699122003665,0.9032002913460064,0.9655878177851362,0.758254558126565,0.9763038873882142,0.9422899990534712,0.9888963134601704,0.9723760200353853,0.9695784760504108,0.9526861444694438,0.9515449063998046,0.9981591746264545,0.9105015665998871,0.9761814836902302,0.9290520543823172,0.7924834035762461,0.9602274168230125,0.9063577642035536,0.9733686613031621,0.9960044485218488,0.9202115657731119,0.9375718396977402,0.9638177372733748,0.9991385324184353,0.9904066235676938,0.945162638239636,0.9938362846036258,0.9821767371370194,0.99585783690498,0.973664725333899,0.9961341017196692,0.9990020467046665,0.9900220485630026,0.993341855607281,0.9968128797498647,0.9606391860721052,0.9985218852227314,0.9868523851911586,0.8582437428718225,0.9927729120732687,0.9696350199639778,0.9846085951519497,0.9915477753236832,0.9090366006260221,0.9284273689750754,0.6897391448099396,0.9407697699444072,0.9964054943399945,0.9699708873510546,0.9956876701740506,0.9932169703229811,0.9922519749094012,0.9850236163427105,0.9950350202290916,0.9983915142353561,0.9637595978491136,0.9936988523041226,0.9446934950706197,0.9880537340922813,0.9812233701000888,0.9972536905615408,0.9894814237228765,0.8857283265358422,0.995948211317362,0.999421758359256,0.989930370175735,0.982724642887216,0.9966743922006495,0.9798994420412671,0.994478592076924,0.9867078543332007,0.9921958072240534,1.0,0.9995800005354624,0.9963495640001274,0.9934985613955034,0.9983899277564613,0.9929732217332398,0.9570877441865373,0.9548623097807002,0.9994958045336906,0.8602801852039162,0.9850645772413613,0.996872542554376,0.9975041389546215,0.7955601000742921,0.991958800892566,0.9959818020774778,0.9902543748856915,0.9897366522520894,0.9972356709128976,0.9950704936574372,0.9966280602832999,0.9972747064156234,0.9880996677586916,0.9971160802294122,0.991283508812053,0.9250333551044607,0.994191761798459,0.9947456032099222,0.9083058722580686,0.9977513004436749,0.9715459022087719,0.998812814789534,0.9164937753703148,0.6748051597221899,0.9011962321963337,0.9396168632971463,0.997791647764897,0.9715122020658334,0.9969534106349415,0.9952942401348982,0.9984591584132394,0.9883143835088755,0.9918515104626853,0.9917741116356854,0.9963034533520411,0.9968388620578303,0.9910687688373497,0.9981980699908253,0.9983974172181227,0.9939027267070684,0.9958349182626872,0.9089889088514972,0.9610860789945728,0.9883204561454748,0.9932974244371758,0.7572083646864959,0.946665703759762,0.9870425084205301,0.9834259829449795,0.9943393040948743,0.9985926120456929,0.9868726753259935,0.9868442094717053,0.9987480280425127,0.9619696580263454,0.993329477499574,0.9904736679579533,0.9994380533451209,0.9904798808054821,0.992639990968325,0.9067799721392651,0.9986265504382719,0.9213696303168013,0.9718307384032128,0.9874837569005916,0.9690252590375951,0.994516641033863,0.9160230681417009,0.9738608433607855,0.9976004152948715,0.9855808109691528,0.9845748263371715,0.9935285450287384,0.9544691265733704,0.9013538911121416,0.9894318931733745,0.9446027476728449,0.9243190563752648,0.9874766506971809,0.9966312891016024,0.6415498630107692,0.9609753219414302,0.9785766703624789,0.7538324825482846,0.9413095987842574,0.9807826633102903,0.9835953463955162,0.9384443628395441,0.4936829606276739,0.8859442499610244,0.694855990095966,0.6778527335696064
Madison,0.7288045787164846,0.7984593347248526,0.9429680424159042,0.9808361805927114,0.9153185729740941,0.8864324500625458,0.929437806082462,0.7524748241161191,0.8742760121542996,0.8513669905478373,0.8925954190954112,0.820465525112333,0.9708125752294852,0.9663792431200549,0.9397308100386643,0.9429048421613805,0.8760500895148037,0.9583231051543856,0.7589230608451707,0.95222123973175,0.9864615526541705,0.9889605358686073,0.9019312779137555,0.931248843091101,0.9018086662636758,0.9656400191137025,0.7556989864856136,0.9791727371955395,0.9434966421015597,0.9900321996893939,0.971015146156738,0.9739977756134369,0.9503455763194829,0.9511201027292986,0.9981967997113436,0.9071734494578279,0.9763815702237097,0.9371946332473448,0.8024485317369532,0.9660314138120494,0.9075764378689666,0.9724016302384175,0.9959306664721964,0.9266845829580421,0.9373047082576801,0.9660651707541532,0.9984894682164946,0.9907793560840276,0.9433141275486098,0.9957938044904445,0.9800854430852426,0.9975244946274892,0.974502247464407,0.9973416804167882,0.9989715799756711,0.9873873232458419,0.9935622055333558,0.9981421417684608,0.9598179740367857,0.9989118733782484,0.9854703332181591,0.8649724506351546,0.9939889831187181,0.9701581875018603,0.9813164631769492,0.9911715678077953,0.9154002156451965,0.9313054160676366,0.6934413528062139,0.9464042774927237,0.9978624238190652,0.975228817772424,0.9933030598680044,0.9937923107140719,0.9937903747432894,0.9825156472995165,0.9957554907485824,0.9981171460165873,0.9687778063018814,0.994729101417818,0.9449126419630107,0.9897546824790914,0.9795095253607577,0.9972774004597743,0.9886838569362898,0.8902985112981326,0.9963837895812562,0.9993948489313355,0.9897779755658102,0.9810967346484983,0.9984886247130331,0.982578014508569,0.9962986854335937,0.9900634309338666,0.9921934821578141,0.9995800005354624,0.9999999999999999,0.9972209348540867,0.9941068718007039,0.9973416244969983,0.9951303084993425,0.9566416337039373,0.9536342559441569,0.9991090287358368,0.8582698333105415,0.9884202895489482,0.9962159723186005,0.9979220034456233,0.8032282488994384,0.9941867596730185,0.9972869767733665,0.9898683335202146,0.987820294813593,0.9986232415728874,0.9944087380241972,0.9946292879216513,0.9983168555011404,0.9913449898168312,0.997952941952262,0.9902410446640846,0.9233019898905197,0.996137418657291,0.9967713301076145,0.9059063899859332,0.9985161535181037,0.9721126935278913,0.9988494822319659,0.9213218179736985,0.6823639944538736,0.9063102393974604,0.9422556592954665,0.9981299328605676,0.9763092749214896,0.9983138753021306,0.9965439429363921,0.9988778916213596,0.9908078281520553,0.9890504015314505,0.9887213951883806,0.9973163192583258,0.996704720990021,0.9927613340046734,0.9990889678372786,0.9987252040266541,0.9945854195214842,0.9966818154524801,0.9038819023740996,0.9663106051119911,0.9885597237753048,0.9929788135374786,0.7554877086539602,0.946758381808132,0.9902943438168176,0.9865870087608704,0.9963013232614395,0.9984694178013485,0.986012812823136,0.9895877016053886,0.9986024689402584,0.967759377450984,0.9919524685921423,0.9929279471205774,0.9991339542155101,0.9910328763188946,0.9945342902215972,0.9067466863955925,0.9975478084705897,0.9230893444449513,0.9742137312424421,0.9880839826499168,0.9665991199407843,0.9922855613514385,0.9228682512510716,0.9781170681807289,0.9975591345311119,0.9822155591612389,0.9878852822473551,0.9947214032541315,0.9589385785431819,0.9082112087266448,0.9886740938849234,0.9499658834045812,0.9306532008205395,0.9860524776859529,0.9946150237164004,0.6529811533709706,0.9587649507601401,0.980935484975608,0.7584506778580594,0.948769865038346,0.977252676534125,0.9808893395217726,0.9432165107678901,0.48829885771855014,0.8770673206675241,0.6977127758416117,0.6772348768014383
Cambria Heights,0.702371951673175,0.7797128735289316,0.9251925322365003,0.9701889509876871,0.8895506942578381,0.870314710752364,0.9053672069909896,0.7190435351785793,0.8452994208306909,0.8263697204013174,0.8662467482956862,0.7805586147062362,0.96328997631774,0.9643581556153911,0.9238104144362113,0.9287401120370835,0.8532187027628362,0.9388868631969222,0.7267696948277343,0.9361695670234969,0.973964796590968,0.9837686687049169,0.8764410545053641,0.9112443733044487,0.8716540960849042,0.9486451094657951,0.7197255444896785,0.9693847874353294,0.9237461671432027,0.9855693953232196,0.95422685885385,0.9685136222018271,0.9339119166941915,0.9311637724071353,0.9917360904349481,0.8815590308368206,0.961471828705427,0.9400121016227605,0.7822673116737934,0.9681146577656857,0.883609998625753,0.9547460319259203,0.9898398753332183,0.9184239705222991,0.9153949877094217,0.9522775215386242,0.992813157048516,0.9816973348332976,0.9228936440029333,0.9919644756044357,0.966576778655825,0.9946856653863528,0.9599152270454083,0.9951171280300194,0.9958901099114251,0.9787368580295714,0.9830418199215826,0.9954394638115124,0.9388284053458809,0.9976629087002463,0.9734239370805425,0.8618808583697897,0.9918476684530524,0.9553430897801084,0.9701575209608492,0.98038732745653,0.9145750728684086,0.913263212351692,0.6469395473955956,0.9391565635381546,0.9988591083443655,0.9823050036277928,0.9883037473286551,0.9890350561445009,0.9924195424447924,0.9701046472185951,0.994892197244291,0.9927559872745408,0.9724786883738559,0.9860184045534559,0.9206569957760568,0.9844247592226203,0.9649857790938792,0.9893059243607363,0.9806363632669343,0.8832452627629718,0.9883438017544954,0.998071169803443,0.9765564890296758,0.9728562637835397,0.9961659337602096,0.9816311603999638,0.9948240061239841,0.9923030080801161,0.9905492665210406,0.9963495640001274,0.9972209348540867,1.0,0.9867768642466755,0.9955123305174933,0.9986462844989143,0.9348651741224406,0.9321256477800864,0.9942894562694026,0.8252144727939685,0.9950810413786774,0.9894846430606207,0.999804969648538,0.807864013814152,0.9978391013395272,0.9995908963411654,0.9844731802730289,0.9767130457087422,0.998342253661433,0.991518834024247,0.9883102335624351,0.9993066593619997,0.996133421906248,0.998712603787122,0.9816278489833805,0.8935748542500087,0.9988762854627773,0.9959043758696545,0.8759466117444845,0.9993279981605255,0.9592162661414154,0.9984418711780914,0.9162563778335931,0.6715056349114855,0.9019073274655798,0.9182665227986251,0.9987703448835733,0.9862638996834623,0.9990445573513538,0.9995958927228888,0.9934776169517654,0.997070877733819,0.979456901018318,0.9816444668913501,0.999974361079789,0.995420058219856,0.9984147794594691,0.9951059104690069,0.9981091874840482,0.9957099539287966,0.999892673569913,0.87509215353009,0.9727462477166866,0.9757895782854101,0.9906984242514587,0.7152434537290765,0.9220539500712615,0.9959986614204576,0.9945282498191178,0.9987982399178126,0.9958807574532924,0.9824135155859292,0.9955412759175571,0.9986854135990878,0.9777688004800776,0.9853084888246372,0.9964067186033113,0.9956462986428569,0.9814814891584821,0.9991056074272395,0.8743260420398783,0.9949665911933583,0.9221893657445412,0.9629755363115958,0.9790189945183061,0.9502100405814493,0.9894739727549284,0.9275878137001058,0.9797049458062688,0.9930148801283326,0.9704453722161229,0.9811685611350716,0.9906470452441296,0.972489945938878,0.9141587863468918,0.9821372126220801,0.9415397222167315,0.9342821135694782,0.9859413807553152,0.9861654265473865,0.63746458039077,0.9474909289666563,0.9712191105776932,0.7424045329004096,0.9488077376106806,0.9694194842138342,0.9648443526217567,0.9559237814653221,0.46310254539650175,0.8624914587356918,0.652786470491233,0.6686244189938821
North Corona,0.7735035348182104,0.8532795830687138,0.9724355186905927,0.990552895792316,0.9451577079592028,0.9076658164810041,0.9539250879622886,0.8026687484795848,0.9202466841491466,0.8759704645868867,0.9353013952752158,0.8630897421739292,0.9860310346258864,0.9734221741783657,0.9493129551203,0.9716449461264648,0.921998638222348,0.975629661849958,0.8137220572689133,0.9615705837306256,0.9936162348243379,0.9899554866094352,0.9403882918424441,0.951857263016669,0.9282600687591781,0.9734519360612065,0.7913327160105683,0.9933228823286647,0.9723900872436978,0.9843902570305395,0.9815705944377726,0.9832450314994081,0.9557933339375444,0.977385639322463,0.9952972264780688,0.9312792560865203,0.9780390656711104,0.9509352092154882,0.8495010986812486,0.9753532219597131,0.9471083501812335,0.9825653461537952,0.9951914473673485,0.9554567121580134,0.9560307865277462,0.987186907281023,0.9954096630532315,0.9977406586762014,0.962217782172045,0.9971437873996002,0.9927251935045015,0.9939621440264451,0.9919652257378496,0.9917735988083348,0.9963727759131058,0.9777818216558767,0.9926806616564968,0.9972237752643114,0.9798858319848115,0.9888921509209594,0.995519762937845,0.903102176689282,0.987455546677908,0.9904664004097015,0.9797719262580687,0.9979339249258481,0.9425228174371912,0.9638132887839268,0.7331814378176186,0.9695240013928774,0.9920355764947916,0.969834330943364,0.9825956465909365,0.9962431272175718,0.9873307910024313,0.9855889632450049,0.9886322281334462,0.9981613054065472,0.9765638290468411,0.993182230947788,0.965649407027628,0.9978026808589608,0.9928551441255888,0.9971515631657091,0.9878792273709631,0.9284817342944123,0.9913135061159041,0.9927522124219899,0.9931853923789554,0.9762417077643296,0.9950122835341628,0.99146717695171,0.988106819858135,0.9886335193212306,0.9864361268933223,0.9934985613955034,0.9941068718007039,0.9867768642466755,1.0,0.9878681176798988,0.9859974812714705,0.9563836801583198,0.9761118994377954,0.9925308902740527,0.9042020940124594,0.9792945834304231,0.9986030959121482,0.9876032614104058,0.8435287523212446,0.985830394491723,0.9877763662133789,0.9869973613785601,0.9950436881104255,0.9919691348159065,0.9873246389805052,0.9946111992504318,0.9886144670457715,0.9824782827046975,0.9929639730545997,0.9852532810340066,0.9498930773544827,0.9888839745680468,0.9879143530985893,0.9402730534666088,0.9875273277102852,0.9770297581732447,0.9881302318144445,0.951788373704777,0.7466436622142524,0.9370434578333906,0.9646498251332365,0.9889891201496488,0.9678939380930839,0.9919012873055699,0.9851535712662925,0.9943310124169233,0.9816288735463776,0.9928571905439688,0.9829152127557131,0.9867465914065886,0.9937590578132531,0.983360941704632,0.9946713727103149,0.9892128963075277,0.987742360227191,0.9857255066286913,0.932639052826257,0.969262194746201,0.9919941398306327,0.9867752223684451,0.8136308718524335,0.9593182173214119,0.9810813085770186,0.9766796293457507,0.9871641019947891,0.987979939024576,0.9816513377779537,0.9817475433138523,0.9882619355707155,0.9619731037550341,0.9837374203386055,0.9853772552106073,0.990497043728372,0.988760441539954,0.9838599660606128,0.9362642732267887,0.9939331310161585,0.9490597249875056,0.9858814174107323,0.9937052264643003,0.9700629076888011,0.9894603917234308,0.9424842820724132,0.9844650616413108,0.987653602956713,0.9855696397533754,0.9900724896696179,0.9869795769750781,0.9532297936826977,0.9302037200298777,0.9860017952615242,0.9728383633972716,0.9492328979276213,0.9812301841122157,0.9913032615805635,0.720702237073524,0.9784323407952563,0.9715249583080888,0.8196020240952802,0.9619622249876985,0.9751767151689964,0.9834005884082258,0.9470255564976987,0.5720427336129248,0.8966531001321926,0.7066200850528576,0.741758812753513
Springfield Gardens (North)-Rochdale Village,0.711218329582627,0.7722643773407749,0.9270355337378868,0.9750794303537982,0.9102324132145809,0.8896982953675767,0.9282007334309699,0.7456427313088859,0.8551232649835212,0.8588365334691446,0.8770418175244742,0.8168604759802646,0.9606541965294967,0.9589088004784564,0.9449893383988819,0.9241407251347449,0.856847121636369,0.9559734154182769,0.7427215638376808,0.9556916911809107,0.9848612270605722,0.9844529888099685,0.8800054120692384,0.9343535439760465,0.9001225577105448,0.9660844350471536,0.76433459898035,0.9686275509931032,0.9267593830056662,0.9915306566680193,0.9716391354864656,0.9657577620815959,0.9586701562162177,0.9387234296672904,0.9965013751828253,0.9119005217865573,0.9765645538066604,0.9201014823257941,0.776848531451762,0.9515757916456524,0.8911107989262432,0.9714191405206329,0.9956104798831945,0.905196006920929,0.9370130723354377,0.9506349547890809,0.9976656332332122,0.9818566499345827,0.9451845832110594,0.990192499213552,0.9757581792484292,0.994344595839385,0.9662912652470729,0.9961491453975989,0.9971087585211097,0.9930643999372175,0.990717214219551,0.9922264764828057,0.9486487842448009,0.9985755235609726,0.9796343093177488,0.8375294594358597,0.9946317306621477,0.9595016937256069,0.9879939311839173,0.9846745194390385,0.8970424737857129,0.9109473056741635,0.6832443121169182,0.925049631469851,0.9933667052176982,0.9688108498769874,0.9976204971989602,0.9854316222666062,0.9938659580090415,0.9863139617852538,0.9968271874362973,0.994843429434957,0.9554849768518909,0.9913441627918198,0.9387131968128117,0.9828872717705059,0.9745689736227742,0.994071983453041,0.991803671750055,0.8678513632468686,0.9926975613013277,0.9971027052165178,0.9838160346777561,0.988247626051584,0.9922176470353475,0.9724577989343353,0.9946665559175745,0.9803300887345426,0.9955437859581894,0.9983899277564613,0.9973416244969983,0.9955123305174933,0.9878681176798988,1.0,0.9919792917708067,0.9542262004169227,0.942060916623759,0.9975343272227354,0.8482486235389811,0.982913784353103,0.9929960915356317,0.9971674206741592,0.7742034262626303,0.9914428549821627,0.9954787350920296,0.9933512581228578,0.9838271408846413,0.9935347867215711,0.9980866765699585,0.9951218050826198,0.9969176789115614,0.9863313858952488,0.9949367959351982,0.9936010821694619,0.9159311382157556,0.992085822801118,0.9942732612227028,0.8981776801041548,0.9967183210576213,0.9734064822996322,0.9986154361832565,0.902070116448272,0.6428148169395539,0.8809593127707911,0.9288626581188278,0.9984115423973827,0.9684593074309211,0.9950756204520805,0.9934669676698242,0.9943780977528139,0.986854799683092,0.988933284887967,0.9951216342825263,0.9952703734826124,0.9967820130784106,0.9901392407064892,0.9936804300057425,0.9988277480359858,0.995819580441945,0.9946309797660119,0.9053716698726837,0.950802393481349,0.9801654056031678,0.9966203263233018,0.7467932039398606,0.9426667526760854,0.9849729306036511,0.9808047670600333,0.9935561562882306,0.9987871254193077,0.9919424842417773,0.9861351484985877,0.9989391525382688,0.9599108241080447,0.9962821478509307,0.9903440126752256,0.9984002355414607,0.9902914343635643,0.9907135885568019,0.8917937316470673,0.9961527833095349,0.9068151710994028,0.9572167843675079,0.9862559043483258,0.9722861151777098,0.9961479180781254,0.903326893487265,0.9647216869058447,0.9954362273003866,0.986591576985835,0.9814885831581239,0.9946502761026419,0.9478131995108887,0.8894681785233962,0.9927306549154471,0.9292895194513533,0.9098659096589641,0.9925078189359188,0.9948459581275702,0.6145124698079731,0.9586639098661802,0.9777513426743483,0.7262135902407998,0.9266404265092357,0.986699563916315,0.9792227458933379,0.9300049844099968,0.4708446584742679,0.8945078091682062,0.6915461224654968,0.6570014348042815
Middle Village,0.7272097230613633,0.7970859532762351,0.9299359289682038,0.974554092627826,0.893276393070442,0.8820077177955439,0.9066836374533731,0.7335586310837783,0.8483340144900042,0.8340370263243004,0.8673978945192918,0.7798307187409289,0.9706252374955534,0.9749319427735603,0.9285929237525762,0.9345980831428686,0.8615162202613198,0.9401250254541205,0.7434298055987301,0.9397048514708587,0.9728061507067252,0.9884063779121879,0.8766152581716745,0.9136205985285237,0.8728370196480514,0.9503221446233676,0.7261158181245554,0.9737347345609515,0.92386897822325,0.9875918207904842,0.9532999120471969,0.9769031080992305,0.9336624702949832,0.9290768936276599,0.9898625870682256,0.8813168501770909,0.9618260707141344,0.954078349816334,0.8035420087269588,0.9767559604426471,0.8865337963074319,0.9537055389931904,0.9890845220560539,0.9292971319071756,0.9185195959961705,0.9539459910181126,0.9897566858116206,0.9789876141056374,0.9235252498042184,0.9938266096047412,0.9617597070228436,0.9959656921759189,0.9612613375442156,0.9959129253505795,0.9940223219955688,0.97264408036669,0.9812696610718051,0.9950386560940746,0.9347586034466658,0.9958113540826911,0.9688607848509485,0.8727450069313378,0.9934644794767787,0.9552646421695538,0.9650551323185764,0.9770927943767956,0.9269493126432151,0.9164547176721519,0.658313985605391,0.9465984769885555,0.9984751096081409,0.9905615621809855,0.9819488570211858,0.98617417314059,0.9945611077309962,0.9664344490944037,0.9954565777499558,0.9900630727230773,0.9795449705669469,0.9858385623048203,0.9219846177997397,0.9866446836361545,0.960872130096522,0.9871905371200896,0.9799614770948883,0.891501043871497,0.9856284595210854,0.9949777832085335,0.9730811157580099,0.9713696279063795,0.9960815812503152,0.9848398088010953,0.9962023907763546,0.9947986784020826,0.9909787295291105,0.9929732217332398,0.9951303084993425,0.9986462844989143,0.9859974812714705,0.9919792917708067,0.9999999999999999,0.931247011474306,0.9274454750884696,0.9905516253623918,0.825152308102527,0.9981873320687387,0.9864403561268613,0.9978746666976257,0.8211187257584937,0.9998159910827361,0.999464883671693,0.9846064181809321,0.9711969089578741,0.99715502378301,0.9900991414809392,0.9834951807800554,0.9986483114397473,0.999219092756268,0.9978745640696416,0.9793384653853489,0.8907229650816555,0.9996564907006938,0.9971431223974732,0.8733261586173738,0.9974072566822744,0.962091793195845,0.9956440805078003,0.9250241157492983,0.6839988200060619,0.9079739106790986,0.9218347977524429,0.9974882899882397,0.9919194941487146,0.9989757221562076,0.998141793809922,0.9905407399090649,0.9989255977311104,0.9731729592433818,0.976052357784281,0.9987322996010712,0.9944205350757391,0.998983144952329,0.9929146773796725,0.9965291356662516,0.9964607608365211,0.9981687903697479,0.8697097944500632,0.9778975983633966,0.9719057009937884,0.9903668728237932,0.7195149903995047,0.9220652522049215,0.9988810626424821,0.9968609829503726,0.999850652961442,0.99294972901898,0.9824939216930189,0.998637125003645,0.9958989473736618,0.9865600279172576,0.9820020268922833,0.9992354257815453,0.9921156683098434,0.981412418442657,0.9990765134262111,0.8719009562104625,0.9905591475517317,0.9240925594835144,0.9616805767581045,0.9805854912205751,0.9477073647217382,0.9854694014409286,0.9387538857844819,0.9843469660386405,0.9889289551207926,0.9651216985720114,0.9859451910820871,0.9913651574326486,0.9763846795819239,0.9265172816710056,0.9816808489807736,0.9485766913489952,0.9431445855098425,0.9850140327245672,0.9801550479202599,0.6607096355985133,0.9468192444353374,0.9722357032670731,0.7507938721030976,0.9580100873969628,0.9653691280732304,0.9571950357265067,0.9618642567005397,0.4610451861070761,0.8553845688131828,0.6562249107830749,0.6724162297154314
Claremont Village-Claremont (East),0.7816907176971465,0.7771305943538428,0.929850344168407,0.9633420155264518,0.945023112540509,0.8990414089794587,0.9553325587324977,0.8161356345555996,0.8916502283470221,0.8999012846879102,0.8987125534092784,0.8997509129857542,0.9331808746561115,0.9206355836899656,0.9555056003854464,0.9138342144664781,0.8713164593094925,0.9700816035256292,0.8092537619413948,0.9656121909182963,0.9739202505362758,0.9582456666859882,0.906362438759958,0.9458452230987651,0.9565205541398133,0.9813460603281364,0.8460179395990468,0.9489587216008275,0.9331600021665963,0.9635275942500331,0.9766506650212577,0.9377678540362762,0.9670503377060317,0.9430941358416026,0.9693458259893899,0.9419760316936006,0.9884196674090372,0.8613154946692672,0.8071861176296535,0.8907183564149054,0.9085490712073037,0.9822619681707301,0.9642201428587681,0.8765389864545391,0.9643398357195981,0.9397074821079696,0.9642317752028278,0.9563172060812886,0.9586524814269318,0.9522379179141827,0.9573269245020437,0.956437040200177,0.9590652099150134,0.9561455049054993,0.9525705688640078,0.9759720739171318,0.9820213451272466,0.9484789570134964,0.9633245765694638,0.9555900700843469,0.9591243417415107,0.7760246044693787,0.9560496478349771,0.9484837211389472,0.9720334533147247,0.9652945963595818,0.8346764815183317,0.9114852844185891,0.8368042982180539,0.893186929285563,0.9378832688889895,0.8994037182087601,0.9640744649873005,0.944493782518173,0.9525886240071194,0.9736598913726783,0.9505759863182789,0.9572120288233538,0.8852996162177454,0.9776001753480243,0.9752753567031208,0.9436894829026498,0.9617679179575723,0.9708070594481494,0.9685250548405406,0.8166918003385245,0.9770230545488094,0.9483718125385096,0.9814275420408524,0.9686579200150387,0.9513895157587692,0.9142900390305356,0.9564222081458468,0.9206203389665503,0.949440975829532,0.9570877441865373,0.9566416337039373,0.9348651741224406,0.9563836801583198,0.9542262004169227,0.931247011474306,0.9999999999999999,0.9551537062823839,0.964698879611657,0.8947093301730203,0.9113894500911932,0.9580133226012945,0.9391399290974471,0.6793998642851686,0.9296134213729605,0.9378690608545684,0.9610619146892297,0.960046680076668,0.944803459188207,0.9568709973265086,0.9564032045015652,0.9449692499258712,0.9232418102330862,0.9375032323787481,0.9768327659148998,0.9658092819549665,0.9318729317557601,0.9543753429287406,0.9385847789846192,0.9458507421378778,0.9736937572151111,0.9508520940199033,0.8498781993100695,0.6013846590873537,0.8256790279468861,0.9704376046509731,0.945107437937493,0.8859459005372272,0.941481081133285,0.9337866502432539,0.9646467924239529,0.9140663617728039,0.9588890262852253,0.9643315178792808,0.9358501506240737,0.9440081367214987,0.9175437717596254,0.9585016761006937,0.9520153780029426,0.9394055829880078,0.9322785689150733,0.9378249241896878,0.8730439640336132,0.9765601775335927,0.9528890123369735,0.8227446821269645,0.9906773435361271,0.9177702643994163,0.9030928737277792,0.9370869159438433,0.9610317420148281,0.9514329273056976,0.9145887009579146,0.9477421286584956,0.8787557581318598,0.972249245240085,0.929506892780393,0.9619027094316259,0.9804887894533354,0.9253065301679266,0.9576262359361978,0.9461980934022769,0.8270753113108746,0.9441108550674059,0.9651564114382417,0.9806383010004919,0.9434134045975882,0.8233626670280786,0.9028478590619787,0.9664039654524448,0.9670981481513373,0.9626752174279676,0.9666460911958469,0.8433344108917304,0.8019158005093785,0.9645419994944974,0.90236222910369,0.833538824570315,0.9331313942968792,0.9702437876309425,0.6102085781606433,0.9231735640836352,0.9843033473850468,0.6990400198039078,0.8773131425308763,0.9549527222080718,0.9829582277400082,0.8205221204701827,0.44260569502176733,0.8576878759662994,0.8697606960952785,0.5759927492866952
Crown Heights (South),0.7838638924394183,0.8751489324971194,0.9823506262785836,0.9659142288220726,0.9634270661506481,0.8851206421819391,0.9663560912448829,0.8378946315091851,0.968958863718956,0.8759489304063127,0.9772795283625739,0.9248173393854301,0.9588094115505228,0.9237747858537163,0.926224927664249,0.9752849641607553,0.9513891251843501,0.9748959785165209,0.8529702878400712,0.9414630045009059,0.9766347943895768,0.9483134899429829,0.9837553681482165,0.9497615718786475,0.9537586289848747,0.958602907353277,0.8229840948097711,0.9741664880390474,0.9938540750202657,0.9369198777658405,0.972696487784129,0.9448984399755236,0.9367297922451464,0.9976785871613914,0.9619585101385452,0.9454004320032617,0.957324328707926,0.90057254864369,0.8603266995259108,0.9293279725251569,0.9797079826307563,0.9760939329212177,0.959977413487951,0.9434111919162207,0.956438338510133,0.9885570086230998,0.9621445974962658,0.9830000340096928,0.9629729868268853,0.9590069299552704,0.9902396065199089,0.9497929469819175,0.9868626591151749,0.9445628611198431,0.9579067300575153,0.9456728542801561,0.9682244022435812,0.9597506669513725,0.9994831342693676,0.9408410402390089,0.9891520929114958,0.8968841555975012,0.9367557737182498,0.9923561096208093,0.9554670992289931,0.9850489949901511,0.9128903766627149,0.9829259361637073,0.7923973974376204,0.9567692393039482,0.9439322393354392,0.8993069771952144,0.9449840569293085,0.9709321407672218,0.9349318296966233,0.9661964380605628,0.9369285259014577,0.9678517249755518,0.928643074301321,0.9628211108157216,0.9784476255603691,0.9676069424491759,0.9917387280283683,0.9698656422672837,0.9534603857670859,0.9285340411046085,0.9619250386926297,0.9509386169404335,0.9817218454686288,0.9380066100628319,0.9547054411720746,0.9557794837897858,0.9370698034408547,0.940811596151834,0.9357573709713711,0.9548623097807002,0.9536342559441569,0.9321256477800864,0.9761118994377954,0.942060916623759,0.9274454750884696,0.9551537062823839,0.9999999999999998,0.9570225322869766,0.9590933617871533,0.9145852801362359,0.9729097503499677,0.9347902164388855,0.8262473247245612,0.9262729960994653,0.9324593923051885,0.9450252922821497,0.9853276567660848,0.9471301022591588,0.9406212561316216,0.9670165851023136,0.9358714931380219,0.9205125960730945,0.9455990206411317,0.9512712814916781,0.9851302820033556,0.9346043169367331,0.936261516708699,0.9823089390694869,0.9366468180257284,0.9503972025451431,0.9398262076863876,0.9382577448365579,0.7866110783398576,0.9325750743151249,0.9795805600870068,0.937129747635952,0.896129269565601,0.9422967337402708,0.9305619584270164,0.9619616923236837,0.9185177635215983,0.9766815587452533,0.9496231788588206,0.9322367982344726,0.9493016179890722,0.9223065134151678,0.9594396374580778,0.9397288669672491,0.9326588339285551,0.930933708798315,0.9669817324803025,0.9184942554194174,0.9823714316919462,0.9378976364727302,0.8851901487155736,0.9675022250164804,0.9180218619068532,0.9109985257084119,0.9304350062933555,0.9432046529797928,0.9341906181059135,0.917606950854562,0.9390297562260026,0.8868711955716523,0.945230893670657,0.9251191616753499,0.9503414482588017,0.9572704718083244,0.9254485172795766,0.9834899255783093,0.9581690601480934,0.9355159807333584,0.9821819028540808,0.9653009620190564,0.9546329794458079,0.9503724280509698,0.9010410604240785,0.9428380778094367,0.9503213076871418,0.9679034777723943,0.9529332195193205,0.9405726654065745,0.8840158164689373,0.8865254392686879,0.9467028371488163,0.9618594073338934,0.9134241377222526,0.9292426744422657,0.9670063711602639,0.7520925935086364,0.968107408083825,0.9352947349440879,0.8640922641889154,0.9274453649242993,0.9414434374932288,0.9805566161009561,0.8848214546188596,0.6684365828088503,0.8941358075388464,0.7514545150181215,0.7800871020949778
Brighton Beach,0.7205062108358005,0.7862557148925405,0.9396479200904618,0.978435430174334,0.9170222065473381,0.8829173449311803,0.9323720753135406,0.7508001344198598,0.8739599371968708,0.8533859559249194,0.8924407280546411,0.8286940870274984,0.9645438192109216,0.9580291675938125,0.9406796628618489,0.937377643852819,0.8708735119043745,0.9601934750112374,0.7543504128206181,0.9535489771891393,0.9876442831444672,0.985501419008874,0.9020478345970477,0.9328381400174209,0.9074726074790924,0.9681205573842653,0.7618956720279556,0.9752048095857512,0.9428185808396308,0.9887877471294828,0.9737786038540532,0.9676096298773921,0.9542581845081272,0.9520747042635634,0.9985335072179451,0.9119648191927555,0.9794151634841463,0.923457252190177,0.791075733428385,0.9554579278309439,0.9061172482698688,0.9755919426987933,0.9953835972916811,0.9163852366298804,0.9396723637721706,0.9634002443327329,0.9989483946349701,0.9903709389421199,0.9459140239573617,0.9924757327955813,0.9818507988049937,0.9950121978472102,0.9734808628616359,0.9952118400740618,0.9975815858478628,0.9920801620061834,0.9954087401955755,0.9954678350380176,0.9631979841885294,0.9981296913664842,0.9868018543290685,0.8502187912244132,0.9918480972400929,0.9690635323283985,0.9854486504127085,0.99199810078037,0.9015004012669969,0.9278362753714682,0.7012585416954213,0.9378184119685566,0.9943990803942626,0.9656370984299801,0.9963973882304962,0.9922025422100708,0.991037500903897,0.9856857294421586,0.993492150798638,0.9975404743233992,0.9583234564699475,0.995217170528717,0.9482564166527531,0.9857135247236086,0.9813522907337111,0.997815317059052,0.9893344875702369,0.8786199452095627,0.9980762701469615,0.9983126830257706,0.9925383863772894,0.9831923090223923,0.9959780721987181,0.9756983459697807,0.994070561707385,0.9838302691136488,0.9902650655892663,0.9994958045336906,0.9991090287358368,0.9942894562694026,0.9925308902740527,0.9975343272227354,0.9905516253623918,0.964698879611657,0.9570225322869766,0.9999999999999998,0.8617110757456203,0.9815567434907435,0.9959992805111489,0.9956679847710016,0.783580057487693,0.989205818174622,0.99397292760907,0.9893491608598198,0.9896760991175039,0.9961818880446861,0.994003856984781,0.9955410445158936,0.9958921185191564,0.9853767723445245,0.9947034453724147,0.9925392195937678,0.9296860716153676,0.9917199418640431,0.9943619794546861,0.9108914560623919,0.9968387290897966,0.9727474958916789,0.998127624019019,0.9100455645841122,0.665790100068762,0.8952627557570146,0.9439021754462433,0.9961004495033995,0.9666967139307172,0.9950626975287347,0.9936059475013618,0.9991935162378814,0.9846817772985866,0.9913353965824576,0.9917898290871534,0.9944060199252679,0.9943338864100083,0.9875075829755379,0.9983638745283412,0.9974714492790347,0.9912461332116483,0.9937457280930497,0.9109470329845664,0.9559712979713803,0.9910813904676458,0.9917297395485415,0.7590983199927802,0.9524685236079566,0.983998848132448,0.9795058314738421,0.9923501333265277,0.9988559083539771,0.9850935104546212,0.9829611129285125,0.9976034419304975,0.9565537713186524,0.9943143117469382,0.9875954721365643,0.9997469037273098,0.9922206184675296,0.9901753468782952,0.9133065335523046,0.9970340026501133,0.9132284395298802,0.9730008880923533,0.9869005693377506,0.9714191960568646,0.991961737273438,0.9079970362263581,0.9697772045985037,0.9990391268045999,0.9856386447006095,0.9847763612658164,0.9940211511807604,0.9475218841916683,0.8919797301186181,0.9889254833132898,0.9421766292930337,0.9172080482170248,0.9839022806450928,0.9975969503743881,0.634445632650375,0.9570108248433861,0.9830560584870971,0.7466348132548892,0.9378253528882264,0.9796883746841544,0.9869858611785225,0.9296113533307625,0.48237748902589206,0.8806850716150871,0.7136487391826811,0.663867699666463
Jackson Heights,0.8637224529964875,0.9216294256941546,0.9626481353353035,0.9197459933564944,0.980365424081177,0.91428370512078,0.973385046568719,0.9373176059953948,0.9887721292002878,0.9261705796383203,0.9903930297346323,0.9846504812876449,0.9165059459961925,0.8731002672285413,0.9171082767768052,0.9454266572992166,0.9755322862766421,0.9571054151905813,0.9416089311788519,0.923871194431804,0.924529133439421,0.8814159015791615,0.969116518106179,0.9570208425178555,0.972880598476692,0.9265133260234124,0.9154555776038422,0.9240670674737339,0.9627286697011989,0.8645457111644119,0.9396483093503805,0.8952888278298748,0.9150802389824736,0.9664642041081454,0.8799761076317292,0.9660990655634938,0.9061217516711717,0.8439998877042311,0.9036952861658502,0.8566044446064418,0.9844639234221114,0.9391031363168605,0.8878502383544727,0.9126065687618199,0.9554651475817633,0.9399315765568164,0.8781649128240703,0.9046060676345502,0.9594572455420843,0.881468878414155,0.9354310101239898,0.8658270677759821,0.948183592112021,0.8596213172562734,0.8718576892632866,0.8621795020680724,0.8930268047760332,0.8701784038065067,0.9551686254642233,0.8417965819120311,0.9240113612640857,0.8681386489098305,0.8564412671063435,0.9505927279238985,0.8959846808370453,0.9128612278857487,0.8815625593838448,0.9560347413232534,0.8767340388597915,0.9045210365336345,0.8436970005512517,0.8095685966277226,0.8504532809253702,0.8791544526008591,0.8536690791767965,0.9135448715709942,0.8523262387780813,0.8845115201313895,0.8498501651485958,0.8863944728747853,0.9652416893468333,0.9032094967596823,0.9397666349770867,0.8910156256541117,0.8927026781384566,0.9089023277721707,0.871035558230227,0.8508992163320317,0.9070095714979591,0.878040079888764,0.8595301468435846,0.8825490585139024,0.8464592896879597,0.8422258032894056,0.8602572626479581,0.8602801852039162,0.8582698333105415,0.8252144727939685,0.9042020940124594,0.8482486235389811,0.825152308102527,0.8947093301730203,0.9590933617871533,0.8617110757456203,1.0,0.8072914231294211,0.8952921796488896,0.8301486163318786,0.7985615575885482,0.8278324927570765,0.8305732815446745,0.879617939720789,0.9155744674258353,0.8435072181367081,0.8603992040760814,0.8891785132598203,0.8349163946500157,0.8169736602678014,0.8498057268881237,0.879768394074154,0.9791936835473116,0.833344609958648,0.8411427405328027,0.9928020995802515,0.8294842401276245,0.9119310534013422,0.836419374221978,0.9076930416671048,0.8068381920031019,0.8817886921973653,0.9572879164627367,0.8403306549152482,0.7873163484351243,0.8449951187571931,0.817974169091184,0.8661343432049746,0.8122748039415094,0.9058886643523315,0.8743891621928425,0.8246680135673186,0.8672349098671273,0.8164636720021218,0.8616250346117728,0.842595063784935,0.8470474357039216,0.820837677682183,0.9811192420710402,0.8172464859705603,0.9004040589127834,0.8611901952313746,0.979947976737513,0.9408202059046196,0.8115306081346652,0.7982586119912054,0.8295910759237443,0.8440108292322861,0.8697387429088317,0.8185539811247668,0.8371770189074906,0.7910748387809383,0.8648390431051836,0.8309325150116633,0.8518805539499505,0.8874129217639372,0.814041412733996,0.9705063633119093,0.8648386783431112,0.882082055629147,0.9006526257609457,0.9116206395913252,0.9161913709533686,0.8729292126219907,0.8419494504145302,0.8572612705933598,0.846166370243184,0.9125678841879282,0.8860873839673697,0.8564294863010887,0.765290619888318,0.8363621379304397,0.8832065050398817,0.9110215515080279,0.8446921633535729,0.858475695863093,0.8819835453137707,0.8147311625635025,0.9457218336213471,0.8491268743321586,0.8870200311815556,0.8488524164056535,0.8862549137940755,0.9089494092776793,0.7865996864457684,0.7787059306526165,0.9093581419017726,0.7647067001591548,0.8248448248822056
Oakland Gardens-Hollis Hills,0.7216752755468299,0.8008077420610852,0.9240373211023216,0.9665288202555676,0.8767393203413488,0.8689146128141342,0.8885512880176106,0.7171646923511239,0.8379227178557408,0.8126296287168441,0.8564909572669425,0.7538017722187504,0.9680083041061052,0.9745608214854288,0.9120302286472544,0.9326597114227256,0.8563262034439292,0.9248027045968746,0.7330413218994543,0.9235822590369398,0.960414718750628,0.9826798000411046,0.8684915854113565,0.8961319538682129,0.850870741467574,0.9343567868007158,0.6978959266064326,0.9690459127683584,0.9161564637537628,0.9784712890747687,0.9373339980880735,0.9742933400903673,0.9140445277797685,0.9185701454143163,0.9804692117422313,0.8592094370090863,0.9464779640115453,0.9630284527215829,0.80555119849289,0.9825032371624409,0.8775538545335391,0.9377666825315869,0.9797793643899073,0.9336712909271363,0.9010357858699996,0.9491062981298384,0.9803392659774983,0.97209635021973,0.9057682235659584,0.9891818066634892,0.9500413828864757,0.9902421427813063,0.9520442763880452,0.9894177809712593,0.9871795465376783,0.9569457744304759,0.9697499076063835,0.9907260686197882,0.9218523347022658,0.9886884055061801,0.95857066548101,0.8849967888802487,0.986218173144274,0.9471510085219071,0.9482643854727155,0.9677646560274037,0.9353515178609403,0.9125667315318716,0.6325335833103785,0.9503462084492702,0.9955905494731698,0.994366084271157,0.9692981837463391,0.9815585521719117,0.9882143893140579,0.9508141322657554,0.9887039445897949,0.9824206184769474,0.9855016070144859,0.9760151721017921,0.9054218257238805,0.9823973922915705,0.9488906718747405,0.9776995717658827,0.9677288669218438,0.8981367987166703,0.9756103622123476,0.9889169507686226,0.9613165888256571,0.9565949451328926,0.9919323980637473,0.9855107942878737,0.9902135038198803,0.9961801056829871,0.9827996647273894,0.9850645772413613,0.9884202895489482,0.9950810413786774,0.9792945834304231,0.982913784353103,0.9981873320687387,0.9113894500911932,0.9145852801362359,0.9815567434907435,0.8072914231294211,1.0,0.9780312910162233,0.9931590169068585,0.8405853364211706,0.998109913162518,0.9958964336316353,0.9739828900480398,0.9602526557153475,0.993391551473971,0.9804266069790403,0.973158666835271,0.9938392614756669,0.9994716200060285,0.9941873627597457,0.9658275364554347,0.8709533019955347,0.9978324686703308,0.9918791766897884,0.8546297183659209,0.9923046559907214,0.948489567340844,0.9888577930663981,0.930623123742532,0.7004665704685428,0.9165153529724555,0.9092585514474373,0.9916469206775218,0.9976897502540506,0.9953028908201019,0.9952630803424826,0.9828166746296568,0.9995479802167198,0.9610312336770561,0.9617005862379474,0.9952323196102798,0.9880950426584172,0.9983388903930306,0.9867487816571616,0.989768619315269,0.9911382117244271,0.9949549967034033,0.8466080614314857,0.9859635419790861,0.9615147695346409,0.9814263096605593,0.6985075041805947,0.9030140367019636,0.9998666106226042,0.9995219534782503,0.9970682881936022,0.9843497074764781,0.9718896207174696,0.9991633444604556,0.9892589734602413,0.9931953907725369,0.9689193454725726,0.9975623155339266,0.9834788917187256,0.969732833752734,0.9979381557541116,0.854113954102873,0.9833756246339322,0.9297854214254134,0.9577471326386578,0.9709775924909599,0.9286578753409332,0.9759280589012049,0.9505540872139123,0.988245180384156,0.97992569471868,0.9494972201137243,0.9801431341943672,0.9827603035756786,0.9863926572802608,0.9393838850562232,0.9699176260035822,0.9510597554463844,0.9542159303513075,0.9764870193466767,0.9678155406351575,0.6754692742509668,0.9363868660464117,0.960865808028504,0.7588546263196673,0.9663893753055656,0.9498384419673231,0.940772543901722,0.9737572438498435,0.45839899222887603,0.8340918530051236,0.6247678068739141,0.6805664877441692
Cypress Hills,0.7469646201722222,0.8279333504418055,0.9613225181938206,0.9854968411337246,0.9376653831161743,0.8991939986632705,0.9498503692994005,0.7850346512942136,0.9067286622993754,0.8705225614453554,0.9245968462183956,0.8566564542100021,0.9772267287367502,0.9646151059156992,0.9471947555942208,0.9591869471098639,0.9054457889249338,0.9723154214554994,0.7913408845773272,0.959705462936953,0.9935349882062393,0.9863722076059708,0.9288355465014058,0.9491060424747727,0.9236114452456355,0.9719508973853751,0.7851992690578404,0.9862971716053183,0.9638923251295384,0.9851226442658756,0.9814482813330135,0.9751656497352815,0.9582456566251351,0.9719313014643165,0.9970669029071766,0.9300009638071755,0.9780951482587045,0.9363317213757913,0.8227483316058138,0.9654743788696228,0.9354966285697603,0.9820203863569378,0.9964571521535206,0.939244680209263,0.9518913508322362,0.9793123700808938,0.9982456088314693,0.9965058021823155,0.9603615940005124,0.9949748316404932,0.9933880678947564,0.9935284060571313,0.9869528940424567,0.9925232238236756,0.9981965101702179,0.985167518038971,0.9936150393898107,0.9966823169352848,0.9767371491270317,0.9921216539480691,0.9959194689780831,0.8841002696560821,0.9883794904986595,0.9852331503894618,0.9858057243556023,0.9977751512383944,0.9268507440348295,0.951906274958996,0.71704368914598,0.9562150337637843,0.9926545191060678,0.9646415809216732,0.9900085680008204,0.995988794901891,0.987773494958784,0.9892395045055871,0.9904723098001894,0.9996538068134896,0.9682824224102794,0.9931088189355852,0.9604557822316485,0.9941673822739414,0.9927610459206407,0.9982124120057653,0.9900890329584996,0.9125257643021275,0.9931670190692272,0.9957503013943086,0.9935903520729628,0.9806742147269929,0.9944747641587238,0.9862770881870497,0.988689732650161,0.9853488204313682,0.9888791457316938,0.996872542554376,0.9962159723186005,0.9894846430606207,0.9986030959121482,0.9929960915356317,0.9864403561268613,0.9580133226012945,0.9729097503499677,0.9959992805111489,0.8952921796488896,0.9780312910162233,1.0000000000000002,0.9909179790358796,0.8225505754729663,0.9859266747546268,0.9895581804512756,0.9891701371579575,0.99698569380735,0.9929459354543341,0.9911276575493625,0.9985713439898394,0.9908240819214142,0.9812756272880141,0.9942229570966402,0.9890083163127952,0.9460070626907284,0.9891529524285239,0.9884165408024858,0.9352012629575417,0.9905417372450184,0.9755636577570513,0.9920993431183067,0.9375259173732409,0.7192753628955145,0.9225372913556511,0.9556197533071157,0.9920346620703285,0.9643499710530979,0.9927745017223967,0.9876157327149299,0.9961224947760696,0.981625493318266,0.9969547064263533,0.9898434455923446,0.9892884517648465,0.995763057308182,0.9845794315709544,0.995758273691616,0.992378454847628,0.9895680176357796,0.9886342944421384,0.9328776186817161,0.9621559243843204,0.991906719240716,0.9898099872704769,0.800600146976229,0.9565367641167908,0.979987132696644,0.9759560188406088,0.9878805683262264,0.9920851109771679,0.9848688797780499,0.9809566069436079,0.9923796105247574,0.9561607069425584,0.9888908398970383,0.9848898202077927,0.9943948787121059,0.9894904712171532,0.985179153395175,0.9292643093368197,0.9976263917602232,0.9407160170066128,0.9805783778099988,0.9921770075848972,0.9733444987743332,0.9944426981715307,0.9283093970373164,0.9777514340854281,0.9915629733437644,0.9904279386617484,0.9856062369263124,0.9882991861096231,0.9495799689402502,0.9152959752601817,0.9886494345124284,0.9599769553613822,0.9361875714076948,0.9854437258388563,0.9962182794400977,0.6863315329102919,0.9770901014402118,0.9716206401672446,0.7973097961099587,0.9487744238177322,0.9816205677739331,0.987731155898419,0.9402896627766172,0.5576079662481217,0.9046061393180891,0.7003424756888318,0.7259375441256665
Laurelton,0.7029769547756368,0.7778028200130176,0.9257960417371182,0.9714229927757582,0.8938240010863854,0.8739555749268232,0.9102168011202596,0.7237729286891228,0.8474812126533736,0.8327057674741053,0.8687789656635309,0.7879989424707926,0.9629419652257852,0.9632860314996348,0.9281596083860489,0.9280495842728934,0.853969535385432,0.9426343751976729,0.7292973265057653,0.9402632187216551,0.9766843203359559,0.984179897127979,0.8775564473161476,0.9161402947724522,0.8775124986909986,0.9524037107688429,0.7283868787332846,0.9695414693844902,0.9248170809534318,0.9871570980619838,0.9581738594574711,0.968066636688891,0.939244794181605,0.9332617260413169,0.9933066330550059,0.8879658273232648,0.9648308523338037,0.9359636044181981,0.7804230967751891,0.9650362512335231,0.885401883313401,0.9585280721298494,0.9915735633786057,0.9158092388358735,0.9198865268014678,0.9523879249064915,0.9944895170842915,0.9824216007223439,0.9277123507086815,0.9920876392725602,0.9691995669915573,0.9951083363027587,0.9616158308077827,0.9958405476377885,0.9968242932306642,0.9823719535378246,0.9851185385560121,0.9954141201282565,0.9414247598256784,0.9985025847490533,0.9754425544038208,0.8571888011586372,0.9928650144499447,0.9567026351675816,0.9744594682980998,0.9819403995087996,0.9111445893042249,0.9131375191507283,0.6533806014963635,0.9365535871502028,0.9984077486496095,0.9798389919251439,0.9910189016242199,0.9890643291492528,0.9931529182852131,0.9740088571341728,0.9958265023521451,0.9938896226856158,0.969427676204724,0.9875590245160802,0.9245103945897832,0.9846015224701051,0.9676304414887609,0.9908838357720547,0.9834049988248466,0.8804483597694331,0.9898240112884751,0.9986385521280554,0.9786314218706775,0.9764778062786037,0.9959564546593382,0.9803087820531997,0.9952621936096404,0.9904341609623883,0.9921029635294943,0.9975041389546215,0.9979220034456233,0.999804969648538,0.9876032614104058,0.9971674206741592,0.9978746666976257,0.9391399290974471,0.9347902164388855,0.9956679847710016,0.8301486163318786,0.9931590169068585,0.9909179790358796,1.0,0.8013020044004803,0.9970943519413297,0.9993954492902237,0.9867709412348308,0.9789671353586329,0.9980414467314332,0.9934629017446487,0.9905022739428344,0.9994605541383444,0.9946522971991609,0.998638460224675,0.9846044029046113,0.8984701038265882,0.9981162393271475,0.9960610276239741,0.8808623026421181,0.9994975587834651,0.9623145838166985,0.9992020436522033,0.9136618982090879,0.6657976515784776,0.898119461288281,0.9204977840178609,0.9993696402225429,0.9831220011178025,0.9988701311415068,0.9990719532461846,0.9943407235259983,0.9956110768917561,0.9822361711364787,0.9851514735847735,0.9997249326251499,0.996366152133955,0.9974104122424455,0.995487529223871,0.998912397128642,0.9963113995803023,0.9995682538298264,0.8817709541407674,0.9688248794974064,0.9773167615502089,0.9924673919646875,0.7215218832124694,0.9264140498122847,0.9942994656450156,0.9923591657680756,0.9983103115516659,0.9971533998921653,0.9848693664550754,0.9941748640114154,0.999475787785232,0.9744467398274735,0.9881590678276914,0.9956806471809229,0.9969229931368658,0.9836902057847898,0.9980781470480102,0.8781648552771282,0.9960491575016109,0.9198241069124072,0.9624051105054008,0.9808975059252697,0.9551307819930485,0.9916391834979157,0.9229289281823669,0.9771515786262718,0.9942206631011062,0.9744545819142791,0.9814742277970862,0.9919099812745445,0.9681642079576968,0.9093820489452625,0.9847924959525007,0.9393095295708118,0.9297023244403345,0.9879349628174714,0.9887267550256458,0.6321695952244546,0.950369340147715,0.9728208400106462,0.739372843543269,0.9445388776014687,0.973612540616944,0.9685319504615487,0.9512869908499464,0.46537366141316433,0.8698398735700695,0.6599404840906263,0.6669424540059304
Tribeca-Civic Center,0.7390853314154455,0.9234255213333441,0.888448945227837,0.8309716177482939,0.790875826026119,0.7573367878791748,0.7746830905305234,0.7205594640127311,0.8598075575172229,0.6812545069072619,0.8649618678229753,0.690157516288145,0.8826277007641103,0.8610005699770379,0.7354932178471277,0.9136412663090391,0.89876779465305,0.7911270914685544,0.7821654385791919,0.7485358694107734,0.8005561399518408,0.8205855534766839,0.8707010827476858,0.7692250120948707,0.7255372892225297,0.753296542976713,0.5902050852604632,0.8710998929932948,0.8760360241731567,0.7749823904163121,0.7740629484264749,0.8602649301380823,0.711575094052577,0.8562892452003974,0.7929393636885776,0.7296164369419573,0.7422783084758174,0.9264900544981932,0.8732921426489357,0.9161619504375029,0.8769985159638166,0.7716963540196833,0.80165531005316,0.9428253950383835,0.7605121347808705,0.8859436364208326,0.7950384777171962,0.8425941080688699,0.7707421586258002,0.8397889503924603,0.8262115113404025,0.814469900661041,0.8502019181940095,0.8022382607308797,0.8165968614074915,0.7156295850457417,0.7777900585543531,0.8373305896772761,0.8203791093316065,0.783335804082703,0.8292919046689974,0.9887988594053593,0.7899765127257055,0.8669666318219962,0.7366664075601651,0.8253553844894825,0.9623588770604359,0.9047678459886201,0.5408742279179577,0.9347873508743263,0.8295212652291586,0.8541586157169158,0.740591917457882,0.8457740795487472,0.7963292994134283,0.7622580816035541,0.7952090858814785,0.8198626232089172,0.9173744696574494,0.7874816613971403,0.778287971682697,0.865285770388154,0.8247497045387643,0.8018095974479853,0.7745245509712398,0.9739233767950352,0.774713307689974,0.8068248923938509,0.789335287890108,0.7347732068417757,0.8267608357311849,0.8989219197757377,0.7926002318352742,0.8674075400380421,0.7892445228644657,0.7955601000742921,0.8032282488994384,0.807864013814152,0.8435287523212446,0.7742034262626303,0.8211187257584937,0.6793998642851686,0.8262473247245612,0.783580057487693,0.7985615575885482,0.8405853364211706,0.8225505754729663,0.8013020044004803,0.9999999999999999,0.8243530451683103,0.8102095535552362,0.7796094574436722,0.8171194058340827,0.8192625245495225,0.7755149836393639,0.8015678350329052,0.800935829961405,0.831666744071836,0.8291279648406358,0.7489408095619763,0.761668901970609,0.8297800700508222,0.79526777646792,0.7891040777792803,0.7940650839139201,0.7660128013504457,0.7845083697325812,0.9621097568979804,0.9596670925954791,0.970381363101056,0.8043311278818885,0.7976152033375932,0.8601486041541548,0.8218889002379123,0.8071771686479693,0.798092158976923,0.8361525650771156,0.7992630755174347,0.7455411207498316,0.8073256326537863,0.8190044294453955,0.8296699000655222,0.8099220027950965,0.788770737097511,0.8076508939908889,0.8081574393499462,0.7413314838252518,0.9113627544826814,0.7973131968925814,0.7828837025459144,0.7303929924634169,0.7270682544443196,0.8353337522054717,0.8434436879471046,0.8148032199248447,0.7705881650299762,0.7732360550671606,0.839178259402704,0.7880070661250637,0.867334424607901,0.7425717678051832,0.8261455905674548,0.778433335272814,0.7686071005007667,0.8204984663935538,0.7657635821231884,0.8120479702188171,0.9581377947688895,0.8608932578971943,0.81500670182051,0.7214850237429525,0.7974573666156435,0.9648402437286742,0.904818205281658,0.7670834366200807,0.7662817164247081,0.8214379984373349,0.773849538541896,0.89091846426692,0.9709956073021042,0.7712677019048242,0.9275104091991966,0.962324549365744,0.7911651321731136,0.7710406155037196,0.9209348925581915,0.8497055394639497,0.7257256153356544,0.9570977452999355,0.9290743406443213,0.7439390303597878,0.7492610313820515,0.9296196206551631,0.7606843528403612,0.717048418758953,0.3757473454210617,0.9238383134732451
Howard Beach-Lindenwood,0.735132846488312,0.8027090663227917,0.9314401193394188,0.9762165047568898,0.896566625977535,0.8888007060016926,0.9096159339520601,0.7414059504975927,0.850032843561109,0.8405908664190047,0.8691398398805171,0.7829786960093186,0.972946040326892,0.9780237710305646,0.932539809084053,0.9358634740556796,0.8649799555749518,0.942160141458645,0.7503906992120696,0.9428774550320012,0.973470553595287,0.9896327349114079,0.876165271992453,0.9175613943217074,0.87553202902566,0.9520669433464377,0.7332815367133968,0.9748987470208033,0.9237346240177928,0.9886689185845584,0.9547193797554543,0.9793183454398491,0.9363790387894156,0.9289854619609574,0.989379500330221,0.8850189306101908,0.9624979035121938,0.9570032388157922,0.8093501552785942,0.9782177088293971,0.8883055043825393,0.9546371658814146,0.9895092600573785,0.931625709733144,0.9215725168262427,0.9539026320351551,0.9891608600000291,0.9777140520395996,0.92648133399993,0.9941548450722459,0.9614110169341258,0.9961241775794872,0.9622813822021351,0.99617009496506,0.9937140598538645,0.9717050159459452,0.9805914786200245,0.9944451167366147,0.9335815227410453,0.9950257996508641,0.9679990773935303,0.8750777111044405,0.994247061305018,0.9556706048890048,0.9654848977288486,0.9760960427295815,0.9305689808938783,0.9168739693251959,0.6624905157529055,0.9473754585495641,0.9977877846397014,0.9921785585802683,0.9806848472051931,0.9846505026464736,0.9954091345820189,0.9671195386692193,0.9960382106717028,0.989415933454061,0.9807281058824006,0.9854915343596945,0.9233350481133172,0.9875336213252441,0.9606147613276684,0.9865636888081454,0.9810732455367118,0.8940753258174627,0.9841068116958505,0.993819440017664,0.9716123822174768,0.9726494336858218,0.9951972842088952,0.9855858556830501,0.9962328285196642,0.9943236520770162,0.9921660107120708,0.991958800892566,0.9941867596730185,0.9978391013395272,0.985830394491723,0.9914428549821627,0.9998159910827361,0.9296134213729605,0.9262729960994653,0.989205818174622,0.8278324927570765,0.998109913162518,0.9859266747546268,0.9970943519413297,0.8243530451683103,0.9999999999999998,0.999067974769042,0.9859055364890568,0.9701883444679581,0.9959425532184476,0.9906207995116204,0.9830528036987388,0.9981063956432409,0.9991874483930806,0.9974890928673357,0.9795091068332407,0.8910692634201739,0.9993035113362492,0.9968871363779256,0.8745904135044522,0.9962552856794248,0.9642198084812325,0.9945748931428509,0.9276436768366492,0.6866835874945963,0.9085083409368903,0.9223911850405141,0.997206370440035,0.9922617870066223,0.9985755841837379,0.9968916504189961,0.9889757763756423,0.9988287969046582,0.9724854129693254,0.975970776366177,0.9978578448489043,0.9948404135241554,0.9987745354838402,0.9914394392388353,0.9960139275810215,0.9972663694083211,0.9971388932496247,0.8716602319716802,0.9775821227748319,0.9697962791377766,0.9913216579830686,0.7247353110651679,0.9224914820442125,0.9987257273544353,0.9964723794844281,0.999623654816946,0.991885259957962,0.9842363244491267,0.9991480011980028,0.9950343917255859,0.9880939359714828,0.9818118962234165,0.9997822845776265,0.9908307739026723,0.9815590584496654,0.9982180095116259,0.8708516115057275,0.9895491657068335,0.92513717160101,0.9594228366819761,0.9819424028174246,0.9489728161099024,0.9858455105785313,0.9411284997581087,0.9845567074826678,0.9869608437658222,0.9655458489369646,0.9868501020134203,0.9914876156057755,0.9759950606699682,0.9297463361143694,0.9829112764804482,0.9493080694489686,0.9444202511071006,0.9867171199512081,0.9788027468647902,0.6667838461670694,0.949545944819333,0.97122269923583,0.7534290326318899,0.958242377837142,0.9668197325693202,0.9552758807300753,0.9626914033581716,0.4661714728536217,0.8600355647234862,0.6553653496379724,0.67720844392412
Kew Gardens Hills,0.7201360297725489,0.7897194270580813,0.9296279715157999,0.97503704172262,0.8968873338273907,0.882071132984446,0.9116479365243855,0.733767914041249,0.8501260909533233,0.8381576084472764,0.8700725228976973,0.7880705891155577,0.9684354911889689,0.9709302330166943,0.9318918850252902,0.9326208931022731,0.85997507594041,0.9441051253286223,0.7408393849484859,0.9432214684913754,0.976591723195071,0.9880103584569135,0.8784572920141828,0.9181451360966096,0.8789833170096171,0.9542693456363851,0.7329437337239473,0.9731362197798871,0.9256366303048552,0.9892133068262186,0.9582081170782709,0.9743119815037922,0.9396346654417785,0.9325528005643894,0.9928221673583286,0.8882294763466231,0.9659161898215176,0.9458918501666855,0.7951935730595943,0.9713918972648897,0.8879314131580274,0.9585667848403115,0.9917354124935795,0.9236457086151544,0.9225965929947464,0.9542457352404078,0.9931667168239948,0.9813929813499861,0.9286396639011208,0.9940345638733228,0.9666061592368375,0.996695469686281,0.9631801489312689,0.9970807381173303,0.9962404591068272,0.9790795383181784,0.9848001627883973,0.9958737321196015,0.9395432336711593,0.9980252481420098,0.9730876684991195,0.8647589404475665,0.9946278890396943,0.9573071459103695,0.9716687425487346,0.9805074029604448,0.9197211206468634,0.9159712753230576,0.6619872355564282,0.9422034821788206,0.9988565662601249,0.9859511593573524,0.9875104301271981,0.9879082081998969,0.995259544231413,0.9721791595261473,0.996847680802322,0.9927885145549575,0.9746846948096417,0.9882907122110078,0.9261956251778145,0.9866924157910959,0.9655387625599267,0.9902509246450568,0.9835826199784788,0.8862541227464326,0.9889303907460496,0.9972947390363135,0.9772206474924973,0.9761053089201931,0.9966938448298295,0.9829991554844412,0.9969515885399601,0.992810196256465,0.9929567530950105,0.9959818020774778,0.9972869767733665,0.9995908963411654,0.9877763662133789,0.9954787350920296,0.999464883671693,0.9378690608545684,0.9324593923051885,0.99397292760907,0.8305732815446745,0.9958964336316353,0.9895581804512756,0.9993954492902237,0.8102095535552362,0.999067974769042,1.0000000000000002,0.9874574356558894,0.9759667086081343,0.9980259879136896,0.9931360853069748,0.9878981956583205,0.9997402017977817,0.9974125307449078,0.9987264387551954,0.9838151323340247,0.8973769822834202,0.9993203693195141,0.9976797404835258,0.8797322828043942,0.9989776480395481,0.9649192268348227,0.9980784219768064,0.9198790633591414,0.6742665973481994,0.9026541162766555,0.9238365930484921,0.9991791282063399,0.9875171219191955,0.9995195765782239,0.9988441524297881,0.9932296764150307,0.9974780137965806,0.9786564269227077,0.9820314313532713,0.9996021639062593,0.9962674768908342,0.9984000539558838,0.9948577860325377,0.9985735769317085,0.997386655475002,0.9991147803466077,0.8786383513139742,0.9728975348827305,0.9756835619132935,0.9928320236445562,0.7246751903690029,0.9273815538100703,0.9969127103166122,0.9945651429725273,0.9997175815099878,0.9959836118998131,0.9854363172860264,0.9968369012458425,0.9983195561937441,0.9808775635962631,0.9866847011622496,0.9982066075355248,0.9953578813645868,0.9844655876323448,0.9987648645196422,0.8775644673355246,0.9937547352423117,0.9213347549854363,0.9624853571672926,0.9825829314336479,0.9541351442173844,0.9894548136839232,0.9307584022785229,0.9808849141071989,0.992383800156125,0.971470188866111,0.9854641619983358,0.9931770222125806,0.9712800848238028,0.9178868802510893,0.9850947660032433,0.9447113752503915,0.9360793127137075,0.9877178001618706,0.985474339357784,0.6478774243110401,0.9501898879043208,0.9745789429554335,0.7451498317131142,0.9514360681518169,0.971366256006393,0.9642978523620814,0.9556079637801205,0.463277299004375,0.8649101543399939,0.6638507667671841,0.6689498526228301
St. George-New Brighton,0.7777834015470643,0.8125036829680751,0.943431422945777,0.9888411257087508,0.9427186623256123,0.9360792207148108,0.9567961247912923,0.8109688226999912,0.879566932009324,0.9100645058517394,0.8983803947943597,0.858029521327039,0.9750655475900072,0.9752631943499774,0.9755212406721935,0.936576901093398,0.8867197462208275,0.9769453175921126,0.8028682717564996,0.9818673780266142,0.9927580452193395,0.9926195131481961,0.8903645594136843,0.9650741695809254,0.9334995159322615,0.9855418949250816,0.8270165528476554,0.9781540448125353,0.93456486168373,0.9980203537000177,0.9870040458798071,0.9805222484870989,0.9815064050050154,0.9460500468956965,0.9944778644515465,0.9449248223767174,0.9892599828206645,0.9316233148327933,0.8237002522219373,0.9542310092042513,0.9119141130788148,0.9853784230565936,0.997752156512589,0.9199253831107747,0.9663756721674767,0.9553442885984476,0.9935696017980142,0.9760857347794893,0.9708568758818567,0.9907843925966915,0.9763352275081933,0.9938265979876165,0.9774107251373891,0.9956002080745967,0.9923610431936257,0.9899627906824021,0.9915953291332967,0.986323513823864,0.9519584987129388,0.9913598912819604,0.9769954590649175,0.8452073919006642,0.9972504456896687,0.9664140040007383,0.9928171606942112,0.9816271420443475,0.9116242711624821,0.9208669665493744,0.7453379152085261,0.9303222925511813,0.9843223964561071,0.9700519168859192,0.9892632174957404,0.9749183924453941,0.9963262764327873,0.993523423324593,0.9966162072528524,0.9897182931133529,0.9544597802960508,0.9931015784237354,0.9607828407209315,0.986440526613409,0.976926529836826,0.9921515223265809,0.999317332456394,0.8788946863834904,0.9873433024073023,0.9866335480618977,0.9816928010844778,0.9971785181355682,0.985327098413251,0.9713164766528192,0.9932475971888046,0.9719424698913488,0.9986258515889418,0.9902543748856915,0.9898683335202146,0.9844731802730289,0.9869973613785601,0.9933512581228578,0.9846064181809321,0.9610619146892297,0.9450252922821497,0.9893491608598198,0.879617939720789,0.9739828900480398,0.9891701371579575,0.9867709412348308,0.7796094574436722,0.9859055364890568,0.9874574356558894,1.0,0.9795263660754785,0.9829836975371076,0.9983877360900714,0.9906037882866625,0.9892556589687199,0.9794574491628022,0.9870789215379715,0.9971286533071689,0.9349854016287572,0.9839143565503979,0.9909301929437722,0.9203172116725455,0.985822451546914,0.9918435756473093,0.9887337905432397,0.9131624016575128,0.6564201265983188,0.8797851978294239,0.948008312601938,0.9918070845977182,0.9596888898454673,0.9879964082395697,0.9802044116888551,0.9858229347387093,0.9774251862181741,0.984848927802498,0.9939163572281882,0.9841383860405066,0.994279882450568,0.9800101316126941,0.9845441967518941,0.9923014145128106,0.9946840139474248,0.9819715560861384,0.9290197974324014,0.9397299962923841,0.9742847629332126,0.998859312344118,0.7982555302505432,0.9617982085769726,0.9765222529829458,0.9687663837587356,0.9868281628348233,0.9910390806371019,0.9991578504941395,0.9804107761175112,0.9894428240393967,0.9582164704513493,0.9961276019017884,0.9870813568143229,0.989727081050759,0.9955042851798355,0.9785150148944244,0.9067467510583378,0.9861563575560466,0.902701865939534,0.9489792901684037,0.9959977959406935,0.9871025549383285,0.9930544259268194,0.9071658184604504,0.9599637854485642,0.984555656988402,0.9907698722623628,0.9895367061694399,0.995823213227836,0.9302259025399315,0.8964080711702965,0.999809766752914,0.9353319783179516,0.9083229350575354,0.995390077950561,0.988184309261407,0.6553340558879198,0.9727174948258069,0.9800217510170557,0.7425154180939535,0.9251915701873362,0.9937475564995896,0.9754156905920308,0.9183256938236812,0.4980532414928488,0.9173616048921157,0.7299439213858284,0.6725580800059114
East Flatbush-Erasmus,0.7401687671103373,0.8306879628114848,0.9655289275998339,0.9789218016320897,0.944485877739336,0.8902315806605625,0.9561133353225382,0.7918308716897607,0.9234897486919013,0.8698056434824997,0.940646170055236,0.8782477551131374,0.9690695246597215,0.947901598396242,0.9407021877055752,0.9611338104864171,0.9144491494428693,0.974458260801416,0.7983153698990154,0.9546554962121957,0.9919688245755726,0.9743429070462805,0.9449966305311113,0.9508438285921731,0.9331005612638857,0.9689901017719494,0.7942055813117996,0.9817174462332753,0.9736498258737762,0.9724485277433847,0.9821016292630882,0.9627817884007401,0.9553404102865841,0.9825060415561582,0.9906069161144683,0.937678206110968,0.9736295592365998,0.9182667108374173,0.8189412572610855,0.9512767174903746,0.9477065400102753,0.9831727029765222,0.9892470859207103,0.9343699283582545,0.9532442467500238,0.9822553116537626,0.9926003751123851,0.9964149919985444,0.9635811263473271,0.9856888593733715,0.9984839515814574,0.9824425927699468,0.9880925793700487,0.9807598519066438,0.990711055209109,0.9806687202424291,0.9893380901000861,0.9886792581311576,0.9873583982556354,0.9811777988691736,0.9995079182118937,0.8822486706386481,0.975131294887978,0.9893800585462217,0.9838260137904918,0.9984606565632629,0.9169254116041758,0.9597002261008836,0.729049745108061,0.9524959252513076,0.9814596663518599,0.9427507886071357,0.9843126373035482,0.9929078695096311,0.9738110191483321,0.9881678321357716,0.9776382493221403,0.9949668462426305,0.9544982843477501,0.9863412135676397,0.9660272902752143,0.9875943277620818,0.9977853701112358,0.9937244344272352,0.9829995039298829,0.9138572195655302,0.987694995369404,0.9876321225303009,0.9940541610350295,0.972590771515947,0.9851552439835631,0.9780005345906416,0.9752015769522783,0.9730178943509827,0.9766348402143629,0.9897366522520894,0.987820294813593,0.9767130457087422,0.9950436881104255,0.9838271408846413,0.9711969089578741,0.960046680076668,0.9853276567660848,0.9896760991175039,0.9155744674258353,0.9602526557153475,0.99698569380735,0.9789671353586329,0.8171194058340827,0.9701883444679581,0.9759667086081343,0.9795263660754785,1.0,0.9828364036282913,0.9807596237757341,0.9959541769687404,0.9781122398023588,0.9641413407056777,0.9836731927332669,0.9823315652708842,0.9603607747436325,0.9755691667649042,0.9747622631877578,0.9523328360251324,0.9788542583158559,0.9687263441641213,0.9816302650217309,0.9341575352204423,0.7310326108579952,0.9229855659489097,0.960347960854192,0.9800650194346087,0.9434264407649162,0.9809369110139842,0.9747351881494881,0.9902747495142028,0.9650588146573249,0.9985085983251535,0.9854862661790172,0.9764419078241597,0.9863536807503559,0.9693116283873003,0.9888053424000393,0.9810440601477004,0.975947868646737,0.9759911421077223,0.9492943230868035,0.9481636256679065,0.9930346876255358,0.9783929300307647,0.8237486704665911,0.9604859011288782,0.9626963099148785,0.9583620067968581,0.9732331565705614,0.9824997727891406,0.9738338956732784,0.9635666746359298,0.981784346610336,0.9328495277364908,0.981354364617434,0.9685647042303993,0.986554498731471,0.9822837882517995,0.9706312130889685,0.9463656850214864,0.9922950422342351,0.9413006571708292,0.9826859761952783,0.985998896947977,0.9723785590561809,0.9883160039640339,0.915280885984384,0.9667087606449971,0.9844513370356966,0.9909361838279696,0.9746468605304642,0.9763449074720592,0.9309353952293233,0.9014303875537181,0.9800234518221501,0.9568706945509379,0.9257485290350957,0.9740763952967748,0.994491826448366,0.6894297920833351,0.9790252311896678,0.9612579194918123,0.8123177067295418,0.9373121114185812,0.976834673154841,0.9927871723507607,0.9235232000759326,0.595379848793671,0.9127996664552565,0.7089254482119484,0.7436136215586524
Kew Gardens,0.7193123426056119,0.7990382469767413,0.9398016742051599,0.9758471076719389,0.9013411951993454,0.8719144762099498,0.9144676959344007,0.7337735183737439,0.8668694763343056,0.8299183562528623,0.8847369396531962,0.7982660907997892,0.9697240001179809,0.966462415118678,0.9251760863148774,0.9433180133561057,0.8713719328954873,0.9467006811643238,0.7462172312019287,0.9388237751661207,0.9786969768977323,0.9863659093521352,0.8986196921375291,0.9158301590009066,0.8837837795774536,0.9538112957779387,0.7275900263536276,0.9774679993738352,0.94034390008152,0.9846825404782745,0.9594577290652033,0.9728601941944816,0.9343757289087744,0.9455521892284211,0.9941145055066478,0.8879856670810214,0.9661519865112482,0.945232251224464,0.8015371760644019,0.9728158822514245,0.9013974016685355,0.961362594495746,0.9910271418520755,0.9313810977384088,0.9228320068325742,0.9653372019872912,0.9944677026314664,0.9895386421088637,0.9286585845664952,0.9949539817165273,0.9737819639645032,0.995944576607559,0.9690611930023748,0.9950027301491466,0.9968434988545956,0.9783449795452583,0.9878908641615809,0.9984553041836854,0.9533181990861451,0.9970331999175811,0.9809039211962657,0.8760346972690873,0.9905032547906758,0.9662047262015019,0.9699845060827716,0.9876006345990525,0.9221557618048934,0.9308330347536724,0.6703379247013129,0.9521154041448764,0.9994614165043829,0.9802520738840398,0.9871454874938077,0.9947093886578395,0.9910037895480475,0.9719481642995225,0.992860467797652,0.9956385303329258,0.9759822730469783,0.9901882248127565,0.9329074694555818,0.9886693864896613,0.972912634861076,0.9932495961620442,0.9806188952659496,0.8964367804381659,0.9928020239407653,0.9987461600376546,0.9846418330204094,0.970690350218915,0.999243030137133,0.9857474112594595,0.9946253683244313,0.9950664008604665,0.9874783687542239,0.9972356709128976,0.9986232415728874,0.998342253661433,0.9919691348159065,0.9935347867215711,0.99715502378301,0.944803459188207,0.9471301022591588,0.9961818880446861,0.8435072181367081,0.993391551473971,0.9929459354543341,0.9980414467314332,0.8192625245495225,0.9959425532184476,0.9980259879136896,0.9829836975371076,0.9828364036282913,0.9999999999999999,0.9890750551158259,0.989620927875711,0.9981553120611673,0.9949769586739143,0.998563167118201,0.9820207028590934,0.9094447765518968,0.998310740143555,0.9959907991693029,0.891964089413655,0.9986916077001757,0.961923976473469,0.9975113078641977,0.9266662592223855,0.6960309381591595,0.9160951498611102,0.934439512871614,0.9968244458857723,0.9841923824041898,0.9989745184116048,0.9986819711724256,0.9972564529041166,0.9947766421353051,0.9827228814871469,0.9799531122477595,0.9985638751997575,0.9942880258776433,0.9957551943735571,0.9986995321582167,0.9968823305556316,0.9926584461355249,0.9983095260675008,0.885479112393555,0.9767297983569118,0.9852034409913224,0.9878441416565275,0.7353102106694195,0.9335799536476976,0.9946539729051863,0.9925528558096067,0.9975554094064187,0.995607627244907,0.9786802711987523,0.992892669924905,0.9971785102305326,0.9752201581550667,0.9844307827547422,0.9943642657626109,0.9964498265543908,0.9844332562101015,0.9977628754678568,0.8959167616649006,0.9957674831700718,0.929913026103287,0.9764261361915818,0.9820254538056243,0.9525626515641178,0.9871266661899976,0.9337104251453076,0.9845503354901213,0.9952401127558317,0.971859741962374,0.9855541710909196,0.990747049296267,0.9709913006145137,0.9190635945904341,0.9808867162287648,0.9546677488438857,0.9419594876681934,0.9804640004905969,0.9888220122712877,0.6620039662456743,0.9504682553681504,0.975767248980338,0.7652843446076014,0.9589567754184569,0.9659546571499009,0.9721704608455367,0.9556176405695253,0.482468915180843,0.8572956528623886,0.6747551681002378,0.6815519006551918
St. Albans,0.7445726233559105,0.7902298500369916,0.9333484171925062,0.9824703761306867,0.9252992202502334,0.9149855983635962,0.9417010146115085,0.7774016548704034,0.8634317966761643,0.8857104803195127,0.8842223099707521,0.8342905569449564,0.9682929330070875,0.9690230473866009,0.9618991466046372,0.9285350835535809,0.8691355123656562,0.9660627070203569,0.7709814903987986,0.9699946838817133,0.9888824056897036,0.9898823557532827,0.8809177458886983,0.9500295324466383,0.9154773348866028,0.9763346591880974,0.7957117673620729,0.9731736837391184,0.9277753565788904,0.9967127358595984,0.9793349420928622,0.9743336400852332,0.9713789047117279,0.9397637135861631,0.9961381550450158,0.9280028928318986,0.9835191631331855,0.9271699253214273,0.7990744385015928,0.9537580231167038,0.8984845607473385,0.9781522013080778,0.9976439136143758,0.9115733597457464,0.9516705462745123,0.951185279509291,0.9962230021194395,0.9780390285634663,0.9579268210381127,0.9912843227605683,0.9748709742189408,0.9953221602401294,0.971013597834993,0.997387153352009,0.9955456918663412,0.9924679081000034,0.9913663230368341,0.9897823267170736,0.947663346189726,0.9963417938416338,0.9771713397763,0.8394897890782518,0.9978665393802847,0.9614382626283522,0.9912273555339834,0.9823391387901834,0.9044748444907084,0.9130433478326622,0.7119426858807232,0.9264012439721987,0.9899193821310784,0.9720653453883324,0.9944305211973732,0.9796971491855893,0.9970812211687469,0.9903891299083862,0.9986144674992797,0.9925426557833177,0.9558513157104744,0.9927694885342935,0.948458122380168,0.9850305585702258,0.9745326911996491,0.9933394454101001,0.996859821063716,0.871491062498502,0.9902496338241614,0.9926520304801164,0.9819568734436311,0.9945087848937286,0.9894010473643224,0.9722175526980794,0.9956478419491603,0.9769457536857566,0.9991494849381908,0.9950704936574372,0.9944087380241972,0.991518834024247,0.9873246389805052,0.9980866765699585,0.9900991414809392,0.9568709973265086,0.9406212561316216,0.994003856984781,0.8603992040760814,0.9804266069790403,0.9911276575493625,0.9934629017446487,0.7755149836393639,0.9906207995116204,0.9931360853069748,0.9983877360900714,0.9807596237757341,0.9890750551158259,0.9999999999999997,0.9931808442813107,0.9946477968603292,0.9848211709076397,0.9921509154507688,0.9965298683555925,0.9227400269143434,0.989481862023785,0.9942153456816142,0.9062124328133945,0.9925950877500606,0.9838090048725113,0.9949689029701363,0.906663365272021,0.6448416871246737,0.8781699529435361,0.9365651901769206,0.996737796928261,0.9663409527525215,0.992833601423363,0.9882160119527141,0.9903218715869502,0.984082182227515,0.9865458570290154,0.9956119921965748,0.991204245088431,0.9968538084453408,0.9869393188905053,0.9894234147895599,0.9970604427083635,0.997299529294935,0.9897604335083732,0.9151237978157476,0.9458473011788625,0.9760664360544359,0.9996896481535417,0.7689304901504863,0.9512474771683067,0.9826619692652789,0.9766908625490941,0.9919419217425185,0.9961224121195306,0.9977163479847562,0.9854299059315889,0.9955748957810632,0.9617766792469769,0.9975445450057453,0.9907886446034718,0.9949180107153162,0.9937758895731794,0.9862062086945546,0.8953717824111742,0.9916440198512376,0.9033868548317636,0.9510630616948305,0.9918974715943971,0.9803482509592847,0.9957884111246431,0.9056140404961064,0.9627290630951688,0.9905568006328278,0.9889628825437896,0.9865100504977053,0.9968469767312643,0.9406421413761807,0.8935817800368474,0.9978794725933315,0.9309893758154031,0.9088853618897498,0.9962213370325542,0.991585074133839,0.6317353034863584,0.9656317701618075,0.9798661247944361,0.7297380459825681,0.9256047975835351,0.9917869428180974,0.9762029083560251,0.9254723756580819,0.47819173133911536,0.9067029377203151,0.7087054701701371,0.6610796925045911
East Flatbush-Rugby,0.7275388957975946,0.8066663372245794,0.9498465611472314,0.9799602849447455,0.9329049664847684,0.896890543652135,0.9481924053782844,0.7758716740562421,0.8940375699556791,0.8719753805059028,0.9148042517425279,0.8542769025463097,0.9682987683151218,0.9561180538878598,0.9480860290359893,0.9457062046018568,0.891152243904796,0.9699066787578348,0.775854910495214,0.9599123977501977,0.9923521192666555,0.9814065294594498,0.9152860226998573,0.9498037859909896,0.9215018439313242,0.9708229099837696,0.7877834309867375,0.9780326565463652,0.9534461392293092,0.9845699868971797,0.9814977321773349,0.9668905418198901,0.9626343967969526,0.9648457891198929,0.9959435721013509,0.9325179851649994,0.9771104665789838,0.921158556711346,0.8000295069374893,0.9536441900223156,0.9244791811939052,0.9810493660492727,0.9959032899722138,0.9225833165031679,0.950025436652179,0.9690807860486951,0.9981210401626959,0.991496188995225,0.9608174713307797,0.9904100124825785,0.9920168387373484,0.9905094527747874,0.9811168061662848,0.990855727060698,0.9971555909129516,0.989730839702355,0.9916214586379172,0.992690953499074,0.9707940109195767,0.9917881680328449,0.9934784671302952,0.8644436945458776,0.9875202191670862,0.9785045217456779,0.9908659160713694,0.9943856032279377,0.9119118948084695,0.9383616150142693,0.7057892371750609,0.9406635250347007,0.9895129871010041,0.9575457458981649,0.9939596676741697,0.9914053617587074,0.9864167558286637,0.9921368029657441,0.9902968252078195,0.9980318154826843,0.9577548339857589,0.990272209556001,0.9555288694775496,0.9889094454477271,0.9907351861597409,0.9962828622758026,0.9915417627510612,0.8966997949042727,0.99093043822781,0.9947933523039321,0.9903227824617363,0.984735167719212,0.9900547204332972,0.9789096641199303,0.9864623213097594,0.978181343442699,0.9901894836556431,0.9966280602832999,0.9946292879216513,0.9883102335624351,0.9946111992504318,0.9951218050826198,0.9834951807800554,0.9564032045015652,0.9670165851023136,0.9955410445158936,0.8891785132598203,0.973158666835271,0.9985713439898394,0.9905022739428344,0.8015678350329052,0.9830528036987388,0.9878981956583205,0.9906037882866625,0.9959541769687404,0.989620927875711,0.9931808442813107,0.9999999999999999,0.9895323434420152,0.9766303133643961,0.9921888684765424,0.9909736142556538,0.9418348226499328,0.9858969929269372,0.9857028536970236,0.9310626315043927,0.9893886680824029,0.9746153680944069,0.9921815027266603,0.9232529614241027,0.69232295946578,0.9054935337537154,0.9455065461288966,0.9920182424698083,0.9573120262915631,0.9902613462430606,0.9855991369351916,0.9936193648769382,0.9781437705673,0.9985336096624295,0.994927002262498,0.9878524244923209,0.9956947013308859,0.9823444247478574,0.9925020345550468,0.9922757909018641,0.9895425361460339,0.9873797681632193,0.9352705924078625,0.9508659562495014,0.9872990319271071,0.9915212948142712,0.7939553108702642,0.9530042039933814,0.9752558498959478,0.9712217488667718,0.9852423495036202,0.9924551692259415,0.9878699461433749,0.9773844514184599,0.9928547866519815,0.9481207399599567,0.9917816802161769,0.9818369220442441,0.9943623453252917,0.9881820816491412,0.9823002661148986,0.9202220134879842,0.9977686486616115,0.9307722120614206,0.9701454805562802,0.9899839871309243,0.9768120395588236,0.9977323971339248,0.9130197793939341,0.9678537839135606,0.9907554799318675,0.9943234420864735,0.9793909314039936,0.9871644458489865,0.9414502813363732,0.9002482277513053,0.9906011100697089,0.9449191553222357,0.9208453707725284,0.9892935473551348,0.997656090603643,0.656112134499623,0.977292658819543,0.9680809342429214,0.7759447019089978,0.9320448747074048,0.9881743746021961,0.9884469218442198,0.930513841356403,0.5497854404275535,0.9178673764230482,0.6931480075912748,0.7142407916356132
Ozone Park (North),0.721837203101064,0.7868757616409471,0.9304576441545745,0.9765140426497791,0.9010298490716195,0.88428551147553,0.9161134282189068,0.7377393999768859,0.852567599218293,0.8433208296317364,0.8721911068724346,0.795647511160712,0.9678081015931417,0.9695763244556851,0.9357832292481825,0.9321262218070243,0.8601702294426374,0.9478530728165291,0.7432739337335099,0.9471162767752336,0.979314802839499,0.988807086067119,0.8805909691937797,0.921878539270906,0.8853541479574464,0.958593032017465,0.7406157144291632,0.9734731885390235,0.9272574577286664,0.9909659221949474,0.9620963001174327,0.9738679794818738,0.9444596456066321,0.9348193592228686,0.9947915616799518,0.8935900572176236,0.9703515002261178,0.9414323893997556,0.7939504294421321,0.9679571902273737,0.889578644317941,0.9627511669768074,0.9933200674436422,0.9208816691426986,0.9271202340008489,0.9548525350387007,0.9949276267501507,0.9826098914557818,0.9327145124775836,0.9942629221148601,0.968834517607443,0.997369923824487,0.9649001428079858,0.9979081914569989,0.9969480184248434,0.983141860353962,0.9878930614060006,0.9960209028091593,0.943117168688667,0.9991879890139675,0.9750853177703042,0.858606838000129,0.9956370989341327,0.9586160975355169,0.975534122571975,0.9824727147576388,0.9146556335451143,0.9162962061380366,0.6720385232318519,0.9398928400773251,0.9984310151656955,0.9831468650414346,0.9903578028153651,0.9882338009143844,0.9959532880384682,0.975704842869826,0.997507793658328,0.9938868347691325,0.9709479477352079,0.990791280855735,0.9310291397663158,0.9864610226879951,0.9679995731077,0.9923079559133274,0.9860321755864557,0.8817358382496007,0.9916933903632398,0.9979329562680975,0.9805583492180139,0.9793822395837997,0.9970469982861263,0.9809331264477422,0.9978568209347587,0.9910734193443372,0.9938071166134984,0.9972747064156234,0.9983168555011404,0.9993066593619997,0.9886144670457715,0.9969176789115614,0.9986483114397473,0.9449692499258712,0.9358714931380219,0.9958921185191564,0.8349163946500157,0.9938392614756669,0.9908240819214142,0.9994605541383444,0.800935829961405,0.9981063956432409,0.9997402017977817,0.9892556589687199,0.9781122398023588,0.9981553120611673,0.9946477968603292,0.9895323434420152,1.0,0.9960097275954526,0.9983358123436605,0.9870795421741345,0.9033452297910509,0.9984823115795428,0.9984239320408691,0.8846828020918991,0.9994753216386792,0.9682041522519607,0.9990502828917671,0.9158488680931921,0.6668011199915125,0.8981157636947195,0.9280115062830339,0.9995634102328904,0.9840646018181176,0.9993238018459973,0.9985371697984659,0.9949371313198935,0.9956470595472536,0.980914828729942,0.9850206152317047,0.999363369639622,0.9964586738411092,0.9968858944116429,0.9959931367459253,0.9994548999175211,0.9973009472692171,0.9987364110225281,0.8843850469040081,0.9687824709378685,0.978753936228803,0.9939916791960925,0.7299691544268162,0.9336295225320063,0.9952193277618829,0.992154600885096,0.9992862929110986,0.9977304359227701,0.9869103441750571,0.9949407720898829,0.9990870848364599,0.9770154202222461,0.9897471851446082,0.9971946317535912,0.997124584778625,0.9874865704194008,0.9977696705690728,0.8837640627745962,0.9944681059753665,0.9166289213419633,0.9634606745801505,0.9842585170195838,0.9591159072962712,0.9903687478498385,0.9247159527157605,0.9781171369332343,0.994653267372756,0.974765345497425,0.9865569685354098,0.9950253170088146,0.9660404461547133,0.911104513290199,0.9873049335007887,0.9428884192156864,0.9305330093304489,0.9880371762214739,0.9883348851944912,0.6415772195804271,0.9507917734354495,0.9785569705825476,0.7402837288570036,0.947862692207682,0.9742289641267156,0.9690012716603229,0.9492331416344408,0.45942484894118973,0.8675802448291972,0.6779194687744508,0.6615590563406752
Fresh Meadows-Utopia,0.7343311256842866,0.8038827046521171,0.9289247239529871,0.9725207880241382,0.8872966414036768,0.8794526682535189,0.898994432868294,0.7312008970996231,0.8449113224130702,0.8268012425416287,0.8626184398258326,0.7685728004218186,0.971537188471222,0.9779378531330633,0.922744710863169,0.9355961223904511,0.8615844779485711,0.9338090551583033,0.7447686286419763,0.9337568753499368,0.9668117920864173,0.9875075410335977,0.8736004373874647,0.9060445699363309,0.864153168927487,0.9442820845983718,0.7157952508812367,0.973025097176967,0.9206607981419687,0.9841988048364141,0.9458871081176922,0.9783903205893861,0.9246966119024544,0.92365527024391,0.9851033809241225,0.8709879956015721,0.9559039501828301,0.9621048280094978,0.8120960160608354,0.9815244816093069,0.8833638699868771,0.9465778649515926,0.9843927766832953,0.9344756535328983,0.9120315299995743,0.9524278721458558,0.9843436851639874,0.9750233164709586,0.9154875981145144,0.9921715260550976,0.9544486081967363,0.9937552155937319,0.9574969020512865,0.9931086132156686,0.9898839297461526,0.9637906769035868,0.9760994933620706,0.9927449145789571,0.9281818416174688,0.9919387119855887,0.962480802692428,0.8802904270801934,0.9905736087385151,0.9513923172164038,0.955524809133863,0.971860549305152,0.933313263214085,0.9158674789056174,0.6539831188120425,0.9505685620035379,0.9966724978357265,0.9943973524096809,0.9740469250500371,0.9829527547510755,0.9922082845694057,0.9579437002419513,0.9922040440464801,0.9854294890631105,0.9836016854954092,0.9819025217071214,0.9158701232185906,0.9849352565826395,0.9538524108110791,0.9823597105108247,0.9739836517312097,0.8956037132383877,0.9809137508750467,0.9909193372600498,0.967365339490272,0.9640391553928083,0.9942360646205769,0.9852823309998064,0.9940656022724109,0.9958686651749357,0.9867995851898739,0.9880996677586916,0.9913449898168312,0.996133421906248,0.9824782827046975,0.9863313858952488,0.999219092756268,0.9232418102330862,0.9205125960730945,0.9853767723445245,0.8169736602678014,0.9994716200060285,0.9812756272880141,0.9946522971991609,0.831666744071836,0.9991874483930806,0.9974125307449078,0.9794574491628022,0.9641413407056777,0.9949769586739143,0.9848211709076397,0.9766303133643961,0.9960097275954526,0.9999999999999997,0.9953435264228884,0.9726649979946655,0.8818534029180461,0.9986404906678107,0.995335660014197,0.8642803614890872,0.9943427603466498,0.9571931949249511,0.9914905951103518,0.9290649798916569,0.6937584042156435,0.9127219137612038,0.9188308171370446,0.9939802232878617,0.9956383935340269,0.9969308453174032,0.996084397119826,0.986386493663464,0.9991048918219595,0.9650636959343011,0.9672860857770779,0.9963549974197642,0.990448201117376,0.9980803685353471,0.9896082666723229,0.9927360761896605,0.9935808298256273,0.9956905155168203,0.857191842339348,0.9824643182643676,0.9667988331846248,0.9856632893624151,0.7113977226253334,0.9150711506502236,0.9998401807823823,0.9981414286886359,0.9986313826961032,0.9881831427089866,0.9770049103334064,0.9991186920944712,0.9916491955217112,0.9916174673118842,0.9750824999461482,0.9988824020128861,0.987127759686733,0.9766546536231867,0.9981246019169115,0.86489130642241,0.9852638605386284,0.9250641613719968,0.9601741226598938,0.9765786807714126,0.9385394839457275,0.9787501776030374,0.9462427250072039,0.9869982329715912,0.9839829168547305,0.9558007791078783,0.9853416066119177,0.9879967916061808,0.9808022625927443,0.9344576044605164,0.9758881917267609,0.9519576092351361,0.9497814124868186,0.9795387679176183,0.9726210773812957,0.6741922778482902,0.9402604078967,0.969073165736767,0.755523276598795,0.9647927193907133,0.9561269394948909,0.9478896251076361,0.9672422598917526,0.45479468045768373,0.8404299730704928,0.6489432187072945,0.6729042648079696
Pelham Gardens,0.7249590891540887,0.8074933148132788,0.941794958165025,0.9780673450558626,0.9068343585971047,0.8840843849409222,0.9204320382674398,0.745354879504817,0.8693049507124047,0.8417655897864045,0.8891255864523563,0.8035713094692342,0.9736362764566495,0.9709266511859651,0.9321646179602922,0.9448645662653253,0.8773861500956793,0.9505141605759833,0.7546614707918998,0.9443192962724896,0.9809441235249019,0.9875728560367095,0.8966937456378541,0.9248725949434007,0.8873024051386632,0.9557966098533413,0.7400023843294963,0.9791437529570447,0.9399907375044045,0.9865935267926612,0.9628768397763873,0.9760604227626317,0.9405398920784511,0.9465078059980703,0.9939043329631106,0.8968173725758434,0.9656208627358143,0.9491951937616585,0.8060089464134504,0.975460949532312,0.9049212812598494,0.9630260430593304,0.9932155912688754,0.9344274907817218,0.9276928700353692,0.9649941132044733,0.9950242654118536,0.9881436846032147,0.935609197014277,0.9959981199752033,0.9761213209004154,0.9964835838070613,0.9713941193243723,0.9960992960070272,0.9983509962463553,0.978061493044304,0.985939165561596,0.998391906779585,0.951142629297177,0.9965482317818791,0.9815972225305868,0.8821265208321015,0.9924699373409422,0.9680630272588571,0.9735286683014849,0.9868794870561778,0.9302636590451322,0.9310058984725239,0.6668620439029902,0.9524782365161183,0.9995918015125405,0.9831012378501132,0.9871397916174103,0.9934350467623034,0.9930535937704931,0.9755050325171448,0.9953352606862512,0.9963552409166648,0.9792557445072011,0.9885833467851598,0.9334312940209846,0.9916701457977186,0.9747762034006637,0.9926932511772985,0.9841585655518494,0.9039284643194366,0.9891701090173731,0.9985343209980678,0.9812713975204471,0.9746362803660064,0.9977936891293397,0.9891709743644229,0.9944462019892611,0.9947940611106032,0.9918405411773167,0.9971160802294122,0.997952941952262,0.998712603787122,0.9929639730545997,0.9949367959351982,0.9978745640696416,0.9375032323787481,0.9455990206411317,0.9947034453724147,0.8498057268881237,0.9941873627597457,0.9942229570966402,0.998638460224675,0.8291279648406358,0.9974890928673357,0.9987264387551954,0.9870789215379715,0.9836731927332669,0.998563167118201,0.9921509154507688,0.9921888684765424,0.9983358123436605,0.9953435264228884,0.9999999999999999,0.9830479185183254,0.908987451660956,0.9989668287256787,0.9951437032799929,0.8952127397363554,0.9976834844397474,0.9651486176438129,0.9970347247015057,0.9334807902124149,0.7029355261662614,0.918761232699167,0.9312209127453462,0.9982277639624942,0.985577453575221,0.9995709139583137,0.997718184370962,0.9946327463424887,0.9963011474140987,0.9850959454057568,0.983037240510741,0.998586384108668,0.9979257292926338,0.9976533290040969,0.9962976659224368,0.9973137112680616,0.9963903116650562,0.9983384215821314,0.8923910562657873,0.9770125347656973,0.9803307439391781,0.9917768871087493,0.7453620417075383,0.9308493239683346,0.9950458152220797,0.993276402626247,0.9980247018556477,0.9945426311006813,0.9845356405196212,0.9954553290940763,0.9975417039339756,0.9783309617720551,0.9852794678348442,0.9964523465461518,0.9951373703834335,0.983850379713958,0.997560603551389,0.8903804541828436,0.9970157495985494,0.9377037565928289,0.9709343035150412,0.9853015890383274,0.955708711883088,0.9923421800777078,0.939642285492993,0.9857302606417412,0.9916953367727802,0.9760989786010483,0.9853427892439228,0.9905250088411418,0.9730260466038381,0.927467638998038,0.9848499632717101,0.9547638142452016,0.9457277591682847,0.9880491377472361,0.9882682616564575,0.6702072387407872,0.9609213683536497,0.9696622795088955,0.7730286262770028,0.9572932776473231,0.9728702513374423,0.9693940127811747,0.9609971185550242,0.5052448046994059,0.8770480567360954,0.6575593299405044,0.7021027424154059
Castle Hill-Unionport,0.7623460840476226,0.7912044864936911,0.9384248367486874,0.9847711338248615,0.941098888661735,0.9227396066487114,0.9564894482147878,0.799901623252335,0.8778777908831727,0.9037666458457672,0.8956344114896594,0.864520705739775,0.96497820778614,0.9620323056425334,0.9718174958117194,0.9292165422636491,0.8762703513378307,0.9769807081002245,0.7905226763675481,0.9798164617594759,0.993353112505628,0.9880187825554902,0.8926271913485818,0.9608515210643743,0.9381582089806109,0.987571968848715,0.8252483604646288,0.9726588017776967,0.9347721511780799,0.9957187247181535,0.9885638253841142,0.970711204721658,0.982321153881784,0.9474109772090212,0.9959327946756906,0.9448201605270204,0.9938877601899927,0.9121405302122496,0.8059113501155912,0.9399089115554461,0.9081204338002785,0.9887272660864524,0.9963270855338837,0.9054327175084357,0.9660439849715124,0.9530875917495313,0.9947153449060304,0.9776215730301202,0.9695034922666065,0.9867242488486058,0.9778795612099331,0.9911212032464813,0.9751514008716207,0.9929751990601631,0.9905480160306751,0.9969204905204808,0.9960737793062967,0.9840254366774114,0.9586098636911294,0.9916949460356813,0.9792098312152732,0.8232641039441437,0.9938996225382429,0.9645458868892525,0.9962492139258097,0.9841667091697893,0.8890899847163315,0.9171507225125527,0.7565545072677211,0.9201027863418699,0.9809515166713112,0.9567438198489912,0.9941780907231317,0.9749950271401139,0.9921526729326245,0.9957018415542458,0.9928476139554897,0.989510177166601,0.9399607674412819,0.9955963582250562,0.9649248663975127,0.9800841521586133,0.9788451809940011,0.9941197852007303,0.9982928784442006,0.85977687197235,0.9929472012092936,0.986537876741562,0.9884316014228136,0.9976060524771441,0.9841978555828302,0.9612438681784653,0.9913798310647131,0.965371743713634,0.9938842523567922,0.991283508812053,0.9902410446640846,0.9816278489833805,0.9852532810340066,0.9936010821694619,0.9793384653853489,0.9768327659148998,0.9512712814916781,0.9925392195937678,0.879768394074154,0.9658275364554347,0.9890083163127952,0.9846044029046113,0.7489408095619763,0.9795091068332407,0.9838151323340247,0.9971286533071689,0.9823315652708842,0.9820207028590934,0.9965298683555925,0.9909736142556538,0.9870795421741345,0.9726649979946655,0.9830479185183254,0.9999999999999999,0.9437655432750173,0.9789368506475917,0.9893496311865252,0.9247413040463586,0.9854978601300171,0.9907061108583707,0.9892176588987139,0.8949715031300074,0.6315201285450912,0.8651199183949724,0.9526947680827027,0.9892583337674135,0.947655145727639,0.98450429481964,0.9783310996216149,0.9891068817132472,0.9697148265181701,0.9870998617480974,0.9964842297517277,0.9815611206553433,0.9896875336806796,0.9731635779789783,0.986383992110172,0.9913938792803632,0.9887252874192125,0.9794020415234547,0.9334410935276664,0.9277090970296947,0.9818761753579842,0.9952928237549606,0.7954191084024728,0.9711826863791806,0.9693462554256428,0.9604769700880218,0.982503538016931,0.9932583281957041,0.99453537632952,0.9712480046764376,0.988990239311534,0.9427784198550985,0.9992913327452126,0.9798028955705944,0.9924491860464554,0.9980569263819629,0.9742979046417315,0.9193890395906565,0.9857827467604267,0.8860675158253872,0.9524302381893863,0.9928313995241733,0.9913901809074568,0.9899712280289799,0.8851858220180836,0.9496842988491351,0.9899646514006447,0.9928963107375159,0.9863676036905169,0.9958302087862391,0.9157631016013879,0.8709224633201929,0.9979872907271323,0.9262760753406349,0.8897982650309728,0.9881597457619498,0.9933499796753613,0.6262064852703786,0.9638573512991336,0.9875714123252732,0.7229822869899328,0.9135203905729987,0.9926413981230605,0.985987008537929,0.8986882346984859,0.47522823678542897,0.9085164748528887,0.7613126009501774,0.6422386139013766
Washington Heights (South),0.8381631840026419,0.8747685041108697,0.9713857307358832,0.959221236949416,0.9868715782376136,0.9213476844862775,0.9877990021324482,0.8992804161347682,0.9716097533932772,0.9303571850066852,0.975691367882137,0.9720182900679211,0.9429862720426528,0.9097280894362321,0.9516901479349376,0.9541416533701347,0.9515752099522367,0.9851224380456987,0.8996172513751444,0.9612280921923613,0.968873028143828,0.9341882747388272,0.9689906908028149,0.9722596480845929,0.9886687942546182,0.971638999603048,0.9011671157642189,0.9563035771029873,0.9757841281038591,0.9268659946018919,0.9783887146672965,0.9317511808708523,0.9577839767013023,0.9825734269740882,0.9413416164543743,0.9771481331585499,0.9638150751107031,0.8664274704066003,0.8759015633500722,0.8892603728360075,0.9758163454863503,0.98111741902722,0.9425603876223303,0.9160757816904327,0.9802523040372587,0.9641238944939226,0.9383821335698729,0.9519205708278173,0.9807030557657245,0.933191060932248,0.970348173979885,0.925814320429353,0.9760599465642701,0.921880957338906,0.9289364683655335,0.9348557087205803,0.9550234252173061,0.9262786723740981,0.9861030804230037,0.9126201290185944,0.9647540965450381,0.8464397033946816,0.9191259250510613,0.9740494192098554,0.9517879549963388,0.9605412132708366,0.8773668837171313,0.9612626173731997,0.8774683727716884,0.9207296290911066,0.9057603400393276,0.864227602176501,0.9230015133736703,0.93168961284628,0.9157765902411565,0.9625504776483411,0.9146878686747949,0.9392104594449336,0.8834241734780439,0.9483716408034308,0.9933362528385041,0.941972620044763,0.974662672851138,0.9489097656595501,0.9465431041347083,0.8885603239457323,0.9407485534625334,0.9157194843732019,0.9646172363702393,0.937717440229368,0.9213939850182934,0.9168467218764647,0.9142216007898132,0.8967356031598517,0.9182885696971461,0.9250333551044607,0.9233019898905197,0.8935748542500087,0.9498930773544827,0.9159311382157556,0.8907229650816555,0.9658092819549665,0.9851302820033556,0.9296860716153676,0.9791936835473116,0.8709533019955347,0.9460070626907284,0.8984701038265882,0.761668901970609,0.8910692634201739,0.8973769822834202,0.9349854016287572,0.9603607747436325,0.9094447765518968,0.9227400269143434,0.9418348226499328,0.9033452297910509,0.8818534029180461,0.908987451660956,0.9437655432750173,0.9999999999999998,0.896269973141357,0.9105030346553501,0.9954787182730495,0.9014384334004759,0.9587056887480507,0.9078449858383868,0.9016343874788272,0.7353056066411838,0.878827128882876,0.9870991512488502,0.9064617503463547,0.8470097258676639,0.907668113392907,0.8893176464094841,0.9324965077373034,0.8753449895209046,0.9536851955867882,0.9360210639671145,0.8937355567516174,0.921366294161902,0.8797315646667176,0.9268598827113277,0.9111653396034186,0.9063535125340865,0.8901625612288696,0.9876719832825209,0.8606602009330045,0.9594260859613157,0.9207672583549451,0.9331436798074266,0.9865752016732928,0.8763973638513961,0.8624512286017361,0.8960310014904689,0.9168669159242485,0.9243139579214891,0.8783907484863123,0.9066970903255351,0.8441985965803941,0.9333529766620325,0.8923005707249345,0.9223994921919815,0.9496202789223864,0.8825397627547013,0.9931353377879688,0.9232943283764496,0.879462247290934,0.945485866626773,0.9558680461007055,0.9664040569125794,0.9251929270221521,0.8501861517444732,0.8970678413781132,0.9218786191064159,0.9597530427285537,0.9393414599204843,0.924697702014604,0.8167140465729098,0.8363969123380399,0.9388703886058001,0.9287210884993206,0.8579758146146115,0.90980409705475,0.9448339102882686,0.7379954635589928,0.9573904859453999,0.9294797102862657,0.8259716563700699,0.8804779705241756,0.9370513017544931,0.9678675022919206,0.8180480007680756,0.6513572263993088,0.906647553462801,0.8315926523610001,0.7340928734352138
Rego Park,0.7263884025442628,0.8038336429526419,0.9355866586102498,0.97554122137904,0.8966829701733762,0.8798949925429792,0.909604003980078,0.7356597217013628,0.8572332908504252,0.8325893513700571,0.8761463726949636,0.7857727374354961,0.9725094445817203,0.9739497550367588,0.9268731841222962,0.9405044294015834,0.8688384661894095,0.9423861829422814,0.7472724686764859,0.9387778063699876,0.974742083735406,0.987941627799861,0.8861366718521438,0.9150217034884305,0.8755895775937508,0.9503164529004053,0.72589562162634,0.9765138485194352,0.9313048328359819,0.9859867190517253,0.9549455497020771,0.977054522417766,0.932707987643886,0.9361814544934626,0.9908024723093136,0.8836148783771656,0.9614534344865141,0.9550636542841348,0.8068377689957814,0.9786881729630525,0.8943294186102424,0.9555050663694031,0.9897751528490428,0.9341543921652906,0.9196115754183614,0.9596348359367871,0.9911023393501874,0.983175539913783,0.9255149906913988,0.9949598276502997,0.9666907988451239,0.9960729191591718,0.9650532771610276,0.9955573226948907,0.995414243588635,0.9725521337206631,0.9823167849412645,0.9968692600544697,0.941175141639015,0.9956689663530569,0.9735947782828733,0.8809616929189316,0.9922588028222972,0.9606155416702049,0.9656812853716358,0.9808923716935217,0.9310958066854449,0.9240838262569256,0.6587894253254941,0.9519148983788924,0.9994868801888711,0.988929094447213,0.9823858283293958,0.9899117521212644,0.9933260620925244,0.9677187015052128,0.994650910407007,0.9923228518070893,0.9818260049012346,0.9863637492307,0.9250068574856493,0.9889942984896808,0.9656365287531777,0.988875025352965,0.9797962037318437,0.8995872021763206,0.9866674633225879,0.9963594387086593,0.9759390966473993,0.9700325219936394,0.9973745821144644,0.9879559657621638,0.9952354029308169,0.9964701584954226,0.9900217215997866,0.994191761798459,0.996137418657291,0.9988762854627773,0.9888839745680468,0.992085822801118,0.9996564907006938,0.9318729317557601,0.9346043169367331,0.9917199418640431,0.833344609958648,0.9978324686703308,0.9891529524285239,0.9981162393271475,0.8297800700508222,0.9993035113362492,0.9993203693195141,0.9839143565503979,0.9755691667649042,0.998310740143555,0.989481862023785,0.9858969929269372,0.9984823115795428,0.9986404906678107,0.9989668287256787,0.9789368506475917,0.896269973141357,0.9999999999999999,0.996319037973379,0.8803251413989783,0.9975758653851887,0.96130825059318,0.9958413047143023,0.9310718881814402,0.697706361758402,0.9163268997040886,0.9254840543639153,0.9973738301257566,0.9913597202182377,0.9994937886203776,0.9984909237291584,0.9922052999440059,0.998788609287053,0.976700763031887,0.9765441957870109,0.998934563974771,0.9952329124209158,0.9990603792216688,0.9945953470805061,0.996364045726385,0.9958166965944597,0.9985605251697799,0.8753281684706994,0.9807149783092689,0.9754072953128371,0.9895290983865171,0.7271453230577636,0.9236290387994746,0.9984715487935092,0.9968659893703249,0.9994565762671986,0.9929183681495726,0.981301506544034,0.9981136327532314,0.99612117427804,0.9851756903253214,0.981447070644606,0.9984704860689766,0.9927894274625182,0.9811995536839965,0.9992476514806262,0.8788308567984723,0.99280791647012,0.9321284346229962,0.9673229439228123,0.9814668645053698,0.9477984131461392,0.9867711821831272,0.9427461264283008,0.9871792238188287,0.9897112783750256,0.96713776734716,0.9858135179797426,0.9902187976160997,0.9780413949091903,0.9304488611025914,0.9810567943083531,0.9537777074723753,0.9480203374151129,0.9844486304303814,0.9822317944802649,0.669781551622072,0.9508607655101419,0.9705394974326895,0.763909734942241,0.9615391582440749,0.965322279179608,0.9606084817690071,0.9647732656919574,0.4792579701156414,0.8587075101712919,0.6534917683419181,0.6868202366520317
Murray Hill-Broadway Flushing,0.7505087959099992,0.7982169271352432,0.9357279247386467,0.9825018516126349,0.9110393004464138,0.898378997153944,0.924011996487607,0.7585682214447164,0.8590915199773286,0.8587403425047629,0.8757262946376134,0.8075118605219397,0.9727976071924279,0.9766358012094593,0.9461957448987975,0.9361508490036736,0.86763475692534,0.9545637456785929,0.7639677555609604,0.9563728242657118,0.9816280518787791,0.9939214243955344,0.883991149181658,0.929082162973013,0.897140364493245,0.9671294932280289,0.7594851359142799,0.9773540923522257,0.9293273054505325,0.9949344273996705,0.9667407374314144,0.9804534188875238,0.9512546655133048,0.9355021990885424,0.9952159749332635,0.9011041012097505,0.978000953464003,0.9464996139743248,0.8131811101960013,0.969198896830265,0.8942549406447841,0.968090947573576,0.993887816086057,0.925859192351472,0.9372511524721228,0.9566363240183304,0.9935480233189589,0.9808767375892191,0.9389499797639255,0.9952723046683876,0.9662040174589006,0.9986606038485498,0.9680514270071916,0.9988782188330113,0.9947179312832162,0.9829667752231698,0.9908360379047546,0.9945569450633505,0.944566806772689,0.9981273693731625,0.9725221324399201,0.8567524361734112,0.9977282663149765,0.9595030314183385,0.9755243233581242,0.9814301186483702,0.9161543955329597,0.919190220990382,0.7033057330161003,0.9423436854389288,0.9958584846953707,0.9851134026765739,0.9875266666501362,0.9846068464826059,0.9980040660859635,0.9766140596487787,0.9977045192346892,0.9916201442034175,0.9697937711686275,0.9942913839616787,0.9404119632727564,0.9867136323403548,0.9666530233004815,0.9926900354283268,0.9881517201165656,0.8799115990884652,0.9932119527464096,0.9944762148977903,0.9823232311695491,0.9821402786927197,0.9965213007630129,0.9787123286217193,0.999796973445838,0.9892197043882192,0.9939504166638551,0.9947456032099222,0.9967713301076145,0.9959043758696545,0.9879143530985893,0.9942732612227028,0.9971431223974732,0.9543753429287406,0.936261516708699,0.9943619794546861,0.8411427405328027,0.9918791766897884,0.9884165408024858,0.9960610276239741,0.79526777646792,0.9968871363779256,0.9976797404835258,0.9909301929437722,0.9747622631877578,0.9959907991693029,0.9942153456816142,0.9857028536970236,0.9984239320408691,0.995335660014197,0.9951437032799929,0.9893496311865252,0.9105030346553501,0.996319037973379,0.9999999999999998,0.8896411435444574,0.9971449090113594,0.975874991415593,0.9965886491146141,0.9155657590832251,0.6643710840636025,0.8945342808948538,0.9391380976579665,0.9973655220477718,0.9821583246812253,0.9974653801094062,0.9951762037002199,0.9940481237615038,0.9926409292939438,0.9767112771810518,0.9828549232829238,0.9962204296821391,0.9938837488780391,0.9930208329887658,0.9947945001570264,0.9980208860955545,0.9960958204420365,0.9947996066348052,0.8873057003722118,0.9652463881930682,0.979782540471067,0.9939545958930768,0.7423509080070668,0.9447372867069402,0.9937654644217969,0.9886860493712084,0.9982223122728684,0.996689499269441,0.9876546649930855,0.9930188602854204,0.9961258790594455,0.9775178667118705,0.9905398383460511,0.9967340563304399,0.9955032905679111,0.9919564453358055,0.9945450194111187,0.8925964371397377,0.9895108220490493,0.9074002303725718,0.9634379492978477,0.9873973051568634,0.9641614673821745,0.9856638708767684,0.923327560271229,0.9764540573641557,0.9937112139232311,0.973327605355495,0.9925982495218909,0.9980531062130978,0.9587274892144292,0.9092682961723388,0.9891424406215528,0.9458616760462375,0.927877518378052,0.9852218884026689,0.985992046308583,0.6529813922471639,0.948440143328722,0.9868524788032863,0.7381037235017605,0.95010878067971,0.9729677183154922,0.9687341898399674,0.9415326510555362,0.4459456166896742,0.8608921642259775,0.7101426097238329,0.6477733775899537
Crown Heights (North),0.8409679345233351,0.8968015318342021,0.9737157399358148,0.9486671124200723,0.9875461629083693,0.9202692674054279,0.9864326259685248,0.9120955516149855,0.9834013730186129,0.9292153986836547,0.9884236495098027,0.9785763383206955,0.9386285105442951,0.90012636235185,0.9408396324376335,0.9571798826929302,0.9662870628238167,0.9787771929951425,0.9139797527674379,0.94977230971042,0.9581698915034996,0.9185524407034081,0.9750973077181064,0.9713216562461052,0.9840357259880833,0.9570204865671849,0.9049417874361615,0.9498812225819353,0.9776728519798632,0.9078605636127443,0.9687089799586345,0.9223294097232141,0.9453712035577183,0.984078470771282,0.924411989882024,0.9774349706497371,0.9442263812084836,0.8637026171415628,0.8853309396535582,0.8843073109891056,0.9855005961123776,0.9695049943663173,0.9286059100115777,0.9209903164582144,0.9733346071141933,0.9617942229978877,0.9229773361388603,0.9418414627272155,0.977617805778189,0.9202254439894152,0.9661529000216746,0.90917886061167,0.9717672406343105,0.9045130661821872,0.9154729574342749,0.9132577493340044,0.9361971522137194,0.9126837517604787,0.9806567841603658,0.8925543119478118,0.9579764717121285,0.8654550885525472,0.9010465560048967,0.9727237262123722,0.9375277902639373,0.9499713031604654,0.8879237551789457,0.966030395122461,0.8659998222456772,0.9214975027490239,0.8903167016872113,0.8497706837015694,0.9030191683586751,0.9205274766881025,0.897989808918866,0.9506847305836721,0.8978313638564084,0.9266358618555574,0.8794567278553941,0.9293546443276886,0.9849975963589579,0.9350065345355988,0.9697302903814746,0.9333983713655601,0.9321598295934914,0.9072578216329306,0.9193106726772571,0.8994852220436932,0.9480301621425576,0.9204788087840712,0.9047380360543246,0.9131538818920244,0.8938938692680539,0.8840504433495091,0.9034291332996477,0.9083058722580686,0.9059063899859332,0.8759466117444845,0.9402730534666088,0.8981776801041548,0.8733261586173738,0.9385847789846192,0.9823089390694869,0.9108914560623919,0.9928020995802515,0.8546297183659209,0.9352012629575417,0.8808623026421181,0.7891040777792803,0.8745904135044522,0.8797322828043942,0.9203172116725455,0.9523328360251324,0.891964089413655,0.9062124328133945,0.9310626315043927,0.8846828020918991,0.8642803614890872,0.8952127397363554,0.9247413040463586,0.9954787182730495,0.8803251413989783,0.8896411435444574,1.0,0.8815521188392711,0.9441231470708527,0.8882746176709471,0.9137355754985126,0.7739496594483466,0.8908035758821466,0.9767443667040369,0.8892073714140057,0.8323720198142468,0.8916352341043624,0.8702711193732783,0.9139272902087976,0.859900552451711,0.9450190336052838,0.920535946898075,0.8756357595137488,0.9095654192419989,0.8646892185083859,0.9089915376032127,0.8923552443688985,0.8916879998200581,0.8723755313727164,0.9919670475652169,0.8535064308784204,0.942476590657175,0.9052939547968855,0.95379569707815,0.9695170940071269,0.8592519827693855,0.8466960042488718,0.877995436362309,0.8958314830914047,0.910645437288881,0.8638373330318709,0.8882885950804698,0.8311866014333975,0.9132263716181671,0.8762570993242401,0.9026203452988264,0.9300409551431861,0.8647258595572873,0.9862507817133007,0.9106397633792549,0.8949775169653038,0.9349642060487907,0.9449788085023657,0.9515751867629555,0.9153655615893523,0.8569626848600598,0.8905477752999578,0.8992793432718686,0.9499634581610648,0.9228321888596478,0.9035018009985465,0.8083998424426756,0.8470247681704812,0.9239375701864962,0.9285606338290847,0.8631039084543809,0.8996275051665118,0.9285950522351337,0.7713699074030934,0.9635736633155745,0.8995555813503809,0.8607017054219518,0.8748085759982467,0.9259435613049913,0.9516797683611881,0.8185835741883251,0.7187945615728351,0.9212293809082119,0.7902427126048766,0.7881469283107196
East Flushing,0.7054129664010171,0.7752946605716886,0.9261893681905149,0.9719481452056923,0.8940592259589307,0.8712620987962625,0.9099794154591105,0.7227839623352222,0.8482297749494233,0.8310251180347681,0.8680918466609883,0.7893716123089575,0.9620600016419879,0.9622870962151395,0.9276826799744371,0.9281594926821694,0.8526956327859038,0.9430485458070937,0.7294048192981706,0.9403060288852342,0.9769137091828322,0.9848770028997671,0.8797772530652725,0.9141982881353362,0.879429199038406,0.9540628884977753,0.7275266336451004,0.9697457216095159,0.9259868576865268,0.9875582807349477,0.9584799225523345,0.9677924058003798,0.9388042521762988,0.9337562166338403,0.9942048576716239,0.8865344812333785,0.9675405091844484,0.9341929724795978,0.7813203411825614,0.9635246057984709,0.8851837132343608,0.9598215215168273,0.9912969599652426,0.9148523680438425,0.9205092554089915,0.9532752769686768,0.9947088200852487,0.983382169820233,0.9266704817385717,0.992106409230933,0.9685244883497659,0.9954981687509665,0.9617194073113129,0.9959541316589466,0.996235532295767,0.9836714034977051,0.9874651736070498,0.9955470480992177,0.943777127345393,0.9991083651211135,0.9754868489174178,0.8530052527146718,0.9927851329400195,0.9565901338150571,0.9739748543771686,0.9828628270648975,0.9067824838010248,0.9138988378036204,0.662311612518925,0.9365543663414364,0.9981443621591852,0.978466230926157,0.9915089542548498,0.9894720418938647,0.9929571587710756,0.9735896854482793,0.9951418987113477,0.9937540016095363,0.9671882556382816,0.9896956993079621,0.9271055232769817,0.983501590298402,0.9674258795553022,0.991959867842593,0.9829320723055152,0.8759964546503543,0.992652025104643,0.998637890462652,0.9815164776621526,0.9760924739849299,0.9969184940377569,0.97821935790155,0.9961292003650264,0.9901760047514367,0.9905787280941919,0.9977513004436749,0.9985161535181037,0.9993279981605255,0.9875273277102852,0.9967183210576213,0.9974072566822744,0.9458507421378778,0.9366468180257284,0.9968387290897966,0.8294842401276245,0.9923046559907214,0.9905417372450184,0.9994975587834651,0.7940650839139201,0.9962552856794248,0.9989776480395481,0.985822451546914,0.9788542583158559,0.9986916077001757,0.9925950877500606,0.9893886680824029,0.9994753216386792,0.9943427603466498,0.9976834844397474,0.9854978601300171,0.9014384334004759,0.9975758653851887,0.9971449090113594,0.8815521188392711,0.9999999999999997,0.9630295542984598,0.9995453907104561,0.9098675170898511,0.6608382665474909,0.8956257914367249,0.9249486686223775,0.9987509755231353,0.9816851375686328,0.9985509714334987,0.9992133385773873,0.9960960084881234,0.9943103445772509,0.9813007622950077,0.9843483100971194,0.9994590766556029,0.9946188445943137,0.9958766866991602,0.9969636812386041,0.9989732179192268,0.9946609782336918,0.9991456824989023,0.880620397527404,0.967514698633955,0.9807252866341343,0.9911840915786966,0.7202612239799714,0.9310899731131564,0.9937924634344153,0.9912260147790649,0.9981137808939161,0.9981621997528934,0.9828855605013077,0.9925454805576216,0.9993075674397863,0.9724870357384933,0.9888592848004071,0.9946959716959447,0.9979652639282367,0.985616498441484,0.9977323527508896,0.8837969440726079,0.9951626648105808,0.9140492937458118,0.9654753643083384,0.9805376903828921,0.9558593691834003,0.9889961095982998,0.9189046465407779,0.9760245925896756,0.9965133513758593,0.9733080897501006,0.9830393461613682,0.9931763593017395,0.9651943136802112,0.9039748578352091,0.984023077889842,0.9396247260341325,0.9266003849044068,0.9843428753315061,0.9895603302078171,0.6289842708546923,0.9456108555359981,0.9780959720436295,0.7346666836820159,0.9451488170375912,0.9711443713471309,0.9711348002066592,0.9464600337555549,0.45214952096439776,0.8605470197235909,0.6762425270442726,0.6539316560452985
Far Rockaway-Bayswater,0.8407541284113762,0.8450776538970398,0.9562768968050781,0.9930492553223806,0.9708941570791347,0.9646027817891847,0.9794069936144629,0.8704729563193129,0.9073559926485272,0.9485279851493634,0.9194792934925349,0.903798892173555,0.9772284051002713,0.9750935811836028,0.9931224853384825,0.9444210954159921,0.9126268862541546,0.9914770783880434,0.8606598948637771,0.996954550952364,0.9922379079815568,0.9891044673998379,0.9070677001714275,0.9839882403751483,0.9665416132203096,0.9983214824827708,0.8830525382588458,0.9791282119388793,0.9429871889508892,0.9912219838218965,0.9947122791907572,0.9820781636160106,0.9927113839707272,0.9524372673295406,0.9833421343384701,0.9696010657581634,0.9967227334112605,0.9262109312403085,0.8662436914394761,0.9417266286798179,0.9317204338732286,0.9940017274977074,0.9879710660767218,0.9255444967489963,0.9890579570780906,0.9569089679875635,0.9793563739760653,0.965175854438071,0.987248490328285,0.9798575468870082,0.9702397773921636,0.981406871711521,0.9819438274188897,0.9820722146167338,0.9753211715227504,0.9784898803281205,0.987170004448915,0.9698451693573267,0.9577274302884713,0.972480020454862,0.9686282340677433,0.8404339678732413,0.9855934636617026,0.9680862619858049,0.9867069406316056,0.9733138778217048,0.9081481120654133,0.9303163519269508,0.8236643927654486,0.9288365415989379,0.9624630670571456,0.9519688825920165,0.970739393491199,0.9569409412103593,0.9840641841429655,0.9906316941158372,0.9811567211124275,0.974569264015054,0.9369829785586212,0.9881256570589142,0.9826199984784849,0.9776740721595589,0.9735169025848069,0.9825116589712887,0.9940657539110387,0.8773970075829235,0.9773165638718387,0.9649010587294408,0.9778455993334617,0.9925759915853681,0.9689320619503283,0.9558480724467732,0.9796210728490153,0.951005598211238,0.9847726024930423,0.9715459022087719,0.9721126935278913,0.9592162661414154,0.9770297581732447,0.9734064822996322,0.962091793195845,0.9736937572151111,0.9503972025451431,0.9727474958916789,0.9119310534013422,0.948489567340844,0.9755636577570513,0.9623145838166985,0.7660128013504457,0.9642198084812325,0.9649192268348227,0.9918435756473093,0.9687263441641213,0.961923976473469,0.9838090048725113,0.9746153680944069,0.9682041522519607,0.9571931949249511,0.9651486176438129,0.9907061108583707,0.9587056887480507,0.96130825059318,0.975874991415593,0.9441231470708527,0.9630295542984598,1.0000000000000002,0.9669445669307631,0.9102498482544638,0.6649591345452687,0.8699379896640607,0.971120512939196,0.9706863611555112,0.9323051946425558,0.9675026551483327,0.9540881870505248,0.970563032704203,0.9508951625606215,0.9715469814604194,0.9802654606700931,0.9592025382889844,0.9761697321092911,0.9527222625517366,0.9678305600838185,0.9728370786876305,0.9761409182273427,0.9553406461331586,0.9492957329159197,0.9144266985604623,0.968379464788689,0.9849505410540161,0.8509761879756887,0.9837135815915721,0.9523261477126177,0.9398414602704792,0.9656498226135799,0.9729051862028633,0.988700426146981,0.9564654622614446,0.9669324578785918,0.9357945414963599,0.9852292136993475,0.9670775125890081,0.9716394710483077,0.992994591756284,0.9519116697065128,0.9338383632319726,0.9643045440320613,0.8824803682153473,0.9418161137075781,0.9941920583913567,0.9937416103003188,0.9736182495338148,0.8925955716994579,0.9420669127644818,0.9671932361070841,0.9841465116766326,0.9882718352030287,0.985951526518067,0.8928888720113775,0.8819010936076167,0.9927853510255508,0.9353381609151488,0.8914611629853816,0.9774401755065147,0.9742105196078321,0.6901828434399507,0.9702999688166298,0.9800316753382239,0.7539643249952387,0.9150412438473016,0.9845080181795716,0.9708718787929558,0.8844575156796202,0.5141094853767973,0.9159932722393817,0.7970478271249742,0.6677747649477344
Hollis,0.7054510032127624,0.7721416014002512,0.9264167917648306,0.9730771102297374,0.8998355512340019,0.8764196955082947,0.9166773091696239,0.7294544928996527,0.8508408493079437,0.8401484711519431,0.8713962405370882,0.799850764146835,0.9609778095659479,0.960117925392666,0.9336313034461815,0.9264736515966453,0.8533760598575074,0.947993947996591,0.7326273708550429,0.9458064396173551,0.9803281224011933,0.9847414983456058,0.880604636037992,0.9211624930209986,0.8874025075768511,0.9588663588205453,0.74011306595451,0.9692988060703425,0.9268434370412046,0.9892329927954053,0.9637372392798808,0.9664802945156663,0.9462395686819568,0.9362391829912978,0.9958076461284899,0.8957336834448448,0.971615864259133,0.9276547401664865,0.7778358245024086,0.9584158050196436,0.8873021378813377,0.9647126371732594,0.9932821487674564,0.9103942809736846,0.9265517792905611,0.9527001003780634,0.9965568172454581,0.9837191227576325,0.9334106881735832,0.9916281297322956,0.9719245149064683,0.9954250332067804,0.9636192244394856,0.9963671194470398,0.9970608518804381,0.9883488016437201,0.9896574080619421,0.9948404122537905,0.9467872707213425,0.9996467088238189,0.9778886916801924,0.8458591655954348,0.9936605042152268,0.9580142067960644,0.9798682545696736,0.9844504571437428,0.9015077374329982,0.9130035966846712,0.6704137512121718,0.932000461610669,0.9968445107110336,0.9742512115369215,0.9948996915639349,0.9888295983978602,0.9934180032860145,0.9788723992786933,0.9959685050263569,0.9948295243807743,0.9622126129746107,0.9911003043851545,0.9319582430913579,0.9832418953275361,0.9707997924223437,0.9935549641530577,0.9864982109912962,0.8717218102543284,0.9938927465066162,0.9988465473625431,0.9836531497929758,0.9809355493481517,0.9958338960515268,0.9758287961861611,0.9960212440319989,0.9867415838504414,0.9924386495015715,0.998812814789534,0.9988494822319659,0.9984418711780914,0.9881302318144445,0.9986154361832565,0.9956440805078003,0.9508520940199033,0.9398262076863876,0.998127624019019,0.836419374221978,0.9888577930663981,0.9920993431183067,0.9992020436522033,0.7845083697325812,0.9945748931428509,0.9980784219768064,0.9887337905432397,0.9816302650217309,0.9975113078641977,0.9949689029701363,0.9921815027266603,0.9990502828917671,0.9914905951103518,0.9970347247015057,0.9892176588987139,0.9078449858383868,0.9958413047143023,0.9965886491146141,0.8882746176709471,0.9995453907104561,0.9669445669307631,1.0,0.9057930126357815,0.6523803825006086,0.8896270813365125,0.9271370310624796,0.9990732685404727,0.9764738377263178,0.9976714625026569,0.9977602673709771,0.9965385683060786,0.9916146838419119,0.9849650121171494,0.9890830356069562,0.9984654443002593,0.9955980738961776,0.9938969006274235,0.9967135796694158,0.999521074940515,0.9951036419516806,0.9980607763694599,0.8902212582063573,0.9611307325048715,0.9819800177936606,0.9933410700153446,0.7293361198871647,0.9364565072268554,0.9906381960174129,0.9874462769772403,0.9967445222771864,0.9993071479947501,0.986160353029046,0.9900247971590203,0.999868933729294,0.9670599490832736,0.9924157512313958,0.9930581910908691,0.9991151437233087,0.9880505600836849,0.9955769664101951,0.8883091683347455,0.9962585516070174,0.910584714669558,0.9636227541398505,0.9827465411012293,0.9625354025833227,0.9919286943071631,0.9117445067199605,0.9716671916475684,0.9974103979763526,0.9788432562547672,0.9826419838153033,0.9942624663184009,0.9584101721400428,0.8968081832195373,0.9874530484277065,0.9355920651718218,0.9194537213511611,0.9871208634311472,0.9926788584533321,0.6209048845192036,0.9498801463666181,0.9792179868796004,0.7301626929886609,0.9380095761818869,0.9771094012547956,0.9757499748283306,0.9394350544775031,0.45685402422111565,0.8721498152630219,0.6845570589329488,0.6525221423703875
Greenwich Village,0.8293138097026471,0.9523714782773314,0.9769766316631744,0.9495726658982846,0.9211390340596336,0.888100867987809,0.9134757275214537,0.8342249955850086,0.9445225021430773,0.8364984317452994,0.9517175223214371,0.8356916842192414,0.9752285160954495,0.9561746402577872,0.8874666638731133,0.9871351593189331,0.9675197528647772,0.9273012269353234,0.8707829596975726,0.8983628044233245,0.9314716728490104,0.9384792619803193,0.9515141011590915,0.9088489812346572,0.8789364091402553,0.9036385645480237,0.7555377054112717,0.9706106135843799,0.9661648081884288,0.9091312643446707,0.9165745347219137,0.960970320803469,0.873196800725569,0.9572360427130137,0.9205178260253694,0.8802663907498433,0.8954012513982206,0.9774305870301415,0.9272895929894901,0.978810235323712,0.9630115586401333,0.9154379009178039,0.9272843706432085,0.9946138839743043,0.9063562754541236,0.9748788216588502,0.920211195330914,0.9483066656130476,0.9121912902079958,0.947883637348532,0.9415695302485481,0.931324512626829,0.9608898008099699,0.9231648196314339,0.9312740369437857,0.8692518818793684,0.9141092312811882,0.9426031457037927,0.9368734733458242,0.9073119929222425,0.942455484017658,0.9889329063986662,0.9159267959832711,0.9672705174543549,0.8868984700172654,0.9408798019461654,0.995985098380124,0.9785654831252311,0.7052744689939144,0.9914757806647521,0.93263489201362,0.9390044457011623,0.8811537541428115,0.9451095225583599,0.9190277575223804,0.9057380589794205,0.9172974809992679,0.9346466097296111,0.9773441553944301,0.9195502988449783,0.9180643194024255,0.9644086461643976,0.9422368053500405,0.9269890305235874,0.9122594009209904,0.996016337573607,0.9075055480750269,0.9204137866175853,0.9202171379390051,0.8853620346770872,0.9351043077366332,0.9758252501737152,0.9154071050017301,0.95206133353602,0.9148641385258949,0.9164937753703148,0.9213218179736985,0.9162563778335931,0.951788373704777,0.902070116448272,0.9250241157492983,0.8498781993100695,0.9382577448365579,0.9100455645841122,0.9076930416671048,0.930623123742532,0.9375259173732409,0.9136618982090879,0.9621097568979804,0.9276436768366492,0.9198790633591414,0.9131624016575128,0.9341575352204423,0.9266662592223855,0.906663365272021,0.9232529614241027,0.9158488680931921,0.9290649798916569,0.9334807902124149,0.8949715031300074,0.9016343874788272,0.9310718881814402,0.9155657590832251,0.9137355754985126,0.9098675170898511,0.9102498482544638,0.9057930126357815,0.9999999999999999,0.9036838207459981,0.9908124686110903,0.9307305900624575,0.9147755690851037,0.9348815728747076,0.9294744132403664,0.9138816779517452,0.9191114293641663,0.9290634833259352,0.92257889249724,0.8885240115496129,0.9159694136931855,0.931753648847377,0.9260735476572509,0.9249991930851612,0.910556897648981,0.9224289535920607,0.9148818651281221,0.8835150859662145,0.9641532595077665,0.9219644949897099,0.9112848701844479,0.8397878569350608,0.8853449445851491,0.9292146218838516,0.9287541979213535,0.9228250608935626,0.9000207094745898,0.9065339743459838,0.9328961779949878,0.9077573143627126,0.939826607008909,0.887929162461412,0.9297118577481672,0.9054285683931598,0.9090611290584459,0.9206490858375055,0.8965640632080479,0.924461215205482,0.9863103142028855,0.9526203366953072,0.9392502654114503,0.8813451949868659,0.9177494624829047,0.9895159460675972,0.9730244577310996,0.8971133334868329,0.905961184558038,0.9396421892034085,0.9068294148533934,0.9386463448050472,0.9880954823575196,0.9087087561369536,0.9899019185078906,0.9889430443910562,0.9124354472564785,0.9045515979537105,0.886535151679287,0.9537334242069283,0.875879538192746,0.9405822016868685,0.9784488634699111,0.8884427356485217,0.8932184117418086,0.9605084402571787,0.720291020997892,0.8457993641289725,0.5880701910880903,0.8802664451440376
Financial District-Battery Park City,0.7321821131184447,0.9273946148443146,0.8464984644488035,0.738285779808567,0.7518524176171086,0.6765525847286723,0.7230859264543736,0.7254768663640628,0.8683802138748504,0.6215820407578867,0.860956190623774,0.7024117922716421,0.7946799692373425,0.7485543785344567,0.6406493948857047,0.8677412060040368,0.8912119548229002,0.7224371538627157,0.7994003267551628,0.6560015481513248,0.708276776443837,0.7068161480656073,0.8693582725802311,0.69965152529446,0.6898397567042431,0.6652183431792611,0.5716577166589153,0.7886024689340128,0.8431241241755917,0.6477151852804107,0.6908558953348645,0.7583601159474898,0.6135936894450712,0.8166600839127308,0.6797688817852562,0.6765998245999826,0.6448292448046327,0.8262325869341135,0.8650722910093975,0.8115793324557775,0.8630388698551683,0.6915615450655448,0.6873359440213538,0.8874000622296178,0.6948227688273262,0.82877679611944,0.6806436774012175,0.7559850464437856,0.7022222170193951,0.7282256906632824,0.7503671585676966,0.6932090058364707,0.7798631197957853,0.6757431288765602,0.6985768107338383,0.5950216918921005,0.6751975177194024,0.7243777376113081,0.7752538257568169,0.6522846306511235,0.7494002787863782,0.9512351622833847,0.6592488386348794,0.8056455631622121,0.626983271140983,0.7385673562174883,0.8888457385463194,0.8758563177399474,0.5706098491691403,0.8730914955536349,0.7035152393885252,0.7141543877717813,0.6144746147234923,0.7465161013892667,0.664636988556906,0.661596473882958,0.6622957431474369,0.7113019765846338,0.8085545199605239,0.6800020390912245,0.7276716293279838,0.7654067982244598,0.7513244567771175,0.6964776218198837,0.659353421349654,0.9358314176394963,0.6655888756683225,0.6836445754858393,0.7023842420843955,0.6119585592057958,0.710485830457378,0.797199409927712,0.662099661569048,0.7488509555252253,0.6565640936156549,0.6748051597221899,0.6823639944538736,0.6715056349114855,0.7466436622142524,0.6428148169395539,0.6839988200060619,0.6013846590873537,0.7866110783398576,0.665790100068762,0.8068381920031019,0.7004665704685428,0.7192753628955145,0.6657976515784776,0.9596670925954791,0.6866835874945963,0.6742665973481994,0.6564201265983188,0.7310326108579952,0.6960309381591595,0.6448416871246737,0.69232295946578,0.6668011199915125,0.6937584042156435,0.7029355261662614,0.6315201285450912,0.7353056066411838,0.697706361758402,0.6643710840636025,0.7739496594483466,0.6608382665474909,0.6649591345452687,0.6523803825006086,0.9036838207459981,1.0000000000000002,0.9245807803716555,0.7624862180281017,0.6631352499723373,0.7172653886868947,0.693525293053389,0.6714186219307928,0.6864531782947965,0.695698962980416,0.7026016640867542,0.6248545775532438,0.6713312459170866,0.6944032605978115,0.6894280157389324,0.6965108006552867,0.6563825343284201,0.6716274031379528,0.6715390106318994,0.7093185437402015,0.7985960878557635,0.7136195526749111,0.65113567585177,0.7690812366328953,0.6667489330866322,0.6964038093126093,0.7019959515547339,0.6789423781342737,0.6415912040963229,0.6428394165433919,0.6986534000912465,0.6547663745970965,0.7245321462267944,0.6182426781158453,0.6885442761209944,0.6549229030143551,0.6584054462081009,0.6826852864735548,0.7586335761723747,0.6947281101098253,0.8922654729102413,0.794094895103928,0.7125127786927321,0.6255180121856267,0.6744132069146132,0.8765785973452876,0.7996269927269024,0.6465931319797252,0.6661591593342918,0.7138838256859273,0.6467914059556665,0.7540575541712826,0.8827144326254688,0.6501649321238541,0.8665160359981686,0.878123145071888,0.6552879552438141,0.6633417285282455,0.9616307094982598,0.7699744650036552,0.6112794448696642,0.9876784135676913,0.8437875040626656,0.6239569330481192,0.6660632301312106,0.8067781898147919,0.8564677426487283,0.636577811886436,0.37297689466405576,0.9458332890334024
Park Slope,0.7710382714299395,0.929703148023066,0.9613077500740463,0.9204879596841375,0.8821714065568376,0.8234215779070764,0.873571818522091,0.7722597367657497,0.931717132274048,0.7672038069388742,0.9376804353653393,0.7954788829965281,0.9500234935857129,0.9230914178646289,0.8337855995051336,0.9769246160606128,0.9473698549732742,0.8926335404047047,0.82248139144168,0.8504759614108962,0.9052991442648936,0.9104727647294215,0.952496008544539,0.8612448310757496,0.8366320118593608,0.8647863118292853,0.6809152552057957,0.9510414565712341,0.9608465983020188,0.8762498022500859,0.8828835731465748,0.9314925774369125,0.8243325098135077,0.9482903859798246,0.9005582447537338,0.8318401132379262,0.8615201450915978,0.958605958785956,0.8944612124981872,0.9659325088969566,0.9483180503737618,0.8844948200243324,0.9023884522863651,0.9829846973480314,0.8623569918352645,0.9676812259206421,0.9016927261125072,0.9417616447036629,0.8703305454871721,0.9287635626581651,0.9277036668958346,0.9098010597032896,0.9400774264634312,0.8994431291293512,0.9138363915179584,0.8436350660194516,0.8933912152292203,0.9298884352768001,0.929456185788828,0.8886628534690711,0.9319641900496483,0.9929603812307138,0.8870925254412669,0.9540082772016865,0.855092033717662,0.9298287480531295,0.9804063981891515,0.97465448067707,0.6500320290641539,0.9877061241439876,0.9199820999553102,0.9157109911834382,0.8610933707170717,0.9409514107091518,0.8906482297201789,0.8751346344440122,0.8907924534450332,0.920030094706157,0.9668005268476038,0.8976163099459796,0.8874416241180025,0.9455980390193092,0.9272971771438407,0.9092712769531879,0.8794562601172952,0.9929234372021357,0.8923490686940392,0.9079280413419978,0.90718160383524,0.8469349588012737,0.9228078163334312,0.9641242933697429,0.8919675052101244,0.9438625230653496,0.8837467295312568,0.9011962321963337,0.9063102393974604,0.9019073274655798,0.9370434578333906,0.8809593127707911,0.9079739106790986,0.8256790279468861,0.9325750743151249,0.8952627557570146,0.8817886921973653,0.9165153529724555,0.9225372913556511,0.898119461288281,0.970381363101056,0.9085083409368903,0.9026541162766555,0.8797851978294239,0.9229855659489097,0.9160951498611102,0.8781699529435361,0.9054935337537154,0.8981157636947195,0.9127219137612038,0.918761232699167,0.8651199183949724,0.878827128882876,0.9163268997040886,0.8945342808948538,0.8908035758821466,0.8956257914367249,0.8699379896640607,0.8896270813365125,0.9908124686110903,0.9245807803716555,0.9999999999999998,0.9091357988442414,0.8949115719616447,0.9221273124457453,0.9135744455819601,0.9026425607586969,0.9076642692555056,0.9143926008310475,0.9068719958696885,0.8611726542204392,0.9019497475846032,0.9099719974560951,0.9112233585809472,0.9145972290278571,0.8908625919989736,0.8965372910086454,0.9023350851319288,0.8501574419647114,0.964269246294204,0.9148155673238345,0.8808608117438558,0.7985956269506216,0.8537954473940985,0.9145659249337337,0.9178174900732657,0.904948171669009,0.8816257037729472,0.8699709566620439,0.9142800691011095,0.8907773442162954,0.9202668778949417,0.8599425150980677,0.9082646843680642,0.8896138283862223,0.881390482357741,0.9087322008454921,0.885752137840872,0.9121134901838303,0.9894635507972632,0.9570879029638831,0.9099206187416856,0.8422575925254576,0.8943469198209818,0.9829061970749418,0.9664507739408122,0.8845999041673456,0.8782758023202719,0.913880177753372,0.880108787810623,0.9386317263064371,0.9783386903832374,0.8747715029559399,0.9848648072104123,0.9889223791500948,0.879422819885577,0.8887206138409409,0.8792016222032961,0.9241862362908266,0.8511580319598002,0.9514115635028403,0.9778302568454759,0.8513738711461297,0.8794487358983814,0.9591504783385317,0.7241477600756431,0.796359013485525,0.5455844589875906,0.8847134148409243
Hamilton Heights-Sugar Hill,0.8777461055848647,0.9038982822776656,0.9857061594071043,0.9798051940544401,0.98335951469336,0.9341009801787181,0.9799050803503822,0.8986838148911546,0.9682015446525739,0.9239135785392826,0.9679127673623282,0.9413612065368626,0.9711112935534276,0.9497059594555245,0.9582221438133117,0.9757282732862462,0.9610179621200732,0.9860736924724212,0.9110947351735852,0.9676014772153163,0.9747731521579762,0.9627651391912632,0.9704894289335583,0.965912979527404,0.9771878715825293,0.9788731282937344,0.8769064800830734,0.9790172000679858,0.9813281807862636,0.9486816058001356,0.9778884587572068,0.9653833948833853,0.9536866745773692,0.980682945453399,0.956066427848137,0.9585664397741522,0.9744336277009173,0.9203223773952425,0.9184825964751347,0.9326709740698635,0.9763319129675712,0.9823431760292356,0.9563086683746159,0.9527065301882509,0.9805071904485768,0.9798452023959574,0.9500106285237787,0.9643440693107674,0.9736358265482045,0.9574804803995999,0.9669086126702506,0.9504208474078966,0.9856089381456069,0.9449873192979985,0.9446184153607854,0.9369028533635407,0.9683836661326755,0.9484521122460134,0.9835825893552641,0.9331826008258487,0.9662398803325546,0.8828129639653212,0.9425661374822064,0.9810090973514578,0.9472852909948599,0.968595883380817,0.916813665584483,0.9747450291005634,0.8780711435933469,0.9553162188055475,0.9314175719115075,0.9111597058587473,0.9281507531858474,0.9481553030708153,0.941130347792926,0.960246268607861,0.9363229357188723,0.9519705309837372,0.9239784448679252,0.9667675803749999,0.9945205352377956,0.9624482492636884,0.97251710369325,0.9621578158904139,0.9558185788651075,0.9128970057076861,0.9573321226780777,0.933188829044685,0.9736935179879761,0.9437540608823171,0.9468560808318,0.9436394969661922,0.9414080632877065,0.9311139277533205,0.9355824677059963,0.9396168632971463,0.9422556592954665,0.9182665227986251,0.9646498251332365,0.9288626581188278,0.9218347977524429,0.9704376046509731,0.9795805600870068,0.9439021754462433,0.9572879164627367,0.9092585514474373,0.9556197533071157,0.9204977840178609,0.8043311278818885,0.9223911850405141,0.9238365930484921,0.948008312601938,0.960347960854192,0.934439512871614,0.9365651901769206,0.9455065461288966,0.9280115062830339,0.9188308171370446,0.9312209127453462,0.9526947680827027,0.9870991512488502,0.9254840543639153,0.9391380976579665,0.9767443667040369,0.9249486686223775,0.971120512939196,0.9271370310624796,0.9307305900624575,0.7624862180281017,0.9091357988442414,0.9999999999999996,0.9273063117555431,0.8935315841497311,0.9329274142188252,0.9162394668586122,0.949946363442053,0.9092021482639774,0.9508252842430347,0.9356294124139553,0.9191219722295687,0.9373675041188372,0.9093967205216927,0.9472304867918403,0.9315466556212371,0.9285176707303819,0.9150198805362555,0.9573646187007319,0.9045341050486425,0.9705746892638594,0.9363315396047075,0.9049320524100533,0.9891758477460505,0.9138443278127171,0.9004525258658009,0.9257685883367437,0.9344087202882038,0.9360615480622994,0.9130395704503371,0.925176033860037,0.8949652698949936,0.942286424246835,0.9244769737879647,0.9381458807187931,0.9654587240195199,0.9131164281469815,0.9864988381328053,0.934101636392293,0.8957347178945873,0.9654987311337562,0.9699909036967891,0.9625931474994086,0.9299151559202483,0.8963950304605075,0.9334112204582597,0.9387951630866851,0.9532855742446064,0.9689674078036908,0.9475392310958188,0.8619306617295411,0.8823279090972734,0.949482813339435,0.9615919833809762,0.9014996665648852,0.9202370363173809,0.9484048469719225,0.7816404544733875,0.9521947486661608,0.9560710703834395,0.8383810145060071,0.9299416491951414,0.9328524476191296,0.9630217979076204,0.8616393774918549,0.5992202900378999,0.8654087854601874,0.836820060070806,0.7210354159330992
Dyker Heights,0.7208522574006803,0.7859500962029666,0.9303874836493776,0.9770377531309888,0.9051609796310893,0.8895589835389192,0.9211410026170864,0.7433157460135313,0.8540761665039613,0.8509805861463048,0.8749260524644096,0.8026509959410034,0.9674455329534747,0.9685050640281002,0.9404172733728362,0.930791135066253,0.8613437431834107,0.9512380049940314,0.7457482224205283,0.9511334935456357,0.9816216955107444,0.9883036619618266,0.8799785193769646,0.9279908397010184,0.8902282571488369,0.9612384625655411,0.7504271237826414,0.9729886434669197,0.9272000182431831,0.9919285347477221,0.9657402121860933,0.9730353050094436,0.9501176490129051,0.9362901253549549,0.99539667217543,0.9010742034267236,0.9718987110258871,0.9375516044083128,0.7910804318957003,0.964936849637352,0.8912108760585014,0.9656148636312228,0.9948262006599128,0.9180940947066152,0.9312405913900527,0.953890723689317,0.9960484581226808,0.9822317165536245,0.9381756812746427,0.99381680528169,0.9715496650669572,0.9970275136096823,0.9661771155577866,0.9980630882104986,0.997736609404536,0.9857780424024266,0.9881963611569136,0.9953177933032573,0.9440021930730034,0.9991505934882817,0.976691290055483,0.8554791595352143,0.9962458284643263,0.9596325791282228,0.9800031149442877,0.9830376339680552,0.9130253321887899,0.9151838801250447,0.6735625722223384,0.9364980858285323,0.997489514571859,0.9807141436470777,0.9924472482564779,0.9874076211817967,0.9963194349566038,0.9797036788422484,0.9983768622959535,0.9946193399308008,0.968379769893462,0.9906356312513401,0.9332299264113816,0.9867563752430798,0.970462972863228,0.992813422014302,0.988817381195742,0.8808478054809239,0.9910295262732449,0.9979456539493611,0.9805237257523463,0.9830634660790202,0.9956414015420679,0.9801627332079894,0.997245057366974,0.988577346969186,0.9958743802237489,0.997791647764897,0.9981299328605676,0.9987703448835733,0.9889891201496488,0.9984115423973827,0.9974882899882397,0.945107437937493,0.937129747635952,0.9961004495033995,0.8403306549152482,0.9916469206775218,0.9920346620703285,0.9993696402225429,0.7976152033375932,0.997206370440035,0.9991791282063399,0.9918070845977182,0.9800650194346087,0.9968244458857723,0.996737796928261,0.9920182424698083,0.9995634102328904,0.9939802232878617,0.9982277639624942,0.9892583337674135,0.9064617503463547,0.9973738301257566,0.9973655220477718,0.8892073714140057,0.9987509755231353,0.9706863611555112,0.9990732685404727,0.9147755690851037,0.6631352499723373,0.8949115719616447,0.9273063117555431,0.9999999999999999,0.9808905805333492,0.998727595087862,0.9972607237197766,0.9942260248105814,0.9942267905590915,0.983940462163631,0.9887834145397792,0.9986402076067611,0.9979666505885462,0.9961016421565034,0.9949188174492465,0.9997073225007078,0.9983817268346329,0.9980196884331721,0.8919608108032192,0.9646660050271346,0.9777896309195048,0.996146976895324,0.7373468720656488,0.9351292854257564,0.9930637425576252,0.9898479204837809,0.9982767531525101,0.9979245573808011,0.9902626048221793,0.9938348234924042,0.9994519136646374,0.9739888099363027,0.9918904644311326,0.9964117245701408,0.9972977756701178,0.9882067011080747,0.9962381738848196,0.8841125267252191,0.9955791694573147,0.9169388067589112,0.9603910686929944,0.9860037850800099,0.9635797191900957,0.9937527804742461,0.9214930445555655,0.9754077295364117,0.9939905767058881,0.9793043274453865,0.9854156483081262,0.9950895625602386,0.9624615273007735,0.9086020210984251,0.9901433878359992,0.9397150496729737,0.9268178600147925,0.9918314106783321,0.9900501535119026,0.6374208316598465,0.9563009762474817,0.976598359471289,0.7393717840091806,0.9422526633795099,0.9797814194506894,0.970904962515014,0.946454337368405,0.46963175203786545,0.8808002139839318,0.6757229714512887,0.6671581928439996
Bay Terrace-Clearview,0.7216449518039812,0.8069924117368799,0.9155942924532334,0.955800432039947,0.8587675232256013,0.8577424642511564,0.86831637263396,0.7045042375184568,0.8252052158509727,0.7926237747522464,0.8428839214387664,0.7261135105591477,0.9635277711387772,0.9732788361711198,0.8944198518070169,0.9281710159999506,0.8506107850175145,0.9066789728426766,0.7261571154476658,0.9057063619119604,0.9438507531750285,0.9739647447386225,0.8562085116049084,0.8772442301129589,0.8268540580252501,0.9154699070524169,0.6717740735905247,0.9613371552860392,0.9042253806290557,0.9658617336728919,0.9177892181087439,0.9700309317112719,0.8918207718229758,0.9034867151973395,0.966026383273731,0.8353141121303885,0.9273207660583666,0.9715732681787305,0.8108137970328587,0.9860094767353674,0.8660928465458824,0.9179580670658561,0.9661261709552221,0.9369167403826028,0.8817752284073083,0.9401973375270208,0.9656001039114244,0.9595890001174644,0.8857168249063687,0.9805199705086463,0.9329826075613127,0.980308546772275,0.9393090225481325,0.9786908339535764,0.9753319199201411,0.9353564123160396,0.9531589718173288,0.9814755932526398,0.903423443172944,0.9762963035159292,0.9426516429281167,0.8962786212703592,0.9751967703915168,0.9349404044574086,0.9265617630792616,0.9529090423382829,0.9435612967616014,0.9052964625305457,0.6083771186246449,0.9514276340882462,0.987684932230068,0.9959080017134869,0.9504480282254153,0.9710992800629928,0.9782053661855252,0.9306562547820221,0.9778622154230567,0.9694684038317155,0.9887672770231472,0.961543587026294,0.885796908576064,0.9745333694157825,0.9317520558763711,0.9630505201700088,0.9516210415165536,0.9034570164446449,0.9598489393816637,0.9771502381353205,0.9437830661591974,0.9379656337974753,0.9827348596183001,0.9826067898912433,0.9799640486301717,0.9931322062902664,0.9708800125986514,0.9715122020658334,0.9763092749214896,0.9862638996834623,0.9678939380930839,0.9684593074309211,0.9919194941487146,0.8859459005372272,0.896129269565601,0.9666967139307172,0.7873163484351243,0.9976897502540506,0.9643499710530979,0.9831220011178025,0.8601486041541548,0.9922617870066223,0.9875171219191955,0.9596888898454673,0.9434264407649162,0.9841923824041898,0.9663409527525215,0.9573120262915631,0.9840646018181176,0.9956383935340269,0.985577453575221,0.947655145727639,0.8470097258676639,0.9913597202182377,0.9821583246812253,0.8323720198142468,0.9816851375686328,0.9323051946425558,0.9764738377263178,0.9348815728747076,0.7172653886868947,0.9221273124457453,0.8935315841497311,0.9808905805333492,0.9999999999999999,0.9868312487966348,0.9868641875092732,0.9692332033877109,0.9958256482884862,0.9430537250656746,0.9419854970041788,0.9864620983343014,0.9773116207356696,0.9930752099970743,0.9748745199159761,0.9779280732552643,0.9818596984629575,0.9862983284866449,0.8199041988307167,0.9901523296646897,0.9449169029228602,0.9684942568064633,0.6780857608099274,0.8801895545664313,0.9966540491091203,0.9977457984251428,0.9897667270915472,0.9701670313491568,0.9578588194061721,0.9959032220596029,0.9771328462416857,0.9975992547966508,0.9507773315916427,0.992101025474946,0.9690355372379158,0.9537411752186454,0.9917222438711399,0.8315223042613927,0.9703685028321684,0.9320495036920762,0.9479497598053905,0.9579920185001889,0.9057298407128213,0.9614519914378251,0.9611622708678568,0.9884891040425552,0.9646603979433439,0.9289027198485157,0.9712128857517229,0.9698842948617803,0.9922400456192088,0.9517838918282444,0.954369374904235,0.9507865911827618,0.9630688768171768,0.9642932362921193,0.9492936540727713,0.6944731105789309,0.9230978897937882,0.9447778504365769,0.766288465918343,0.9720034244385366,0.9301272954022172,0.9177228827748553,0.9825664930080517,0.45611115462091556,0.8104176322241645,0.5908318476450674,0.6888172047223884
Glendale,0.7313284303404883,0.8049561693782172,0.9399739594932545,0.9793528067115232,0.9062725200948388,0.8865528337847675,0.9195768094683765,0.7463845269589062,0.8652841272796904,0.8438093837988572,0.8841086723065329,0.8013266048843555,0.9739186846453276,0.9734717536519756,0.9347079918553285,0.9428533646403447,0.8739696925439628,0.9504646173870196,0.7554816252172802,0.946471664855775,0.9806500919468382,0.9899375000894961,0.8927088309563741,0.9241717921122288,0.8877863742114012,0.9580230366856768,0.7414862749812301,0.9790508674265721,0.9367822021820705,0.9891618414608683,0.9628589245538488,0.9779843632575754,0.9418859668461634,0.9428183977056599,0.9945332804488249,0.8954457290340845,0.9685058635926861,0.9504444296027835,0.8082940840492169,0.9754834749954695,0.9010633003555318,0.9634658426320805,0.9934880620432774,0.9331714264930079,0.9288007048062853,0.9629924966077352,0.9948187461655296,0.9865462996898392,0.9348013078498364,0.996514241407802,0.9727961422777565,0.9978052292236886,0.9701599878683149,0.9974944330587211,0.9978070570710506,0.978996834145171,0.9873639962154768,0.998183322940759,0.9487088241383514,0.9977017122283425,0.9788522595063375,0.876698751972337,0.9944301138288643,0.9654648993727151,0.9731083951677412,0.985441500082962,0.9276794223738548,0.9278555596981639,0.674250264328426,0.9509911218313556,0.9996794436464588,0.9854895608852374,0.9872077013366657,0.9917756944691274,0.9950378503065538,0.9749012156522711,0.9965253943388963,0.9953907702561157,0.9783949589230491,0.990453609219327,0.9341618480957975,0.990789173272811,0.9719388372056101,0.9929043213530382,0.9848979952139941,0.8981005907921692,0.9907326627599801,0.9981517383863695,0.9815741092376595,0.9760777725553642,0.9984633841479477,0.9873253308078835,0.996759851792129,0.994849690280164,0.992626928816537,0.9969534106349415,0.9983138753021306,0.9990445573513538,0.9919012873055699,0.9950756204520805,0.9989757221562076,0.941481081133285,0.9422967337402708,0.9950626975287347,0.8449951187571931,0.9953028908201019,0.9927745017223967,0.9988701311415068,0.8218889002379123,0.9985755841837379,0.9995195765782239,0.9879964082395697,0.9809369110139842,0.9989745184116048,0.992833601423363,0.9902613462430606,0.9993238018459973,0.9969308453174032,0.9995709139583137,0.98450429481964,0.907668113392907,0.9994937886203776,0.9974653801094062,0.8916352341043624,0.9985509714334987,0.9675026551483327,0.9976714625026569,0.9294744132403664,0.693525293053389,0.9135744455819601,0.9329274142188252,0.998727595087862,0.9868312487966348,0.9999999999999999,0.9983119312242409,0.9951195028803231,0.9968388027006295,0.9823260621419065,0.9824380122086859,0.9990753722648713,0.9972099575186225,0.9977343645364928,0.9967131530650958,0.9982033028239247,0.996931667355785,0.9985388095794477,0.8882579332558138,0.9760416040631511,0.9804478219969768,0.9925178329395739,0.7411394524408109,0.9335601271192401,0.9963724013632177,0.9938733133955203,0.9992785314372805,0.9957061263099076,0.985165807482848,0.996238012388174,0.9978654495751167,0.9802713974771106,0.9865708823373248,0.9977441009546795,0.9957726742745444,0.986103778931073,0.9981865332750985,0.8897437406788373,0.9953634211995438,0.9302307829423083,0.9697919685096743,0.9857417680597341,0.9567293678678538,0.9903558428779726,0.9371604846681397,0.9848176219491533,0.9929046195574803,0.9743494881048127,0.9880150180681276,0.9931042127910157,0.9716403350433821,0.9243788746599363,0.9857454722367051,0.9534855687858441,0.942875375084874,0.987173362632411,0.9875184440404057,0.6664309588234693,0.9563920368262533,0.9749777267310544,0.7636643206707783,0.9575592904064195,0.9718806391248745,0.9685704656068717,0.9579947877024287,0.4858696260774805,0.869385407395911,0.6701780406320301,0.6863126342893053
Queensboro Hill,0.6948330525875399,0.7746859249576759,0.9224725697688572,0.9668324157156474,0.8824532206416076,0.859859516417846,0.8979959400384818,0.7074646964643695,0.841387172259558,0.8143848553703378,0.8616151232437123,0.7715926800359957,0.9601939610640393,0.9611081009491892,0.9158474858022219,0.9271393309292671,0.8482980319720125,0.9332844554426087,0.7179422421859427,0.9292077733685027,0.9702607086550183,0.9814555381505315,0.875592385273834,0.9024848045635233,0.8643409246369583,0.9436153765024916,0.7057673065403256,0.9672037283156953,0.9223162929425772,0.9824038576972176,0.9489644294931504,0.9655696518166649,0.9262721889882783,0.9287182350930153,0.9900785934928704,0.8720238644331871,0.957958711110864,0.9390055220915067,0.7779489985895723,0.967685722294525,0.8796267906677022,0.9503046942498553,0.9869453897611494,0.9170872429671044,0.9084142510165356,0.9513944875388054,0.9909879685787514,0.9814087211736349,0.9152870610432069,0.9904654995250799,0.9635973445580217,0.9932036926994047,0.9566614933579636,0.9932429525571592,0.9941585122305358,0.9760215911022376,0.9815705374798175,0.9948888899620297,0.9374479251827044,0.996744006658469,0.9715440814400079,0.8613195637060203,0.9892392732218139,0.9528350970209387,0.9652578871460945,0.9792126773005451,0.9118120914435132,0.9121655672588119,0.6400397030814001,0.9394067196747927,0.9986055071636127,0.9812927540041761,0.9863471539703096,0.9893394326855217,0.9899391562805463,0.965303676060767,0.992355919105637,0.991295088716852,0.9720704721414596,0.9846071315084131,0.9161858461834376,0.982098432069941,0.9620390569285432,0.9878197436209739,0.9763045746603247,0.88092415887968,0.9881929309393003,0.9975223777477562,0.9759326776645519,0.9677567270947912,0.9962352711452521,0.9803126127648004,0.9935716705443092,0.9929576279336176,0.9867851282812286,0.9952942401348982,0.9965439429363921,0.9995958927228888,0.9851535712662925,0.9934669676698242,0.998141793809922,0.9337866502432539,0.9305619584270164,0.9936059475013618,0.817974169091184,0.9952630803424826,0.9876157327149299,0.9990719532461846,0.8071771686479693,0.9968916504189961,0.9988441524297881,0.9802044116888551,0.9747351881494881,0.9986819711724256,0.9882160119527141,0.9855991369351916,0.9985371697984659,0.996084397119826,0.997718184370962,0.9783310996216149,0.8893176464094841,0.9984909237291584,0.9951762037002199,0.8702711193732783,0.9992133385773873,0.9540881870505248,0.9977602673709771,0.9138816779517452,0.6714186219307928,0.9026425607586969,0.9162394668586122,0.9972607237197766,0.9868641875092732,0.9983119312242409,1.0,0.9935403316424684,0.9967925906867455,0.9765693333813426,0.9777021329602207,0.9997281650961997,0.992727515750149,0.9978209793964631,0.9953811086955038,0.9968329556375668,0.99296930813799,0.9997976629114298,0.8669669727588202,0.9745693819452472,0.9762894598836298,0.9870383670769519,0.7047107892040589,0.9185676233923717,0.9961715633325874,0.9950970961776485,0.9981875208112508,0.994986080516578,0.9773566924398734,0.9945715945534581,0.9976622992087412,0.9773307079295186,0.9823677026752636,0.9950891525732823,0.9949509990647835,0.9790741442223079,0.9994204809002528,0.872845194167854,0.9936564619376741,0.9204749820562925,0.965134256288938,0.9751865237238602,0.9444561421195791,0.9856499379862961,0.9269332841156936,0.9800622285687073,0.9933147801123012,0.965594885611891,0.9794563841570255,0.9887956526962052,0.9742376007580589,0.9124857907455021,0.9777061018703948,0.941627009286674,0.9347726019724009,0.9808325724162149,0.9844996140441472,0.6346114651350491,0.9405347134120485,0.971212927668309,0.7403002034115095,0.9509651192226893,0.9631713845111887,0.9633170159255229,0.9563583320708715,0.4527596739434389,0.8492921929358946,0.6517467535090504,0.661426597783646
Midwood,0.7293754458304963,0.7995567081940587,0.9470018114360802,0.9800715671581386,0.9185869503692243,0.8798937041693453,0.9317706536624494,0.7537622519599695,0.8833198914188962,0.8482098900513259,0.8997540740069223,0.8297594294877153,0.9685813164291038,0.9605579410356101,0.9364314167980806,0.9462413920950875,0.8802127560916838,0.9600939694422076,0.7624234386528835,0.9502510785609226,0.9869844052863035,0.9863751169104166,0.9128166865713874,0.9298136196138662,0.9072426969649956,0.9664562036811934,0.7563750731784074,0.9794497712827377,0.9506066069529825,0.9863495612814306,0.9719843642461677,0.9705759333656135,0.9482887055498784,0.9574636284698955,0.9978269474345101,0.9081478572581368,0.9778425796315303,0.9312573215321368,0.8040951398233834,0.9617404567944324,0.9138866582577797,0.9746853637649248,0.993929829938607,0.9267238908612672,0.9385275698434699,0.97037090936054,0.9977459521129926,0.9936546723508783,0.9435387881169566,0.9938988160363623,0.982678770363658,0.9950932525444959,0.9764973530216858,0.9941954891056328,0.9969203542115679,0.9873619782942432,0.9953924114773924,0.9970298009051776,0.9679042477846768,0.9966137495313674,0.9884302026343715,0.8638469178700711,0.9898383745302781,0.973417068077239,0.9802284602212274,0.993972487065014,0.9100579854142393,0.9376227682496713,0.7063212130825283,0.9480164799473283,0.9951386817812755,0.9674460372394611,0.9923635624868059,0.9951180385864363,0.9893318322259246,0.9820625484401179,0.9912208512722225,0.997675624557399,0.9639336561358971,0.9954817154609326,0.9503488256527036,0.9878579187832489,0.9825347066245437,0.9979532239795947,0.9860372741073816,0.8895054585722675,0.9984786858418468,0.9978564401328945,0.9942555140255276,0.9777017620119868,0.9977326256545559,0.9795831647835774,0.9932922699881654,0.9874498985169013,0.9867615618804887,0.9984591584132394,0.9988778916213596,0.9934776169517654,0.9943310124169233,0.9943780977528139,0.9905407399090649,0.9646467924239529,0.9619616923236837,0.9991935162378814,0.8661343432049746,0.9828166746296568,0.9961224947760696,0.9943407235259983,0.798092158976923,0.9889757763756423,0.9932296764150307,0.9858229347387093,0.9902747495142028,0.9972564529041166,0.9903218715869502,0.9936193648769382,0.9949371313198935,0.986386493663464,0.9946327463424887,0.9891068817132472,0.9324965077373034,0.9922052999440059,0.9940481237615038,0.9139272902087976,0.9960960084881234,0.970563032704203,0.9965385683060786,0.9191114293641663,0.6864531782947965,0.9076642692555056,0.949946363442053,0.9942260248105814,0.9692332033877109,0.9951195028803231,0.9935403316424684,0.9999999999999998,0.985084224616198,0.9897877371636431,0.9866538501430336,0.9937810656109591,0.9925972817202386,0.9871777402415317,0.9996535403490754,0.9957088250521301,0.9888626937645766,0.9931141274455433,0.9089108992396225,0.9627515677587285,0.9941227961157182,0.9880690056891696,0.7630890795527541,0.9534063723701658,0.9851654773620305,0.980897967145305,0.9921265939165875,0.9969934303677402,0.980211777282285,0.9831036071547191,0.9956958400228964,0.9591233705971902,0.9903173592509541,0.9872877180951907,0.998465252778942,0.9910573199061923,0.9905093787827256,0.9203310896337649,0.9960957198881069,0.9205622238487037,0.9807666316896749,0.9863368055806964,0.9668503083899086,0.9881609322588419,0.9171123969419279,0.9754397282866812,0.9985313171935671,0.9816797808459512,0.9867060771197937,0.9924209970175616,0.9518189103025451,0.9006737853627719,0.9850983490080641,0.95201042505649,0.9269910853952538,0.9786799289464652,0.9958405033273061,0.6547014990602955,0.9555572348546973,0.983260862647459,0.7632088558623464,0.948365137709838,0.9729232021598179,0.9863769759185737,0.935096164918513,0.4913598021312655,0.8697719669822445,0.7164424008908149,0.6738799251064868
Bellerose,0.7143878654331979,0.7962967767021488,0.9242052124777361,0.9672663699619107,0.8797982391560478,0.8702604969079625,0.892986242640361,0.717443257335777,0.8394538366434466,0.8166156099221519,0.8594916877510606,0.7598128555870499,0.9673015526994325,0.972391304314118,0.9151655977991148,0.9317026878523175,0.8560868909398801,0.928267860490119,0.7306634698584394,0.9267265259483735,0.9640397970096345,0.9827060007887486,0.8695936210581318,0.9009988075002373,0.8550897315147934,0.9371812321735802,0.703395047017837,0.9691708883480283,0.917758967267843,0.9802607247532087,0.9416813793776181,0.9729400932047201,0.9194331610830953,0.9218741477878658,0.983259040422795,0.865685475496368,0.9490106164494225,0.9579841057024162,0.7984350329348622,0.9797579795399031,0.8793137393501416,0.9416175882567671,0.9828287369835554,0.9302452929897977,0.9043091633764604,0.9497194975816473,0.983860027805089,0.9745146109571953,0.9107613967921215,0.9901705067859546,0.9551096083767516,0.9914683094384706,0.9542104027785457,0.9911220673754111,0.9901585392751195,0.9623010367345955,0.9722358776667807,0.9922728160049188,0.9253475788265991,0.9910939597511429,0.9628443314841871,0.8814034312881829,0.9879487747409544,0.9496072743795095,0.9545180343374955,0.9709575432085386,0.9323229031570288,0.9125355440892572,0.6306817083742877,0.9476231943756211,0.9970075022356788,0.992130573335925,0.9744497548890486,0.9837837142222977,0.9896332733665546,0.956316474312315,0.9909646231237484,0.9855994356836536,0.9835802479888367,0.977724423113824,0.9079834213229617,0.9837737732761166,0.9535537574832266,0.980491034100784,0.9715445551857576,0.8968237621508555,0.9777782325536212,0.9917762695897128,0.9640943167191758,0.9612098617946518,0.9929026148692319,0.9859473571830638,0.991218307080325,0.9956990792130498,0.9858830775475144,0.9883143835088755,0.9908078281520553,0.997070877733819,0.9816288735463776,0.986854799683092,0.9989255977311104,0.9140663617728039,0.9185177635215983,0.9846817772985866,0.8122748039415094,0.9995479802167198,0.981625493318266,0.9956110768917561,0.8361525650771156,0.9988287969046582,0.9974780137965806,0.9774251862181741,0.9650588146573249,0.9947766421353051,0.984082182227515,0.9781437705673,0.9956470595472536,0.9991048918219595,0.9963011474140987,0.9697148265181701,0.8753449895209046,0.998788609287053,0.9926409292939438,0.859900552451711,0.9943103445772509,0.9508951625606215,0.9916146838419119,0.9290634833259352,0.695698962980416,0.9143926008310475,0.9092021482639774,0.9942267905590915,0.9958256482884862,0.9968388027006295,0.9967925906867455,0.985084224616198,1.0,0.9667948980720034,0.9677039868833717,0.9970601188772731,0.9913011248049147,0.9996098486388674,0.9885686139745717,0.9922952768677004,0.9935181772494668,0.996946658297319,0.8547462132576723,0.9836386748054781,0.9638149954211984,0.9847952817408815,0.7031662148599737,0.9054613956430684,0.9994943072832357,0.9992554883994587,0.9979840351248992,0.9872204668385922,0.9758933634311932,0.9994306873892812,0.992250089423968,0.9904373845421433,0.9731227085383558,0.9980883768721062,0.9865247014614467,0.9719559298091764,0.9988777939403901,0.856480272463723,0.9873735642241698,0.9313698088658084,0.9579011752959397,0.9734238782873964,0.9339907552484612,0.9812905091343365,0.946921243736031,0.9869665212495196,0.9825622716441389,0.9558958087009606,0.9796814734940461,0.9843710957804808,0.9848783620088096,0.9358620290981845,0.9737137879232044,0.9485936124371388,0.9509757242744231,0.9811673697950364,0.9726040154159038,0.6668402163737837,0.942040456336859,0.960895805178422,0.7572320334530483,0.961712590014115,0.9565260991225275,0.9460771749476776,0.9721491560663361,0.4669120733130779,0.8466582695448126,0.6227768880308777,0.6847181640067778
Fordham Heights,0.727616546112375,0.8120484175507164,0.9546921676804688,0.9769596381963918,0.9402592279071292,0.8938979197455055,0.9548517767712479,0.7850871129087916,0.9081075279668042,0.8748816405584323,0.9281257659829849,0.8723118764186172,0.9643277027558886,0.9462567210125943,0.9458627081797731,0.9488108168438244,0.9001554966598626,0.9732972059030814,0.7851016975029769,0.9584815046224107,0.9923936481052474,0.9742641636603218,0.9281866569464695,0.9533485137815546,0.9306799797291816,0.9705231854826558,0.7980349525250359,0.9762722865140325,0.9616577482944435,0.9767470637278282,0.9834635638551762,0.9599649512633457,0.9623854520698398,0.9735039576662069,0.9920094282778315,0.9402733194674022,0.9753792917520564,0.9102674009714625,0.8012392990952854,0.9448739570123406,0.9351328871360501,0.9833164063961963,0.9916612536791646,0.9211350656400149,0.953305107376662,0.9723611811047157,0.9946100066418504,0.9919200422970698,0.9651287043564266,0.9847524043649919,0.9963075301712174,0.9834837504774988,0.983367852956958,0.9833128977653215,0.9923503813265625,0.9869243625539765,0.9893996676915812,0.987548511444785,0.9792271562156989,0.984402395153282,0.996569767185742,0.8647671645897291,0.9790904272162384,0.9826465291592996,0.9902497643209276,0.9954560095427164,0.9068661400213529,0.945407081188132,0.7184812995014144,0.9394687926909903,0.9819355592641803,0.9431757988341517,0.9900437007007687,0.9894605345722141,0.9774938762455001,0.9923575217341132,0.9819779740685846,0.995179294210493,0.9490288828527231,0.9863851876443179,0.9614455509800678,0.9853342877528166,0.9950954494163928,0.9937576724305854,0.9876199742831656,0.8993376092883694,0.9875308451803451,0.9892205789150916,0.9912835289971729,0.980112490648136,0.9839486714641928,0.9739401949667821,0.977680162324506,0.9699654957642594,0.9824211119149301,0.9918515104626853,0.9890504015314505,0.979456901018318,0.9928571905439688,0.988933284887967,0.9731729592433818,0.9588890262852253,0.9766815587452533,0.9913353965824576,0.9058886643523315,0.9610312336770561,0.9969547064263533,0.9822361711364787,0.7992630755174347,0.9724854129693254,0.9786564269227077,0.984848927802498,0.9985085983251535,0.9827228814871469,0.9865458570290154,0.9985336096624295,0.980914828729942,0.9650636959343011,0.9850959454057568,0.9870998617480974,0.9536851955867882,0.976700763031887,0.9767112771810518,0.9450190336052838,0.9813007622950077,0.9715469814604194,0.9849650121171494,0.92257889249724,0.7026016640867542,0.9068719958696885,0.9508252842430347,0.983940462163631,0.9430537250656746,0.9823260621419065,0.9765693333813426,0.9897877371636431,0.9667948980720034,0.9999999999999999,0.9923132918358111,0.9789493789205022,0.9896401571325254,0.9718275376756202,0.9878884780394432,0.9846490231293292,0.9806174587986326,0.978527077375296,0.9486109301097864,0.9414496094550573,0.9885526739622721,0.9842718582334516,0.8137500162861834,0.9575769767982985,0.9634931277146505,0.9590432263990247,0.9753642911629438,0.9859670318431513,0.9811241953426972,0.9656708268056284,0.9855599699285515,0.9326169595619977,0.9870721247062462,0.9709921102525428,0.9890552233387767,0.9841331746368281,0.9721901116478233,0.9338995524116515,0.9941371035898298,0.9318758321410536,0.9721220754247146,0.9869370611714982,0.9775057300136489,0.993834496098373,0.9052144182377311,0.9608204300776607,0.9858552900846091,0.9954480505646208,0.9730270956777787,0.9795657304399285,0.9283128803230085,0.8920162901125284,0.985565276652939,0.9441831589272004,0.9145536679904553,0.9820468196935035,0.9966896271022054,0.6619476110107771,0.9800732391550626,0.9617180564615765,0.7885263638937825,0.9250940166655702,0.9856742882858185,0.9923956754765637,0.9190647511589499,0.5783114502888317,0.9250672921787031,0.7019819991613521,0.7283023178019651
Allerton,0.7211051293438715,0.770378237871696,0.9278600090968169,0.9740079728008968,0.9294049838762699,0.9056422121975556,0.9484599327143582,0.7753898989336678,0.8679390446068647,0.8884759221972547,0.8904223217928957,0.8547635828555253,0.9537430283842776,0.9471498296489862,0.9598530268535796,0.9186135660823201,0.8636157715425246,0.9687741778912666,0.7628731813264534,0.9688577528859977,0.9895499796000149,0.977257108239067,0.8849370648498223,0.9542311027081547,0.9259346445879111,0.9766683758816053,0.8087192893064171,0.9632874683983734,0.9289036683747444,0.9881795321725149,0.9833734187843063,0.9570900620545821,0.9764619726739086,0.9449254875498909,0.9929039673012219,0.9398127815933479,0.9833437323695197,0.8961294946940056,0.7738982978567168,0.9301277081843617,0.9002202432149173,0.9821455758037866,0.9936150418923031,0.891272707101195,0.954347992056959,0.9462953728441449,0.994388987155115,0.9762735089830069,0.9637992406640955,0.9811502065905401,0.9807267717297421,0.9855077031258636,0.968881891768385,0.9882744085097507,0.9905303259716661,0.9974831718234779,0.9900521848364752,0.9815039886878192,0.9553265263178292,0.9897422117420066,0.9809583509199716,0.8163496041193885,0.9881778630734113,0.9608745846553184,0.9979226409491023,0.9830402802951147,0.8793180243248638,0.9086933362149302,0.718427521324541,0.9090194528894002,0.9794411645092653,0.9468307704755583,0.9971871311633234,0.9753550738539402,0.986126110195588,0.9955705726098089,0.9896683732629321,0.9896942788474159,0.9335680397281584,0.988153674028032,0.9528305730661781,0.9758536525335091,0.9799034162261631,0.9911049919034614,0.9950119115679421,0.8553584133828439,0.9878935685886787,0.9875227927564147,0.9838368191283982,0.9946715881060777,0.9799898400659828,0.9585201557361915,0.9848371919405037,0.9609878692770519,0.9918329322122975,0.9917741116356854,0.9887213951883806,0.9816444668913501,0.9829152127557131,0.9951216342825263,0.976052357784281,0.9643315178792808,0.9496231788588206,0.9917898290871534,0.8743891621928425,0.9617005862379474,0.9898434455923446,0.9851514735847735,0.7455411207498316,0.975970776366177,0.9820314313532713,0.9939163572281882,0.9854862661790172,0.9799531122477595,0.9956119921965748,0.994927002262498,0.9850206152317047,0.9672860857770779,0.983037240510741,0.9964842297517277,0.9360210639671145,0.9765441957870109,0.9828549232829238,0.920535946898075,0.9843483100971194,0.9802654606700931,0.9890830356069562,0.8885240115496129,0.6248545775532438,0.8611726542204392,0.9356294124139553,0.9887834145397792,0.9419854970041788,0.9824380122086859,0.9777021329602207,0.9866538501430336,0.9677039868833717,0.9923132918358111,0.9999999999999999,0.9811084129252882,0.9904362692028861,0.9729622498960211,0.9837517751330176,0.9900175309321078,0.9871907747883608,0.9799432705466911,0.9348246050906474,0.9230995410636393,0.9773902605230008,0.9937145069878297,0.7842434252493615,0.9570158655852679,0.9647591298788643,0.9580945278705636,0.9789477330927082,0.9917760189871331,0.9930481082870914,0.9680043482075205,0.9896830901958327,0.9338187194012224,0.9976191168573532,0.9753202401246125,0.9917227605467197,0.9903085947409077,0.9729253881842833,0.9073956896277742,0.989669757488336,0.8922975685362262,0.9465869695821675,0.9869294629477212,0.9869451669507184,0.9954442445469935,0.8774917889241315,0.9443410425105144,0.9879499208145648,0.9961990856844659,0.9740205578022199,0.988876246333722,0.9160905591401002,0.8640508269774309,0.9950068951334693,0.9149167600776787,0.8836404836838282,0.9911582879725885,0.9953772752989924,0.6014279415902594,0.9677337984015871,0.973185190872191,0.7192503554020604,0.9003271644295643,0.996328592626697,0.9863985866076462,0.8995806340347499,0.49686838556510265,0.9257001311830845,0.7212284621632955,0.6581037462415956
Jamaica Estates-Holliswood,0.7033747302093615,0.7797883659707596,0.9253868068405408,0.9703459972505816,0.8893357144184173,0.8697111012820157,0.9049516814713021,0.7187331029121982,0.845374737289363,0.8256325996814211,0.8659543813577076,0.7801766823344457,0.963366283674739,0.9645449063633538,0.9234643556777028,0.9290227394143619,0.8531182511448931,0.9387137518839683,0.7269422912331008,0.9359319392597547,0.9738070587631421,0.984047146300726,0.8768696523170804,0.9104924179629402,0.8715830360090637,0.9487388677480711,0.7189005804761291,0.9695785456496363,0.9239637924869455,0.985620959741682,0.9539699509819711,0.9687471269136719,0.9333786608397034,0.931098739832442,0.9918148112187847,0.880712714316981,0.9617965284615805,0.940393180588666,0.7831215432727935,0.9683496262476267,0.8835231465024136,0.954707644043483,0.9896813920387736,0.9187701373845485,0.9152294718144922,0.9525622993049835,0.9927171832604046,0.981852833907285,0.9223018590263031,0.9920749227785861,0.9661666983689523,0.9948328355135886,0.9598785145665061,0.995168361277204,0.995721970614994,0.9786144898328576,0.9833736994889952,0.9955427885075541,0.9390617794840739,0.9977521996873219,0.9732269141127966,0.8617525826619538,0.991846673394804,0.9552654160142912,0.9696199554797962,0.9804433247538661,0.9143229433882156,0.9135719137402976,0.6484539152844394,0.9396331896112747,0.9989218081393166,0.982503306218222,0.9880974763490218,0.9891402817586803,0.9924323987126278,0.9696476519789976,0.9947528555330027,0.9926458773671057,0.9725287773084447,0.9863904814069211,0.9209265462384639,0.9843044789411209,0.9646852030480202,0.9894157812630009,0.9803384172117192,0.8828283763473851,0.988814483189038,0.9980359541452972,0.9769655735173948,0.9724775068613952,0.9964654224936867,0.9814694173777315,0.9950706801846582,0.9925604078593949,0.9901730405997716,0.9963034533520411,0.9973163192583258,0.999974361079789,0.9867465914065886,0.9952703734826124,0.9987322996010712,0.9358501506240737,0.9322367982344726,0.9944060199252679,0.8246680135673186,0.9952323196102798,0.9892884517648465,0.9997249326251499,0.8073256326537863,0.9978578448489043,0.9996021639062593,0.9841383860405066,0.9764419078241597,0.9985638751997575,0.991204245088431,0.9878524244923209,0.999363369639622,0.9963549974197642,0.998586384108668,0.9815611206553433,0.8937355567516174,0.998934563974771,0.9962204296821391,0.8756357595137488,0.9994590766556029,0.9592025382889844,0.9984654443002593,0.9159694136931855,0.6713312459170866,0.9019497475846032,0.9191219722295687,0.9986402076067611,0.9864620983343014,0.9990753722648713,0.9997281650961997,0.9937810656109591,0.9970601188772731,0.9789493789205022,0.9811084129252882,1.0,0.9950277507629464,0.9982861622139689,0.9954128577127073,0.998094390542017,0.9954060412230685,0.9998833404653306,0.8741743101907301,0.9730345198401817,0.9763517337840927,0.990336227416295,0.7145218405922137,0.9226802205574414,0.9961961593014451,0.9946298935434423,0.9989071338648036,0.9959902174725189,0.9818474544078595,0.9954781023433741,0.9986001779528572,0.9779380385926577,0.9851936881483143,0.9964104175734873,0.995750269520965,0.981747475289937,0.9992137808087546,0.8751481136684482,0.9946713855156595,0.9213322212348791,0.9637202177455955,0.9788749905890911,0.9499151777786549,0.9887177321777804,0.9275008181377061,0.9798899487260697,0.9933737829247932,0.969794221988383,0.9816398816246752,0.990883643707828,0.9724475170302236,0.9138189961610054,0.9817931574229397,0.9420377918560635,0.934333239274687,0.9850661621921679,0.9860519725442568,0.6378314175269898,0.9462905272860382,0.9722593189930584,0.741948651026477,0.9496071580292985,0.968501849982897,0.9649550340769447,0.9555656196778318,0.4601365951924136,0.859784049025943,0.6556030325484985,0.6662172233506148
Tompkinsville-Stapleton-Clifton-Fox Hills,0.7423036114871354,0.8140059380418383,0.9458221045669503,0.9836096743267786,0.9235402731023241,0.9060264798067429,0.9377377350400959,0.7727486492036582,0.8779791863253046,0.8700199423135098,0.8986476408431355,0.8281703559161457,0.9766418802893444,0.9735430313030056,0.9499916629334846,0.9451926977095345,0.8859861926912052,0.9631693080622751,0.7749307662331419,0.9599654570327235,0.988120494933532,0.9900600644062347,0.8983254115447357,0.9441980545804545,0.9067437737076555,0.967765137902585,0.7755333755960289,0.98109206788167,0.941916817558106,0.9915789636801651,0.9746717532651022,0.97892146842246,0.9582719173614948,0.9509958918266785,0.9957854667377614,0.9195024797964174,0.9743727284373594,0.9442307796941483,0.8130001985355879,0.9698856001991107,0.9126125793298777,0.9734549652942803,0.9973212234518924,0.9321025182481468,0.9442692049554536,0.9645651990918521,0.996923656280093,0.9865251381511163,0.952760825927997,0.995964699046759,0.9811145702532023,0.9967791780294076,0.9769357764911567,0.9972970303002527,0.9989744948122569,0.9840557117089243,0.9887564721313169,0.9961159443023649,0.9546325483650361,0.995891465964993,0.9840400739640348,0.8748082137407628,0.9954259473997362,0.9715823090551564,0.9840009087533963,0.987860584858087,0.9283977252682373,0.9311350709749304,0.6912943676419542,0.9469979979370501,0.9959839776885353,0.9791027469429148,0.9901651505912241,0.9895065129289351,0.9954356058250344,0.985577885356275,0.9976594629731333,0.9968521000287345,0.9731477603374384,0.9907162307280505,0.9451046199815564,0.9929780150100299,0.9800288325283787,0.9943568944332142,0.9921984263511983,0.901753569931187,0.9887679309395929,0.9965012894098627,0.9825954477497526,0.9850660924074632,0.9944587696285331,0.9864798888322105,0.9944608446374104,0.9881799912947103,0.9969126324333578,0.9968388620578303,0.996704720990021,0.995420058219856,0.9937590578132531,0.9967820130784106,0.9944205350757391,0.9440081367214987,0.9493016179890722,0.9943338864100083,0.8672349098671273,0.9880950426584172,0.995763057308182,0.996366152133955,0.8190044294453955,0.9948404135241554,0.9962674768908342,0.994279882450568,0.9863536807503559,0.9942880258776433,0.9968538084453408,0.9956947013308859,0.9964586738411092,0.990448201117376,0.9979257292926338,0.9896875336806796,0.921366294161902,0.9952329124209158,0.9938837488780391,0.9095654192419989,0.9946188445943137,0.9761697321092911,0.9955980738961776,0.931753648847377,0.6944032605978115,0.9099719974560951,0.9373675041188372,0.9979666505885462,0.9773116207356696,0.9972099575186225,0.992727515750149,0.9925972817202386,0.9913011248049147,0.9896401571325254,0.9904362692028861,0.9950277507629464,1.0,0.9935471509189,0.9932442010695267,0.9971015108394888,0.9983201614084843,0.9942748336979169,0.9123444206174741,0.9657060028449994,0.9790349937863543,0.9969159881034243,0.7714765324485793,0.9418463756794827,0.989354666606122,0.9859344218135332,0.9951924944433308,0.9944040447332697,0.9929670851228667,0.9919137160573515,0.9965824162913033,0.9720345164222297,0.9908284053608886,0.9945844818580895,0.9946000749869319,0.9886087339310852,0.9921063760015382,0.8974879752402222,0.9965855538907761,0.9332825191020618,0.964291251482129,0.9917352542411297,0.9695051005125045,0.997333813641131,0.9321286750778729,0.978906649182874,0.9896301008090429,0.985899712760008,0.9869687016083386,0.9927837373345542,0.9603963853583076,0.9213876420535454,0.9928079758025153,0.9501153739443534,0.936215572768237,0.9952125132032026,0.9908654202784172,0.6695826308291776,0.9727215404397641,0.9705759133838907,0.7709014380959657,0.9464497597690849,0.9850572682396073,0.9738013070439407,0.9501529384261306,0.5216659789131645,0.9037302435706088,0.6733751733453206,0.7075638442787479
Rosedale,0.7066522230065729,0.7904975406575425,0.9237952005855606,0.9674133812130579,0.8821576116417627,0.8701504287659783,0.8966437644705595,0.7166146569685881,0.8405090115934211,0.8193756480130882,0.861728803202613,0.7654109157419042,0.9657034574462778,0.9692613599033936,0.9174055861394882,0.9301279792100486,0.8548775311307686,0.9311147807148872,0.7274381255538713,0.9291139764735256,0.9670753065134889,0.9821935887032821,0.8706122313411516,0.9047001030490226,0.8589730952015919,0.9396351039531964,0.70784815516661,0.9686766891567513,0.9190310909951052,0.9814621852589867,0.9454181452489256,0.9708018094867041,0.9240012349724835,0.9247115750727031,0.9856466438761093,0.8711235250548598,0.9514299251103275,0.9518614487825682,0.7906627680615796,0.9760547462994767,0.8803873573856282,0.9450745949519724,0.9851988403877769,0.9259430033618556,0.9069550110781431,0.9499270818549137,0.986856069670607,0.9765977771910107,0.9148127182885911,0.990542325134497,0.9594833957882117,0.9921562691453446,0.9557510585068294,0.9922291862706684,0.9924411510917635,0.9673634599121181,0.9746106039388938,0.9932786802811008,0.9287893062028764,0.9930576086151811,0.9665877117883523,0.8763588601353602,0.9890151099707702,0.9514378024778537,0.960061703142219,0.9737910549665302,0.9276973192585595,0.9120704828275791,0.629867762626651,0.9442875214126535,0.9978126394156814,0.9889446319507242,0.979170263609714,0.9855806782233772,0.9903619178562529,0.9611061189811019,0.9924570082233511,0.9881900827553005,0.9805773966817053,0.9792612341954989,0.9103926620250326,0.9842916041156134,0.9576068957003399,0.9829241977919928,0.9746062126060483,0.893978844432236,0.979975039774498,0.9941016368818832,0.966915013573935,0.9650808175187136,0.9935065397103233,0.9853500454359577,0.9917830164677933,0.9945998325165663,0.9880040725752726,0.9910687688373497,0.9927613340046734,0.9984147794594691,0.983360941704632,0.9901392407064892,0.998983144952329,0.9175437717596254,0.9223065134151678,0.9875075829755379,0.8164636720021218,0.9983388903930306,0.9845794315709544,0.9974104122424455,0.8296699000655222,0.9987745354838402,0.9984000539558838,0.9800101316126941,0.9693116283873003,0.9957551943735571,0.9869393188905053,0.9823444247478574,0.9968858944116429,0.9980803685353471,0.9976533290040969,0.9731635779789783,0.8797315646667176,0.9990603792216688,0.9930208329887658,0.8646892185083859,0.9958766866991602,0.9527222625517366,0.9938969006274235,0.9260735476572509,0.6894280157389324,0.9112233585809472,0.9093967205216927,0.9961016421565034,0.9930752099970743,0.9977343645364928,0.9978209793964631,0.9871777402415317,0.9996098486388674,0.9718275376756202,0.9729622498960211,0.9982861622139689,0.9935471509189,1.0,0.9901556142484892,0.9942600526797047,0.9949330923451871,0.9983165067602076,0.8620101734036769,0.9805007126244508,0.9662975744391488,0.987261345188499,0.7068273110260999,0.9082056068352409,0.9984346868991323,0.9981987648893952,0.998272589707947,0.9897432916220507,0.9788176212170887,0.9987573008841325,0.9946569420219447,0.986626552016289,0.9768708807915752,0.9977923902999364,0.9892425193855847,0.9739385646884471,0.9992009660651103,0.8594441807949994,0.9906619790201755,0.9312411006944876,0.9581926821088866,0.9751245724104849,0.9388037952989539,0.9855281064505157,0.9418249994254937,0.9848716258958302,0.9851511345596141,0.9614595363563976,0.9788669588250815,0.9856134199814842,0.982241710181432,0.9305708689537556,0.9766917256096421,0.9455752927650187,0.946509829481761,0.9844643649031918,0.9770333637572741,0.6568569655583789,0.9460494729871117,0.9613974567390432,0.7541111665015353,0.9565678612757422,0.9620662366334711,0.951404090561117,0.9690029723104752,0.4723241230421278,0.8566499761480013,0.6235235034427942,0.6857097457155562
Woodhaven,0.7293580793211488,0.8042725377532136,0.9476115042635079,0.979774849842787,0.9146317094023134,0.8776013180645313,0.9272043507364073,0.7496286994334144,0.8818555720741663,0.8421899159509525,0.8982784169396753,0.8214286951635011,0.9707346288049293,0.9636198235853665,0.9325107191910859,0.9485546257068053,0.8811995613711546,0.9566918319673217,0.7607541722417979,0.9464931636559735,0.9848685244743127,0.9870073243133174,0.9121917055652767,0.9256981602677781,0.900736152400528,0.9626118051630026,0.7471415257278666,0.980619075375135,0.9503512856311557,0.9855418283426993,0.9683201848707604,0.9726419257450717,0.9430730632990214,0.9561087815763434,0.9968812483523471,0.9019614609409504,0.9741367172778066,0.9382982864836183,0.8076782335852842,0.9674539712051964,0.9132050503639425,0.9709228169452817,0.993161586714313,0.9317843740527363,0.9341338382496988,0.9713919184884149,0.996864521291627,0.9937898990913345,0.939233047761309,0.9950830641033067,0.980953393780268,0.9957562516750234,0.9757625187322039,0.9945508454809492,0.9972249640116612,0.9836263073763087,0.993381164281193,0.9983317175285965,0.9653137081635443,0.9966227768045153,0.9872298336421634,0.8724599050409372,0.9898837791634938,0.973172566531544,0.9762612763153291,0.993081182416259,0.9171641505288685,0.9390178640070221,0.6968472224295812,0.9527274349112486,0.9970604075347448,0.9722680865637213,0.9900193336051222,0.9962612837137605,0.9897713302641605,0.978615192098577,0.991543503945859,0.9976016085036896,0.9698149280057068,0.9942141443596832,0.9461529061551128,0.9893561889908853,0.980648420292285,0.9969584309265915,0.9840310616973321,0.8958505077267338,0.9970309935590841,0.9984010855053578,0.9920888263440499,0.9745630288317755,0.9989970546934149,0.9832559296230322,0.9937593634959557,0.9911796692420604,0.9865726388562708,0.9981980699908253,0.9990889678372786,0.9951059104690069,0.9946713727103149,0.9936804300057425,0.9929146773796725,0.9585016761006937,0.9594396374580778,0.9983638745283412,0.8616250346117728,0.9867487816571616,0.995758273691616,0.995487529223871,0.8099220027950965,0.9914394392388353,0.9948577860325377,0.9845441967518941,0.9888053424000393,0.9986995321582167,0.9894234147895599,0.9925020345550468,0.9959931367459253,0.9896082666723229,0.9962976659224368,0.986383992110172,0.9268598827113277,0.9945953470805061,0.9947945001570264,0.9089915376032127,0.9969636812386041,0.9678305600838185,0.9967135796694158,0.9249991930851612,0.6965108006552867,0.9145972290278571,0.9472304867918403,0.9949188174492465,0.9748745199159761,0.9967131530650958,0.9953811086955038,0.9996535403490754,0.9885686139745717,0.9878884780394432,0.9837517751330176,0.9954128577127073,0.9932442010695267,0.9901556142484892,0.9999999999999999,0.9959354905561247,0.9898972548816717,0.9948794771955335,0.9022783478462242,0.96938029986565,0.9924728641623008,0.9875294814506806,0.7570709137832564,0.9478805113613924,0.9887137106536414,0.9852084218110159,0.9940631608855414,0.9963264892441297,0.9790376728617926,0.9865906770607241,0.9959919555212092,0.9651834499599338,0.9877825269388318,0.9897840297851649,0.9977903602007229,0.9890136090463487,0.9931412473685249,0.9151960452605192,0.9962748524045009,0.9266805927733516,0.981890175098309,0.9854657081551618,0.9617782206543635,0.98753109696826,0.92559517235256,0.9803418115577645,0.9975468420175204,0.9783103853692063,0.9872117606917261,0.9917336677468896,0.9593816574077458,0.9097332609466467,0.9833139179286282,0.9561603900266806,0.9350756599406725,0.9785612502504618,0.9936354023935253,0.6637843045311579,0.9548179378314564,0.9808990970054449,0.7698991545925525,0.9549193636800364,0.9696992451367674,0.9822325635987886,0.9436737881259116,0.4937449914126868,0.8646857773164579,0.7035594024875215,0.6813019782540805
Pomonok-Electchester-Hillcrest,0.72304956174733,0.7831526775700671,0.9308842551345871,0.9779812714737809,0.9076928033563452,0.889797685158735,0.9236514741317385,0.7454341600684801,0.8557380949206703,0.8534575755621299,0.8757743778061862,0.8077914426934991,0.966527772695718,0.9671214429191798,0.942507509212573,0.9303469868102565,0.8608326293882985,0.9535453916893807,0.7473589539567453,0.9534154867221187,0.9831632000918467,0.9888846121159255,0.8819919399858447,0.929362535669247,0.8948228420996795,0.9644157807612395,0.7548387630363683,0.9730794303352833,0.9284511844232913,0.9929620479835702,0.9680604132862002,0.9724911449519456,0.9527461105255565,0.9376480484623289,0.9967150031785457,0.9036578197591307,0.9755490578584686,0.9339388341305495,0.7907209058897989,0.9619997345636022,0.8919675489638768,0.9685190683701106,0.9954424393527681,0.9158488697816235,0.9341554456473139,0.9543972149747432,0.9969451902001571,0.9830893145171904,0.9401004796262111,0.9937251095800809,0.972366795524474,0.9973599725330177,0.9670681174835182,0.9983749018795001,0.9976542126126494,0.9885342183282212,0.9908147325920853,0.9951898292364614,0.9469098993152937,0.9998378945405917,0.9776532091841587,0.8497994222735773,0.9966067654524603,0.9601581868058727,0.9819311485875283,0.9843474960931009,0.9079688916142898,0.9154913365363813,0.6835128333940783,0.9348755202891484,0.9968377619623052,0.9782241416104493,0.9941003523177975,0.9874729199204229,0.9964402462289744,0.9814613438795899,0.9982580297190817,0.9949574237371294,0.9649359571802356,0.9928136741293137,0.937110728650238,0.9859291086930227,0.9716268093501685,0.9942564561627155,0.9899070056454101,0.8760567672276118,0.9936185527991573,0.9980393816827192,0.9834936459247295,0.9847048792405082,0.9959820450320339,0.9777863933313063,0.9979174107940373,0.9871352132832915,0.9955375372790806,0.9983974172181227,0.9987252040266541,0.9981091874840482,0.9892128963075277,0.9988277480359858,0.9965291356662516,0.9520153780029426,0.9397288669672491,0.9974714492790347,0.842595063784935,0.989768619315269,0.992378454847628,0.998912397128642,0.788770737097511,0.9960139275810215,0.9985735769317085,0.9923014145128106,0.9810440601477004,0.9968823305556316,0.9970604427083635,0.9922757909018641,0.9994548999175211,0.9927360761896605,0.9973137112680616,0.9913938792803632,0.9111653396034186,0.996364045726385,0.9980208860955545,0.8923552443688985,0.9989732179192268,0.9728370786876305,0.999521074940515,0.910556897648981,0.6563825343284201,0.8908625919989736,0.9315466556212371,0.9997073225007078,0.9779280732552643,0.9982033028239247,0.9968329556375668,0.9957088250521301,0.9922952768677004,0.9846490231293292,0.9900175309321078,0.998094390542017,0.9971015108394888,0.9942600526797047,0.9959354905561247,1.0,0.9974028257668558,0.9973158579166518,0.8948366678758131,0.9613310667143512,0.9807955477911541,0.9960934024049687,0.7400613972392436,0.9407280737244265,0.9915530167976239,0.9876230472667671,0.9976672029443577,0.9991311305886962,0.9901340875080679,0.9917463330264039,0.9995640976985387,0.9705993339439574,0.993805653664206,0.9951402525573602,0.9985226185185802,0.9906329773485302,0.9951963175326297,0.8900465672515442,0.9953473835823069,0.9114018140524051,0.961968681336362,0.9866777034805846,0.9667438354301552,0.9929476264570465,0.9159332158969637,0.9729930263332444,0.9960314906963645,0.980600920560051,0.9865366165508258,0.996513706531892,0.9577279914926409,0.9020349885399229,0.9909641473691578,0.9385226431954085,0.9219122421638093,0.9903081717626793,0.9918550801700964,0.6322728319592563,0.9545010551890375,0.9809977875993661,0.7342975137151925,0.9400945996943052,0.98028830643807,0.974576214405978,0.9402838645628051,0.4617084516027039,0.8784250362846677,0.6910854310918935,0.6570965376228581
Marine Park-Mill Basin-Bergen Beach,0.7449483052466478,0.8029138148747988,0.9344078133100687,0.9814069308312258,0.9139432891612004,0.9089401213211875,0.9286491410988296,0.7659859346694213,0.8584623962717026,0.8692195746833188,0.8792121864102601,0.8105448362404298,0.9740109817922462,0.97757273840823,0.9511090642492186,0.9343039042226848,0.8712250128803506,0.9562572488711782,0.7662435472466838,0.9595433591608784,0.9825926471879979,0.9915068509998212,0.8781081251487911,0.938407984552563,0.897050784421147,0.965488137293486,0.7702296846156291,0.9760073840963487,0.9261716778795356,0.9944057903138389,0.9688067482035334,0.979971723105557,0.9568284853651465,0.9351135225016641,0.9931292721971028,0.9105261908022874,0.9730323976269959,0.9466331491093617,0.8089561110324488,0.9693375008113672,0.895775753760501,0.967317885782985,0.9951950118604704,0.9251536911288887,0.9392757373926933,0.9532880983687536,0.993341391978375,0.9777152410349036,0.9456686802634622,0.9942403464678632,0.9693343760843349,0.9969067774816186,0.9684397181503663,0.9981564399620595,0.9959752468533516,0.9817459823284208,0.9853851220936282,0.9929470116128915,0.9395790197413982,0.996065125719244,0.9730910478349348,0.8626594594899392,0.9978774008558374,0.9600551938097553,0.9798638442817603,0.9792034431732739,0.9238618153431997,0.9160596032303193,0.6856879403658043,0.9388737682060946,0.9948718951545965,0.9854763475176916,0.9875094075456706,0.9821987406659272,0.9981964294228372,0.9804357308897452,0.9993419575675752,0.9918256430663557,0.9718394391580669,0.9889258398383504,0.9363623736765384,0.9887798729188598,0.9685744048989305,0.9901226101237623,0.9910763997025299,0.8883520770809767,0.9857917218529003,0.9937044954119142,0.9753425256655464,0.9856824120150356,0.9925001257688778,0.9819439387651481,0.9967775796669808,0.9868997715043507,0.9984921307500698,0.9939027267070684,0.9945854195214842,0.9957099539287966,0.987742360227191,0.995819580441945,0.9964607608365211,0.9394055829880078,0.9326588339285551,0.9912461332116483,0.8470474357039216,0.9911382117244271,0.9895680176357796,0.9963113995803023,0.8076508939908889,0.9972663694083211,0.997386655475002,0.9946840139474248,0.975947868646737,0.9926584461355249,0.997299529294935,0.9895425361460339,0.9973009472692171,0.9935808298256273,0.9963903116650562,0.9887252874192125,0.9063535125340865,0.9958166965944597,0.9960958204420365,0.8916879998200581,0.9946609782336918,0.9761409182273427,0.9951036419516806,0.9224289535920607,0.6716274031379528,0.8965372910086454,0.9285176707303819,0.9983817268346329,0.9818596984629575,0.996931667355785,0.99296930813799,0.9888626937645766,0.9935181772494668,0.9806174587986326,0.9871907747883608,0.9954060412230685,0.9983201614084843,0.9949330923451871,0.9898972548816717,0.9974028257668558,1.0,0.9943061761351694,0.8960062170612052,0.9637894457911842,0.9708034318312191,0.9980321514509316,0.7516046434314098,0.9355368488089648,0.9923069450552727,0.9884028427886685,0.9970887674238275,0.9939384474470198,0.9943632716575426,0.994942213652218,0.9960515276464676,0.9786074326611051,0.990250995371005,0.9975690950785685,0.9926368074325767,0.9878617562219761,0.993200512520898,0.8802150484903061,0.9915999919962091,0.9194928636527165,0.9533394857197128,0.989207045315209,0.9660249411915397,0.9936375658339079,0.9287750075969043,0.9758880621535344,0.9873760443943881,0.9791365698550448,0.9877442751083146,0.9947846225448609,0.9612635884729506,0.918396868987482,0.9927578666205081,0.9419077530418049,0.9307983864556691,0.9957325921740917,0.9849088733149424,0.6564570055217157,0.9630718776919068,0.9731668556687487,0.747163342270266,0.9433448603690795,0.9825945475599033,0.9639939117092253,0.9488738123700953,0.48328721653226736,0.8921667293147723,0.6729933720673097,0.6804817141487957
South Richmond Hill,0.6940175728689284,0.7753385968139977,0.922700321559309,0.9672968822368943,0.8845323798997875,0.8632805907621406,0.9006025005207293,0.710471055170308,0.8421632008828828,0.8185259094091003,0.8633415051418672,0.7745404441547994,0.9606806655259511,0.9613263076848055,0.9183646277868408,0.9269032488680331,0.8495214912215729,0.9350044689833689,0.719294357347996,0.9313110089712417,0.9715768900667477,0.9814309640514144,0.875033365858327,0.9060560005101265,0.8662476164851193,0.9446610010692941,0.7105612479013387,0.9673230809197492,0.9223189000394573,0.9830969626052422,0.9508307537114877,0.9656812431767324,0.9292195149388,0.9295774369315166,0.9904704941219342,0.8760273915089459,0.9582290764309929,0.938223196151928,0.7767854162510035,0.967205160808026,0.8807495541881086,0.951548675408758,0.9880668514576392,0.9165315908547422,0.9103865477294294,0.9510997536885063,0.9917975404371546,0.981351229341364,0.9183190181768673,0.9906601979274469,0.9653426073571697,0.9933368081435648,0.9575654426614902,0.9936706352445019,0.9950594990514965,0.9771673810017534,0.9814115170451558,0.994937430213817,0.9375187245542292,0.9969438768254856,0.9726045307190556,0.861522682812242,0.9899192765186557,0.9536844378529831,0.9677097005778654,0.9795736697926548,0.9127386998252185,0.9118286703494294,0.6384017251593207,0.9383154820943252,0.9986661108297668,0.9810320190451712,0.9874922165460362,0.9892494768398609,0.9905483172713418,0.9675348699044105,0.9933224874163636,0.9920389406712625,0.9719948151804576,0.9843130244075042,0.9167578403885792,0.9829340490566605,0.9635401681701941,0.9881159726215378,0.9780335472635489,0.8821801316055627,0.9874768158844027,0.997916846575171,0.9754672088854537,0.969844718025623,0.9957414130321637,0.9809712486339998,0.9934508953547414,0.9923443264840415,0.9885108674091202,0.9958349182626872,0.9966818154524801,0.999892673569913,0.9857255066286913,0.9946309797660119,0.9981687903697479,0.9322785689150733,0.930933708798315,0.9937457280930497,0.820837677682183,0.9949549967034033,0.9886342944421384,0.9995682538298264,0.8081574393499462,0.9971388932496247,0.9991147803466077,0.9819715560861384,0.9759911421077223,0.9983095260675008,0.9897604335083732,0.9873797681632193,0.9987364110225281,0.9956905155168203,0.9983384215821314,0.9794020415234547,0.8901625612288696,0.9985605251697799,0.9947996066348052,0.8723755313727164,0.9991456824989023,0.9553406461331586,0.9980607763694599,0.9148818651281221,0.6715390106318994,0.9023350851319288,0.9150198805362555,0.9980196884331721,0.9862983284866449,0.9985388095794477,0.9997976629114298,0.9931141274455433,0.996946658297319,0.978527077375296,0.9799432705466911,0.9998833404653306,0.9942748336979169,0.9983165067602076,0.9948794771955335,0.9973158579166518,0.9943061761351694,1.0000000000000002,0.8709194646279281,0.973552430244311,0.9752694137737681,0.9887319029550723,0.7085600359467557,0.9182355802518897,0.9957794975053647,0.9948183341548144,0.998201434324049,0.995168091490593,0.9797680649414504,0.9949576907250526,0.998258331447864,0.9769803814871446,0.9834788400302092,0.9954297342554945,0.9951133478223632,0.979218633297102,0.9992496208182429,0.8717165569535903,0.9947789048569857,0.9226371683400001,0.9632975045377706,0.9764346871892532,0.9465524855264421,0.9882616913066969,0.927075609843738,0.979604582332439,0.9927530845850026,0.9682672990605289,0.9789046537366067,0.988850433091428,0.9739293842907835,0.9133348183600394,0.9795443845638253,0.940541629081371,0.9344354267516974,0.983898294960026,0.9853832582516114,0.6340107728175289,0.9446648027745315,0.9692299372088732,0.7415636762372062,0.9487445220730719,0.9666649345470864,0.9637624594653582,0.9569278060670465,0.4611696355136815,0.8580272453418457,0.6463655529026571,0.6678669263692568
Concourse-Concourse Village,0.8127731288218318,0.8549539514869993,0.9500416328729776,0.9415941979383932,0.9831076947167866,0.9287671555676311,0.988668827492173,0.9044014566107798,0.9553468790306976,0.9458263895596049,0.9666638367456953,0.9780604836127992,0.9237581396762389,0.8889781318551871,0.9530117116543604,0.9282985982445385,0.9374333026813246,0.978610548963493,0.8899154243214814,0.9589716794616732,0.9588750436373304,0.9130054343130699,0.9420376366641107,0.9807192035942269,0.9856888423207552,0.9610895812552058,0.9243980113030108,0.9346684782417122,0.9531029588742321,0.9126971868830968,0.9735477252013303,0.9103051657828106,0.9632467015234035,0.9672134227150132,0.9243123028045342,0.9902341239730061,0.9475906028041119,0.8355399953753612,0.8436825297120005,0.8611776209660407,0.9617458787278628,0.9715446593533502,0.9309076280284636,0.8866156582106962,0.9766546266552174,0.9387977912452167,0.9245024269029514,0.9298143569867537,0.9849832067542066,0.9130706272871374,0.9628154217599749,0.9060120620306936,0.9612656358784311,0.9047420966633936,0.9150191631805121,0.9261405185147745,0.9342795310608434,0.9050663333748438,0.9658308540187526,0.8942818908336592,0.9517946071257808,0.8209298842890825,0.9043308034418087,0.9582593496600518,0.9525819640299338,0.9422833313426733,0.8585611302862416,0.934933919521134,0.8522799319721212,0.8874175842699934,0.8847997378011874,0.8397757996720429,0.9134128443927142,0.9091349229113523,0.900210060327717,0.9608542348323306,0.9019190441985401,0.9240119149623753,0.8584093269715619,0.9262399502725128,0.9783666620844483,0.9260180538140751,0.9653082611740688,0.9308814149905533,0.9404980507097747,0.8719256408805787,0.9157193965622651,0.8981288224389825,0.9411515503140778,0.9357025402741249,0.8963028587201121,0.8982910257716739,0.8931123567558029,0.8692668980567371,0.9116112211125664,0.9089889088514972,0.9038819023740996,0.87509215353009,0.932639052826257,0.9053716698726837,0.8697097944500632,0.9378249241896878,0.9669817324803025,0.9109470329845664,0.9811192420710402,0.8466080614314857,0.9328776186817161,0.8817709541407674,0.7413314838252518,0.8716602319716802,0.8786383513139742,0.9290197974324014,0.9492943230868035,0.885479112393555,0.9151237978157476,0.9352705924078625,0.8843850469040081,0.857191842339348,0.8923910562657873,0.9334410935276664,0.9876719832825209,0.8753281684706994,0.8873057003722118,0.9919670475652169,0.880620397527404,0.9492957329159197,0.8902212582063573,0.8835150859662145,0.7093185437402015,0.8501574419647114,0.9573646187007319,0.8919608108032192,0.8199041988307167,0.8882579332558138,0.8669669727588202,0.9089108992396225,0.8547462132576723,0.9486109301097864,0.9348246050906474,0.8741743101907301,0.9123444206174741,0.8620101734036769,0.9022783478462242,0.8948366678758131,0.8960062170612052,0.8709194646279281,1.0,0.8284257308923295,0.9313716243663636,0.9140585056310206,0.9445948386221825,0.9662432672173545,0.851601126282473,0.8381928142642426,0.8751492600165869,0.8988231625185809,0.9234943063457514,0.8595095154518839,0.8912434724720837,0.818516102239626,0.9234974348901973,0.8735640689655289,0.9039705409008723,0.9315084930903649,0.8599672257944234,0.965320229154521,0.9112023911870173,0.8703462765923105,0.9089390290750068,0.9448215543130439,0.9650003500726803,0.9251267937272354,0.8250960423539718,0.8695718515275477,0.8982024757887329,0.9613235612120401,0.9140680889089329,0.9056089680269541,0.7904181898220394,0.816500754255224,0.9337439383937932,0.895734668793754,0.8292896859221203,0.9133946899170364,0.9323273250326335,0.7077078190419278,0.9674978400303655,0.8961783055402218,0.8094547658740673,0.8384193049920132,0.9456100786415094,0.9527607807429501,0.7972779251222463,0.6954007495495385,0.9564100495962187,0.7825593263620518,0.7582161019701141
Prospect Heights,0.7278659949172314,0.8489521599408533,0.9383014086104422,0.950671358447511,0.8648562960373223,0.8383886855020632,0.8687250634756467,0.7131157385486028,0.8646782648801575,0.7723357785069636,0.8786607380822049,0.7420054666626555,0.966756945788675,0.9635040977248547,0.871460231151345,0.9542661538750985,0.8856252612419565,0.9042196016788141,0.7488863411853934,0.8865689395949141,0.9380506777463717,0.961530306816301,0.8982455596531314,0.8689318670404654,0.826774039078763,0.9010153912075922,0.6570464788528065,0.9672166377653504,0.9332961703554811,0.9435866649502715,0.9096630799333651,0.9646275084714173,0.8681052656719295,0.927494686123582,0.9552134586615677,0.8291942533551229,0.9104650238640627,0.9785218173283724,0.8379647209168973,0.9927932179810682,0.8986026523899339,0.9112548705028781,0.9540807680192548,0.9625406222844263,0.8739215996343564,0.9610116521171493,0.9556825243044174,0.9674602636685976,0.8797032215150943,0.9747325565976032,0.9409441742760326,0.9681130118471377,0.9471155778030901,0.9630583749931927,0.9668930012305536,0.9137330918861776,0.9433888391406845,0.9779764832550583,0.9222981765693702,0.9598534805596899,0.9505456238476286,0.9420560126557578,0.9550783747107587,0.9507087904270213,0.9083802058520415,0.9573202277635587,0.9655024569008419,0.9390001669501475,0.6095724237988812,0.9770892561536967,0.9797320240779882,0.9815087823818054,0.9319552240461195,0.9765932147227845,0.9585469827995402,0.9177563839590205,0.9589021177035628,0.9653564719402261,0.9958168936461043,0.9504624143797705,0.8889487792871111,0.9754064579307594,0.9395680774909555,0.9563708581725228,0.9338339275479745,0.9441677576456134,0.950018823212946,0.9682890767985468,0.9432536529225077,0.9122335500991378,0.9770276317937424,0.9895889834350267,0.9619919993362765,0.9926639244315024,0.9500028881013243,0.9610860789945728,0.9663106051119911,0.9727462477166866,0.969262194746201,0.950802393481349,0.9778975983633966,0.8730439640336132,0.9184942554194174,0.9559712979713803,0.8172464859705603,0.9859635419790861,0.9621559243843204,0.9688248794974064,0.9113627544826814,0.9775821227748319,0.9728975348827305,0.9397299962923841,0.9481636256679065,0.9767297983569118,0.9458473011788625,0.9508659562495014,0.9687824709378685,0.9824643182643676,0.9770125347656973,0.9277090970296947,0.8606602009330045,0.9807149783092689,0.9652463881930682,0.8535064308784204,0.967514698633955,0.9144266985604623,0.9611307325048715,0.9641532595077665,0.7985960878557635,0.964269246294204,0.9045341050486425,0.9646660050271346,0.9901523296646897,0.9760416040631511,0.9745693819452472,0.9627515677587285,0.9836386748054781,0.9414496094550573,0.9230995410636393,0.9730345198401817,0.9657060028449994,0.9805007126244508,0.96938029986565,0.9613310667143512,0.9637894457911842,0.973552430244311,0.8284257308923295,1.0,0.9484984194034897,0.9475950059618748,0.7082182915252023,0.8745719126060237,0.9843866125633108,0.98754268233477,0.9750788237461189,0.9532995751129745,0.9343881137819073,0.9822893031692747,0.9616529639244948,0.9856215566320738,0.9291254313277928,0.9766031051159364,0.9556933879095193,0.9378901702057336,0.9798062261649216,0.8559403282178659,0.9644688751043442,0.9657935801387388,0.9677279026139982,0.9488484360421837,0.8868827814328644,0.9486789491125682,0.9824342483460404,0.9966976736901808,0.9522158256481643,0.9183532289724534,0.9613428808157216,0.9498350845047813,0.9940828233198986,0.9732731937483299,0.9341022813876834,0.9752383387141134,0.9877898202659287,0.9431575893587885,0.9406992878935839,0.759127949502846,0.9273210055864165,0.9237956946201211,0.8375817872830261,0.990731406529755,0.9081056504922105,0.9154728876391718,0.9927269223472787,0.542377808616152,0.8000497752633187,0.5704466724683606,0.7592994639898256
Sunset Park (Central),0.7517196895104443,0.8222604896415784,0.962845114272044,0.9794160326663769,0.9375776391458572,0.8794941392289456,0.9468695404011487,0.7822580526964561,0.9169363400658416,0.8576044636336302,0.928602481789013,0.8680567205265514,0.9666915844601592,0.9487956778768721,0.9354175201543822,0.9592846324415601,0.9049253159257608,0.9695580324972188,0.794554709329145,0.9507535232559176,0.9879188182190279,0.9777888029443841,0.944200582787608,0.9370385992689895,0.9298372351961107,0.9701523336907986,0.780255456736982,0.9812670261208897,0.9709953003405822,0.9737723808183301,0.9767820468301761,0.9641034004125996,0.9475745977831579,0.9760706498745803,0.9912032503457027,0.922401001729366,0.9790907883884432,0.9196777872874345,0.8251959141035042,0.9508104653506518,0.9392983182836352,0.9813247809125559,0.9859275892947955,0.9330646053571768,0.9491020197607744,0.9815944711795791,0.9902722545669634,0.9957969985045712,0.952298842556514,0.9856647413962369,0.9887074211473806,0.9839877053829423,0.9839168849809845,0.9812342276877049,0.9868046182788097,0.9799534732172063,0.9940650986229943,0.9884479669165678,0.9868492572087108,0.9826848649714715,0.9932454883381692,0.8702638964583203,0.9752816418030668,0.983567802625347,0.9756137936627101,0.9967507365487615,0.9059150502686696,0.9575826977700775,0.7516820236484845,0.9536899978463894,0.9811365578063771,0.9446288606259898,0.9817266379940106,0.9917470355766861,0.9740613045729835,0.9804070464828284,0.9754110349129027,0.9915390366294813,0.9510547659217906,0.9917244898054274,0.9678130371882332,0.9827629076098111,0.9897942508275873,0.9943034997157234,0.9781897953979477,0.898033486379542,0.9948227953216859,0.9861249640278948,0.9989967080583908,0.9676643130418465,0.9884755352754335,0.9714723347615488,0.9792036804636831,0.9745768360078804,0.9707500494050817,0.9883204561454748,0.9885597237753048,0.9757895782854101,0.9919941398306327,0.9801654056031678,0.9719057009937884,0.9765601775335927,0.9823714316919462,0.9910813904676458,0.9004040589127834,0.9615147695346409,0.991906719240716,0.9773167615502089,0.7973131968925814,0.9697962791377766,0.9756835619132935,0.9742847629332126,0.9930346876255358,0.9852034409913224,0.9760664360544359,0.9872990319271071,0.978753936228803,0.9667988331846248,0.9803307439391781,0.9818761753579842,0.9594260859613157,0.9754072953128371,0.979782540471067,0.942476590657175,0.9807252866341343,0.968379464788689,0.9819800177936606,0.9219644949897099,0.7136195526749111,0.9148155673238345,0.9705746892638594,0.9777896309195048,0.9449169029228602,0.9804478219969768,0.9762894598836298,0.9941227961157182,0.9638149954211984,0.9885526739622721,0.9773902605230008,0.9763517337840927,0.9790349937863543,0.9662975744391488,0.9924728641623008,0.9807955477911541,0.9708034318312191,0.9752694137737681,0.9313716243663636,0.9484984194034897,0.9999999999999996,0.9728360513083638,0.8054744310992896,0.9696229356978815,0.9648385266583788,0.958656281033002,0.9744605210873084,0.9845407480857303,0.9652172818629812,0.9615154485332913,0.9803279719891574,0.9338264896058495,0.9804241312820422,0.9679463451963606,0.9880810151829479,0.9865730015459634,0.9715578838163085,0.9549926326613025,0.9861877394259301,0.919660369901932,0.9901451156010109,0.9823039850772101,0.968122016353743,0.9754411838218813,0.9071820676566021,0.9656284551621523,0.9901916289302947,0.9797757687349471,0.98095896707237,0.9805783277897533,0.9269527052125093,0.8889639205954903,0.9747520740611048,0.9586434619011062,0.9197223110591034,0.9600349841829809,0.9920554694990549,0.6823436229698919,0.9561267620305297,0.9791238441085577,0.7919392120814276,0.9446003479592641,0.9626656860317409,0.9935038937649529,0.912906008701042,0.5328685278451312,0.8677266668255624,0.7572414279885613,0.6913601556520443
Queens Village,0.7543388556445776,0.7982823424953053,0.9350222856373311,0.9840160424288649,0.927246085824148,0.9215490950233441,0.9428768353830133,0.7847524699334809,0.8645132635905242,0.8905707692359411,0.8851209597186073,0.8344019787090744,0.9714543351210501,0.9735320647054325,0.9646058889893534,0.9305892398738677,0.8731176346036683,0.9667288974866025,0.7784355512021695,0.9718877445918525,0.9883759069007845,0.9913277661780728,0.8799321226025224,0.9523826574893688,0.9158933943475656,0.976677610685722,0.8001185723749505,0.9746571378110027,0.9271755009109935,0.9973337568486433,0.9791211959570303,0.9776887795783913,0.9720225450218185,0.9386466180089277,0.9948323989847111,0.929267504801108,0.9827703563714663,0.9330248561103133,0.8074480517587016,0.9572753914941544,0.8998338302928832,0.9774511899179308,0.9973455917183225,0.9159447367660498,0.9532206467887515,0.9512038445113931,0.9946949929782144,0.9761950224723788,0.9591214091636294,0.9917341269431054,0.9731130245831054,0.995413531380652,0.9714894658913897,0.9974319075066803,0.9947442388216424,0.9895042103106373,0.9895983456611623,0.9891609286111197,0.944989071772796,0.9950364365030034,0.9751194740392057,0.8448495788008462,0.9984055685564324,0.9613181320748286,0.9895574002866757,0.9803988431173235,0.9107738672966655,0.9137586160958229,0.7141366412248696,0.9288595054600255,0.9893933670728576,0.9754574918285143,0.9915213338132468,0.9778906839979945,0.997849371003113,0.9892533406574194,0.9989242578544308,0.9912265657516315,0.9589789597991211,0.9916946751702242,0.9482876745564629,0.9861127239423528,0.9728944818718969,0.9918558784217058,0.9968627388811722,0.876136276507802,0.9877608212744597,0.9910026355542547,0.9792183515107373,0.9942702038802903,0.9885437688324616,0.9738830440692336,0.9955879270505981,0.9774404214546256,0.9998570131993291,0.9932974244371758,0.9929788135374786,0.9906984242514587,0.9867752223684451,0.9966203263233018,0.9903668728237932,0.9528890123369735,0.9378976364727302,0.9917297395485415,0.8611901952313746,0.9814263096605593,0.9898099872704769,0.9924673919646875,0.7828837025459144,0.9913216579830686,0.9928320236445562,0.998859312344118,0.9783929300307647,0.9878441416565275,0.9996896481535417,0.9915212948142712,0.9939916791960925,0.9856632893624151,0.9917768871087493,0.9952928237549606,0.9207672583549451,0.9895290983865171,0.9939545958930768,0.9052939547968855,0.9911840915786966,0.9849505410540161,0.9933410700153446,0.9112848701844479,0.65113567585177,0.8808608117438558,0.9363315396047075,0.996146976895324,0.9684942568064633,0.9925178329395739,0.9870383670769519,0.9880690056891696,0.9847952817408815,0.9842718582334516,0.9937145069878297,0.990336227416295,0.9969159881034243,0.987261345188499,0.9875294814506806,0.9960934024049687,0.9980321514509316,0.9887319029550723,0.9140585056310206,0.9475950059618748,0.9728360513083638,0.9999999999999999,0.7721544867755928,0.9497251697162864,0.9834580928814791,0.9774221056269577,0.9920145403854361,0.9942514463258302,0.9986211198470941,0.9868424413751944,0.9941687261812224,0.965498942655388,0.9959159641264289,0.9919286923368282,0.9927699215011047,0.99295548411579,0.9857696847471972,0.8923083953797137,0.9898734152389336,0.9058415028044251,0.9487507385451337,0.9926857041391222,0.9794377433884796,0.995112975676562,0.9110213248583114,0.9644133561601571,0.9876358200335524,0.9874177624526947,0.9876403413407105,0.9964770660616323,0.9424518766558325,0.9000705365423692,0.9980807941836569,0.933203601975022,0.9129080017179816,0.9972648897405106,0.9886595218949784,0.6421168282670532,0.9674398225698642,0.978037224181917,0.7345606566549482,0.928291387246882,0.9913815915320399,0.9720293853600347,0.9289028460961938,0.4829705765254636,0.9083662239941158,0.7044793627809698,0.6675753072554574
Elmhurst,0.8941810382208211,0.9101904155154086,0.9051333768768265,0.8506851299986368,0.9510944381119694,0.9008252453083784,0.9370707224816831,0.9705891905304295,0.954937920121038,0.9273153284866495,0.9500776483038771,0.9838019015764663,0.8480059126882535,0.8039978495088556,0.8771679533876209,0.8807396212225228,0.9456062764067852,0.9050443305542815,0.9662057191050095,0.8770172339651431,0.8489299905592657,0.8009019323741345,0.911746250986753,0.9216226998905703,0.9478706365756403,0.8695445479899279,0.9467373342513538,0.8494292330173966,0.8951371176658646,0.7815514740008157,0.8776777676357154,0.8252634194339937,0.8647513561404696,0.8981038315085524,0.7864465551658016,0.9392231577957433,0.8376291916339638,0.7688432149299302,0.8991290224221864,0.7678630247763714,0.9402289509939491,0.8751933392876354,0.8002568053708202,0.8491505803900742,0.9174697169412295,0.8626128783287509,0.7818935109604787,0.8086705644223929,0.9162737090469935,0.7902662398807857,0.8523779564394195,0.7722121580677976,0.8791746532640028,0.7657623287835473,0.7735145221843293,0.769532283721405,0.8053564016799677,0.7697605176517536,0.8804869787718836,0.7384587750109574,0.8350091384562203,0.8001766327921025,0.7669677139170094,0.8769500244654992,0.8165992533151787,0.8214615853395465,0.8162209523646834,0.8913842536364429,0.9140645768023826,0.826041259773122,0.7371927793968982,0.7149031321471185,0.7487263664530891,0.7744844510254398,0.7635819379090824,0.837811706172975,0.758650078223337,0.7869707056855729,0.755597365171264,0.7986742157018294,0.9176371130857809,0.8179438263464531,0.8593882650563036,0.7985665037720238,0.8139747397722751,0.8455347572066899,0.773339633142827,0.7438086797287237,0.8173212638058575,0.8019140661458171,0.7570931371721099,0.7897758696005054,0.7506664828426395,0.736453874592513,0.772089786023667,0.7572083646864959,0.7554877086539602,0.7152434537290765,0.8136308718524335,0.7467932039398606,0.7195149903995047,0.8227446821269645,0.8851901487155736,0.7590983199927802,0.979947976737513,0.6985075041805947,0.800600146976229,0.7215218832124694,0.7303929924634169,0.7247353110651679,0.7246751903690029,0.7982555302505432,0.8237486704665911,0.7353102106694195,0.7689304901504863,0.7939553108702642,0.7299691544268162,0.7113977226253334,0.7453620417075383,0.7954191084024728,0.9331436798074266,0.7271453230577636,0.7423509080070668,0.95379569707815,0.7202612239799714,0.8509761879756887,0.7293361198871647,0.8397878569350608,0.7690812366328953,0.7985956269506216,0.9049320524100533,0.7373468720656488,0.6780857608099274,0.7411394524408109,0.7047107892040589,0.7630890795527541,0.7031662148599737,0.8137500162861834,0.7842434252493615,0.7145218405922137,0.7714765324485793,0.7068273110260999,0.7570709137832564,0.7400613972392436,0.7516046434314098,0.7085600359467557,0.9445948386221825,0.7082182915252023,0.8054744310992896,0.7721544867755928,1.0000000000000002,0.8883991679562544,0.703588178099829,0.6850637359374496,0.7251567766768526,0.7406738242995825,0.7889235457394802,0.7146340097317148,0.7305930699317609,0.6918575703465674,0.7745283251590233,0.7310241864355268,0.747869205486941,0.8050857643681552,0.7016136272559496,0.9209693840072322,0.7598641249131844,0.7933233528733206,0.8032725167169996,0.836324857936295,0.8534657207801163,0.778383903408469,0.7585526189771045,0.7581189556728862,0.7394521888173303,0.8330595666422728,0.8059862226153691,0.7655089493505066,0.6451490539858177,0.7582986584419014,0.8031354490823585,0.8337545152203154,0.7539178645777215,0.7708919919185641,0.7842768566205113,0.8160622456434947,0.8826963214482964,0.7621482644762932,0.8486981156957154,0.7565897968873283,0.8091040907889349,0.819996311386578,0.6770401923395614,0.7908096089151413,0.8701040144968301,0.7663596610244328,0.7934704217084388
University Heights (North)-Fordham,0.847788411441603,0.8441358414025502,0.9589167079293048,0.9762148838670209,0.9800284457618528,0.9405087002653216,0.9843481129683346,0.8855036034739329,0.9348250633381985,0.9424040945928821,0.9392999689279149,0.943950792079826,0.9537616193893872,0.9375177599109353,0.9760284992955445,0.9418190392146297,0.9217332469678765,0.989962451197269,0.8797312585877467,0.9830458080174713,0.9804373597845233,0.9624057970673591,0.9353301652940292,0.9755336028356986,0.9858301122373083,0.99207077632804,0.899378485144952,0.9640300308611992,0.9553598283043929,0.9612212081745093,0.9884890251123111,0.9536833115088108,0.9791500843990192,0.9629787192983824,0.9634108687397104,0.973206579108691,0.9899751130291375,0.8842031859456723,0.8680880952575045,0.9040330897130211,0.9467683475044338,0.9919047101626075,0.9635616229380712,0.9092643431814125,0.9890204657699794,0.9560401003825347,0.9577414425138193,0.9559282108158248,0.9831400186097918,0.9534460476400552,0.9647274840097856,0.9527663450048549,0.9758978075977452,0.9510952374960954,0.9478632604170534,0.9620363082036535,0.9767722754519037,0.9443473526433027,0.9736127250557015,0.9428036862337754,0.9625476098242497,0.8175782670418765,0.9520988515501598,0.9655128056607151,0.9699483200230291,0.9655256212427239,0.8714268502773074,0.9392197814501602,0.8823207399158803,0.9152275290816774,0.9294529438318554,0.900767009486911,0.9483367549185785,0.9396430106366606,0.9490447530970074,0.976522312965922,0.9454458501532941,0.9533428876750056,0.8963241817676488,0.9732256239010367,0.9952558839849801,0.9526993988675293,0.9700602036588535,0.9666374684770805,0.9701014859037056,0.8586004475294543,0.9652318383061992,0.9371410420423698,0.9767517792748306,0.9672104895808884,0.9440110088388075,0.9240218943667179,0.9483505387958788,0.9171245826794868,0.9476147569094111,0.946665703759762,0.946758381808132,0.9220539500712615,0.9593182173214119,0.9426667526760854,0.9220652522049215,0.9906773435361271,0.9675022250164804,0.9524685236079566,0.9408202059046196,0.9030140367019636,0.9565367641167908,0.9264140498122847,0.7270682544443196,0.9224914820442125,0.9273815538100703,0.9617982085769726,0.9604859011288782,0.9335799536476976,0.9512474771683067,0.9530042039933814,0.9336295225320063,0.9150711506502236,0.9308493239683346,0.9711826863791806,0.9865752016732928,0.9236290387994746,0.9447372867069402,0.9695170940071269,0.9310899731131564,0.9837135815915721,0.9364565072268554,0.8853449445851491,0.6667489330866322,0.8537954473940985,0.9891758477460505,0.9351292854257564,0.8801895545664313,0.9335601271192401,0.9185676233923717,0.9534063723701658,0.9054613956430684,0.9575769767982985,0.9570158655852679,0.9226802205574414,0.9418463756794827,0.9082056068352409,0.9478805113613924,0.9407280737244265,0.9355368488089648,0.9182355802518897,0.9662432672173545,0.8745719126060237,0.9696229356978815,0.9497251697162864,0.8883991679562544,1.0,0.9089284649209619,0.892991359908691,0.9276277119733012,0.9466333636681125,0.9526294080680626,0.9093940029836187,0.9344666485985218,0.8798008827289104,0.962589441587859,0.924434683438718,0.9482200339424783,0.9771794126924562,0.9123622490050686,0.9757188683207597,0.9379735219764341,0.8529233991559032,0.9442089400738739,0.9733084745632119,0.9856238628510834,0.9408820642843251,0.849482624875598,0.9087437872196036,0.9490077641591942,0.969237315537953,0.9665871322564002,0.9590099421558195,0.8375975524899958,0.8334104070254438,0.9650608545442422,0.9238781143259548,0.854541134566446,0.9340664504298704,0.9603857710669083,0.6909950379107027,0.9483218417558686,0.9705796785418086,0.7606538922701794,0.8894575455100497,0.9564675133330658,0.975361470157053,0.8276054864608144,0.5318511834270433,0.889075213200863,0.8696574569807397,0.6488922345821881
Whitestone-Beechhurst,0.7254760196871904,0.8007059084301721,0.9261108623256757,0.9691199894057811,0.88117453137302,0.8723310356665172,0.8930799244531493,0.7219316339890092,0.8410002392219436,0.8179589498109723,0.859196540258425,0.7604080102027347,0.9691772011255266,0.9753950661026851,0.9163711980693202,0.9338134902682294,0.8580272497147653,0.9288470161803303,0.7368346522718584,0.9278727478032476,0.9635768210447457,0.9848011759032399,0.871227575461665,0.900148506462673,0.8568245937259672,0.9389015655073706,0.7049056014875119,0.9707756383308251,0.9185388529197233,0.9811326441407723,0.9413591778027665,0.9756885192726673,0.9187705847353242,0.9212848323287102,0.9830598342472874,0.864247988991873,0.9510615032126758,0.9617200509412359,0.8069826966036122,0.9816500306703935,0.8800546334440236,0.9420301680656823,0.9821243704612447,0.9334159047023434,0.9057579100315011,0.9508594130833177,0.982682555067768,0.9740597855664144,0.9099628789717755,0.9906926259204671,0.952566214782717,0.9920608308959306,0.9545987960924124,0.9913133279044719,0.9887971608883169,0.9608206197865589,0.9732106098265639,0.9920367440500061,0.9254694896005037,0.9906780260149949,0.9609652580574795,0.8820624632412299,0.9882940031838758,0.9492953894624077,0.9520028068969165,0.9702468664824482,0.9333872829754428,0.9141568703220241,0.6417893173687395,0.9502559253673338,0.9964690935097799,0.9939797537851828,0.9722406404145874,0.9828420020472198,0.9900864131137542,0.9543929767334458,0.9904400349744129,0.9842838008859179,0.9843086537372117,0.979135019632481,0.9103129784453206,0.983551738274939,0.9516440622837351,0.9803412961969704,0.9707092568982586,0.8962741162908564,0.9787816027140133,0.9904202204037997,0.9648548920013221,0.9601334907360504,0.9934382656546547,0.9853312178194654,0.992222614503389,0.9962574720385329,0.9846436596325072,0.9870425084205301,0.9902943438168176,0.9959986614204576,0.9810813085770186,0.9849729306036511,0.9988810626424821,0.9177702643994163,0.9180218619068532,0.983998848132448,0.8115306081346652,0.9998666106226042,0.979987132696644,0.9942994656450156,0.8353337522054717,0.9987257273544353,0.9969127103166122,0.9765222529829458,0.9626963099148785,0.9946539729051863,0.9826619692652789,0.9752558498959478,0.9952193277618829,0.9998401807823823,0.9950458152220797,0.9693462554256428,0.8763973638513961,0.9984715487935092,0.9937654644217969,0.8592519827693855,0.9937924634344153,0.9523261477126177,0.9906381960174129,0.9292146218838516,0.6964038093126093,0.9145659249337337,0.9138443278127171,0.9930637425576252,0.9966540491091203,0.9963724013632177,0.9961715633325874,0.9851654773620305,0.9994943072832357,0.9634931277146505,0.9647591298788643,0.9961961593014451,0.989354666606122,0.9984346868991323,0.9887137106536414,0.9915530167976239,0.9923069450552727,0.9957794975053647,0.851601126282473,0.9843866125633108,0.9648385266583788,0.9834580928814791,0.703588178099829,0.9089284649209619,0.9999999999999998,0.999067092920739,0.9980370669770747,0.986713326751415,0.9741559443047301,0.9991315510388575,0.9908754565832273,0.9920336389577802,0.9722212362112134,0.9981903634075537,0.9858190624216453,0.9732380452644742,0.9984123961823097,0.8597988187726421,0.9848248822851235,0.9273874497249813,0.9596493156266636,0.9735255500610895,0.9334025675739179,0.9775043041519084,0.9478058180267506,0.9876548429110956,0.982632351571446,0.9527797352097975,0.9825123691952018,0.9854357280572951,0.9838539820524391,0.9361102672971892,0.9727280294027032,0.9513181080420077,0.9517196031147017,0.9777911233363363,0.9707957654711168,0.6729739622250618,0.9378433207992549,0.9652241730414682,0.7565615098554044,0.9654961138594496,0.9528472829501662,0.9450398431319844,0.9704378984690626,0.45563903872947575,0.8364635612607988,0.63669558425452,0.6757992842723415
Glen Oaks-Floral Park-New Hyde Park,0.7032613957162308,0.7923768113345788,0.9183146194392676,0.9599255321538168,0.8659959631957811,0.8551737349585363,0.8785148956081479,0.6997102053445987,0.8308162784305287,0.7969150218899193,0.8504115341555953,0.7406898622048181,0.9625012131798809,0.9682176517303587,0.9006712293876363,0.9283612516091918,0.8488212532939448,0.9162813902779321,0.71735989375399,0.9132132636833512,0.9549882884108681,0.9771217258694357,0.8643177907621283,0.885886857246078,0.8387215123764935,0.9251390768082577,0.6792600642025151,0.9642467984761453,0.9123252072140658,0.9727754908566717,0.9298474227528443,0.9680885333770042,0.9042305207283934,0.9146925210331841,0.9770500849413273,0.8481093741468493,0.9383568934679111,0.959482519284892,0.7935289465759872,0.9806646260029086,0.8713599334968866,0.9303005010051301,0.975780701623625,0.9296383888212338,0.8901535304540167,0.9458613096309451,0.9776975348485315,0.9705248569298149,0.8964239145585493,0.9859945271531374,0.9473320311545151,0.9868243286552058,0.9467308415958514,0.9859131253183167,0.9852135343682515,0.9527977928845406,0.9650362830636349,0.9891336022598862,0.9178270355396525,0.9864845808118223,0.9564160109197102,0.885345968754153,0.9818088616395647,0.9433329884413894,0.9430271130219838,0.9652677350280572,0.9327399512029667,0.9088596080734866,0.611372896826521,0.9480856010649166,0.9947745673080434,0.9917341336822122,0.9669935005641863,0.9813320556025112,0.9839610025526038,0.9452933061110811,0.9852610542515224,0.9805172225207247,0.9848159686586934,0.9712165104230893,0.8960313246229815,0.9792672139353494,0.9455666995402316,0.9743678553598883,0.9621321895417023,0.8971698060459853,0.9722590172418568,0.9880998342326295,0.9575059882975241,0.9501484101829987,0.9901728046045613,0.984437415344228,0.986561053238823,0.995816177406511,0.9787372739420943,0.9834259829449795,0.9865870087608704,0.9945282498191178,0.9766796293457507,0.9808047670600333,0.9968609829503726,0.9030928737277792,0.9109985257084119,0.9795058314738421,0.7982586119912054,0.9995219534782503,0.9759560188406088,0.9923591657680756,0.8434436879471046,0.9964723794844281,0.9945651429725273,0.9687663837587356,0.9583620067968581,0.9925528558096067,0.9766908625490941,0.9712217488667718,0.992154600885096,0.9981414286886359,0.993276402626247,0.9604769700880218,0.8624512286017361,0.9968659893703249,0.9886860493712084,0.8466960042488718,0.9912260147790649,0.9398414602704792,0.9874462769772403,0.9287541979213535,0.7019959515547339,0.9178174900732657,0.9004525258658009,0.9898479204837809,0.9977457984251428,0.9938733133955203,0.9950970961776485,0.980897967145305,0.9992554883994587,0.9590432263990247,0.9580945278705636,0.9946298935434423,0.9859344218135332,0.9981987648893952,0.9852084218110159,0.9876230472667671,0.9884028427886685,0.9948183341548144,0.8381928142642426,0.98754268233477,0.958656281033002,0.9774221056269577,0.6850637359374496,0.892991359908691,0.999067092920739,1.0,0.9953981328070927,0.9820124328478387,0.9667845192207388,0.9980597760721098,0.9879522549787256,0.9917687598240862,0.9644510876050104,0.9954152353491297,0.981497111009362,0.9638896334373992,0.9978326728631841,0.8462111865382671,0.982846221946895,0.9324211517950003,0.9567086519329707,0.9653572815385755,0.9204938477157629,0.9740060486126331,0.9504927385743,0.9879203468493761,0.9780141798544155,0.9450633612010612,0.9743985638562428,0.9781042905137936,0.9899053363366717,0.939224803443651,0.9644533549976492,0.948361893141337,0.9551586356104065,0.9732290455948713,0.9654356130091424,0.6691901702037166,0.9320150699700142,0.9542764582962083,0.7585133996884595,0.9654468149541982,0.9447405229529444,0.9371261314731288,0.9771004143013585,0.45937935685294823,0.8282595365008895,0.6050963468151968,0.6836850030889386
Jamaica Hills-Briarwood,0.730517986266326,0.7963557460087208,0.9313946005916007,0.9765844398748769,0.8977112037086133,0.8855904246014512,0.911313271560655,0.7386700309599528,0.8510731379849351,0.8398992400292027,0.8698992653212912,0.786916288089527,0.9711049975252877,0.9749862640951843,0.9329762896231678,0.9349555631213766,0.8628192340037723,0.944022687290689,0.7471443878676033,0.9439439495478958,0.9756335584507734,0.989815222890344,0.8786992697619667,0.917869885405164,0.878920419032093,0.954626509031286,0.7340419331311429,0.9747569031036614,0.9256322209211236,0.9897338982388164,0.9571953493082035,0.9775506995948988,0.9385511685291933,0.9313672801455923,0.9918710224114463,0.8867998380292,0.9660133932599189,0.9516108396508779,0.8041261784295497,0.9748299089921302,0.8886747810314521,0.9577406164213828,0.9909653759271556,0.9280511121411905,0.9232250580665295,0.9549343528135819,0.9915770353649818,0.9802338621021637,0.9278575574991961,0.9946083732841912,0.9639874780654707,0.9970708492594756,0.963352216603939,0.9971598305600347,0.9950616921216112,0.9762233003588763,0.9841304198916732,0.9955745422033069,0.93787990025619,0.9971198891601702,0.9708065678355721,0.8687682462957899,0.9949588144215595,0.9569034357759999,0.9687443284387729,0.978989856930437,0.924122642791425,0.9172892261741609,0.66750518041258,0.945417043457426,0.9985376394939267,0.9891765124254106,0.984500148165638,0.986664156876967,0.9958172714244224,0.9699035551936153,0.9966342970655931,0.991344998274186,0.9773250839975389,0.988294508922331,0.926602100417514,0.9871671065214199,0.9633025328012665,0.9892389944341073,0.9826631956432186,0.8888860585655561,0.9880616778007036,0.9957943233648094,0.9759765962927291,0.9747600411505284,0.9967244232215233,0.9838698147165457,0.997466214617993,0.9938546497661781,0.992425915253876,0.9943393040948743,0.9963013232614395,0.9987982399178126,0.9871641019947891,0.9935561562882306,0.999850652961442,0.9370869159438433,0.9304350062933555,0.9923501333265277,0.8295910759237443,0.9970682881936022,0.9878805683262264,0.9983103115516659,0.8148032199248447,0.999623654816946,0.9997175815099878,0.9868281628348233,0.9732331565705614,0.9975554094064187,0.9919419217425185,0.9852423495036202,0.9992862929110986,0.9986313826961032,0.9980247018556477,0.982503538016931,0.8960310014904689,0.9994565762671986,0.9982223122728684,0.877995436362309,0.9981137808939161,0.9656498226135799,0.9967445222771864,0.9228250608935626,0.6789423781342737,0.904948171669009,0.9257685883367437,0.9982767531525101,0.9897667270915472,0.9992785314372805,0.9981875208112508,0.9921265939165875,0.9979840351248992,0.9753642911629438,0.9789477330927082,0.9989071338648036,0.9951924944433308,0.998272589707947,0.9940631608855414,0.9976672029443577,0.9970887674238275,0.998201434324049,0.8751492600165869,0.9750788237461189,0.9744605210873084,0.9920145403854361,0.7251567766768526,0.9276277119733012,0.9980370669770747,0.9953981328070927,1.0,0.9946675471038484,0.9845440243465335,0.9977634171273605,0.9968772121353904,0.9843127349126005,0.9849364559818622,0.999074182686586,0.9938054374265524,0.9843787514205344,0.998651105547918,0.8771062423289402,0.991463260016209,0.9210451113977183,0.9625290091243198,0.9827180996709786,0.9524410122215402,0.986805438899771,0.9349082831159204,0.9827101970499293,0.9908825580340493,0.9683553149756925,0.9875249265673841,0.9933967799157797,0.9726544088463593,0.9222441381751262,0.9842160816564447,0.94777626668731,0.9394799637189536,0.9861376280358957,0.9826982012623687,0.6572370335429739,0.9483504227545314,0.9757295463213724,0.7478377965889812,0.9557192388132234,0.968461140543898,0.9610833401001334,0.9574615726502698,0.45924011242489904,0.8589000308774982,0.6676224851450778,0.6678351596905651
Parkchester,0.7159178800221372,0.7717245074350145,0.9281771535949985,0.9759165177213764,0.9080466619661327,0.8841642950460405,0.924777366887519,0.7416250169660361,0.8553242242421589,0.852317826565495,0.8748412230045931,0.8133996659155827,0.9609020051974998,0.9597240034089685,0.9417997851908121,0.9259940299764324,0.8555652672936511,0.95441849279583,0.7421843436838609,0.9534149571054341,0.9838212364780987,0.9862384797682484,0.8830991450874407,0.9285047839046819,0.8989104832486289,0.9663284878522277,0.7569176667982662,0.9698922818969995,0.9284294539700368,0.9918145571335734,0.9696882398171611,0.9670056817134779,0.9545188319774072,0.9384950491278072,0.9973513756147356,0.9053980145412148,0.9785963296796786,0.922390746830355,0.7812913371422869,0.953233238931958,0.8902823013875494,0.9710118299794565,0.9946915041556564,0.9073118834753394,0.9352006528058525,0.9527851247169177,0.9974086104910139,0.9834484317734995,0.9406239393652577,0.9911358685134911,0.9733429511113609,0.9955497077487547,0.9660036732258285,0.9966913069748703,0.9963610508153106,0.9925959890917773,0.9932172792276269,0.9933631440274964,0.9505898140471205,0.9996162335325786,0.9787629192351449,0.8366894127126161,0.9946865961712352,0.9591216750562888,0.9844584860817148,0.9855027295769715,0.895021060233228,0.9131392522831765,0.6918002092205052,0.9283998646678376,0.9942917109714333,0.9701593602831641,0.9967508385263399,0.9868061856369026,0.994011877579217,0.9832603734450825,0.9960441636993352,0.994541480601418,0.9560167202268273,0.9940559347326645,0.94017623660458,0.9821947312801864,0.9728367638186277,0.9951576476798425,0.9897456730930101,0.8649756500887854,0.9963427718561436,0.9974485423478673,0.9870093810662418,0.9855702743679098,0.9947057420717238,0.9716249934518045,0.9965455139465755,0.9825463068757214,0.9930398131953178,0.9985926120456929,0.9984694178013485,0.9958807574532924,0.987979939024576,0.9987871254193077,0.99294972901898,0.9610317420148281,0.9432046529797928,0.9988559083539771,0.8440108292322861,0.9843497074764781,0.9920851109771679,0.9971533998921653,0.7705881650299762,0.991885259957962,0.9959836118998131,0.9910390806371019,0.9824997727891406,0.995607627244907,0.9961224121195306,0.9924551692259415,0.9977304359227701,0.9881831427089866,0.9945426311006813,0.9932583281957041,0.9168669159242485,0.9929183681495726,0.996689499269441,0.8958314830914047,0.9981621997528934,0.9729051862028633,0.9993071479947501,0.9000207094745898,0.6415912040963229,0.8816257037729472,0.9344087202882038,0.9979245573808011,0.9701670313491568,0.9957061263099076,0.994986080516578,0.9969934303677402,0.9872204668385922,0.9859670318431513,0.9917760189871331,0.9959902174725189,0.9944040447332697,0.9897432916220507,0.9963264892441297,0.9991311305886962,0.9939384474470198,0.995168091490593,0.8988231625185809,0.9532995751129745,0.9845407480857303,0.9942514463258302,0.7406738242995825,0.9466333636681125,0.986713326751415,0.9820124328478387,0.9946675471038484,1.0,0.9880153556572171,0.9860048857186885,0.9988751541574964,0.9611438489842972,0.9957273942163477,0.9905974473156176,0.9996320722881837,0.9921521259548302,0.9920107888288923,0.8974091060644706,0.9947488355757194,0.9014604082295418,0.9629344628719184,0.9851864516235004,0.9700664983734956,0.9913516472994209,0.9027622355786067,0.9663384345206135,0.9984886133319774,0.9823418495887716,0.9846057187472934,0.9963887347663294,0.9482169564369164,0.8870608002614181,0.9903527582635245,0.9327672685814345,0.9104639787153636,0.9866226306860546,0.9946068401230981,0.6159074693902032,0.9503559491454888,0.9849372086607219,0.7230400774773585,0.9323182460299942,0.9804611900939182,0.9804959581492769,0.9280803139835335,0.45041429294259705,0.8756793437739575,0.7097249711873082,0.6405759502977755
Flatlands,0.7682904382980021,0.8020929571898598,0.9335630562773499,0.9836565509259134,0.9357554898344782,0.9362698195473409,0.9513910815784068,0.8046576288661452,0.8665673015427019,0.9095491375748457,0.8875133173726042,0.8485589521751519,0.969799190126031,0.9723350783836371,0.9743388699788016,0.9264633168729787,0.8763186515333812,0.9714159646069486,0.7929750453219108,0.9795405320773284,0.9882192064958477,0.9886406236962897,0.8756583175781046,0.9628693058694259,0.9260286001697813,0.9808666338076178,0.8249413695663044,0.9714471425796561,0.9230735239332032,0.9961806291424503,0.9827023780473568,0.976124871369013,0.9806533423269699,0.9361632357383524,0.9903356070672901,0.9419401381317639,0.9840738786872523,0.9266984960989605,0.8122017028145039,0.949244399057773,0.9010469338204489,0.979848499470751,0.9949134077265044,0.9109035569585073,0.9614669259239477,0.9455279199612494,0.9900303746602913,0.9687040665541555,0.9674207827316211,0.9865141077762823,0.9705527365929509,0.9903473780343605,0.9705154278037811,0.9930245644853515,0.9893673578187431,0.9875063985564817,0.9857503052558682,0.9817184455789462,0.9411866895690983,0.9886323280705502,0.9705353493832581,0.8363716111126348,0.9955946232687827,0.9584749570062141,0.9913876169245237,0.9748460298307854,0.9067477002756771,0.9089161363028309,0.7307168776205852,0.9205115602024784,0.9809860104402555,0.96868167492907,0.9871702804157793,0.9686191712179055,0.9946999380634749,0.9909960122066459,0.9954484291503334,0.9855261746241621,0.9502707881171948,0.98764208035664,0.952082878741574,0.9820782534871753,0.9706381301862899,0.9871016540330785,0.9976093315368749,0.8710764883426022,0.9811707252019487,0.9832749563138247,0.973784932254871,0.996817574554754,0.9802863678842173,0.9670001016843448,0.9903354056421051,0.9672344604083903,0.9985966672700518,0.9868726753259935,0.986012812823136,0.9824135155859292,0.9816513377779537,0.9919424842417773,0.9824939216930189,0.9514329273056976,0.9341906181059135,0.9850935104546212,0.8697387429088317,0.9718896207174696,0.9848688797780499,0.9848693664550754,0.7732360550671606,0.9842363244491267,0.9854363172860264,0.9991578504941395,0.9738338956732784,0.9786802711987523,0.9977163479847562,0.9878699461433749,0.9869103441750571,0.9770049103334064,0.9845356405196212,0.99453537632952,0.9243139579214891,0.981301506544034,0.9876546649930855,0.910645437288881,0.9828855605013077,0.988700426146981,0.986160353029046,0.9065339743459838,0.6428394165433919,0.8699709566620439,0.9360615480622994,0.9902626048221793,0.9578588194061721,0.985165807482848,0.9773566924398734,0.980211777282285,0.9758933634311932,0.9811241953426972,0.9930481082870914,0.9818474544078595,0.9929670851228667,0.9788176212170887,0.9790376728617926,0.9901340875080679,0.9943632716575426,0.9797680649414504,0.9234943063457514,0.9343881137819073,0.9652172818629812,0.9986211198470941,0.7889235457394802,0.9526294080680626,0.9741559443047301,0.9667845192207388,0.9845440243465335,0.9880153556572171,1.0000000000000002,0.9793597655979542,0.9874055939807463,0.9571086003595208,0.9941326616523034,0.9856407413893358,0.9860738287295043,0.9910425729518709,0.9760501693737482,0.8916284029077562,0.9831984749318531,0.8977841675383419,0.9374519695550987,0.9925418118057326,0.9843465678949717,0.9929608315198587,0.902302454391413,0.9545285601904431,0.9795439671585991,0.9886716846011548,0.9842254537053602,0.9928362525088901,0.9282109333711592,0.8928902977900254,0.998849288661143,0.9253887751443638,0.9020436165796533,0.9975741499943409,0.9839293386405596,0.6422021168715004,0.9714571194787147,0.9731672940420191,0.730086947521025,0.9161007801440254,0.9949629008950711,0.968275885665429,0.9166203412556542,0.4930068419166227,0.923663312558674,0.7123688843296948,0.6692550120421757
Springfield Gardens (South)-Brookville,0.7324974979978549,0.8070519159479853,0.9279947411059575,0.9715448416819653,0.8877106093166136,0.88411727820296,0.9000106451804842,0.7343615608984766,0.8439773075723811,0.8307467992562293,0.8635071461916813,0.7682919710707712,0.9721255584119319,0.9786923018102383,0.9241580236338218,0.9347024081066224,0.8632263438455828,0.9335792293355053,0.7459455761014177,0.934301154965559,0.9662741329107842,0.9860494332118424,0.8701501361170948,0.9093773436754776,0.8627039211011106,0.9424523764414925,0.7194296799939047,0.972122415041447,0.9185158528059709,0.983303690157572,0.9456814939792075,0.9782277451651048,0.9259840695890623,0.922546020061532,0.9832500927533953,0.8739700489598257,0.9524593199705996,0.963204120084998,0.8111316593000207,0.982153892009815,0.883519155299671,0.9450200816992341,0.984213949972014,0.9347511962880329,0.9119363193145278,0.9504315315916376,0.9833201269290862,0.9727638663896112,0.9174744098315905,0.9912872010835432,0.9547906693448213,0.9924349876687119,0.9570022473194482,0.9922084679120489,0.9897653146917204,0.9617678331129033,0.9725330817376072,0.9914877471807376,0.9246460422715024,0.9902284516020025,0.9617012855295096,0.8841738250198847,0.9900865189789012,0.9509668141447768,0.956131311295708,0.9698736894910195,0.9378944764204022,0.91411702614245,0.64456872338027,0.9493135250642359,0.9957941228376266,0.9949975977647998,0.9727563926538318,0.9811734090400205,0.9918208526514158,0.9584462426279787,0.9923970223625763,0.9847232631140282,0.9850661738147786,0.9785565940514751,0.912850747463173,0.9855649120964043,0.9536420067201896,0.9802606006427217,0.9744091938011915,0.9002246793603167,0.9764495896769595,0.9898190057801864,0.9629719488907685,0.9645702466636464,0.9918599060448726,0.9868020155232369,0.9921342610680541,0.9947548943411274,0.9882825837502506,0.9868442094717053,0.9895877016053886,0.9955412759175571,0.9817475433138523,0.9861351484985877,0.998637125003645,0.9145887009579146,0.917606950854562,0.9829611129285125,0.8185539811247668,0.9991633444604556,0.9809566069436079,0.9941748640114154,0.839178259402704,0.9991480011980028,0.9968369012458425,0.9804107761175112,0.9635666746359298,0.992892669924905,0.9854299059315889,0.9773844514184599,0.9949407720898829,0.9991186920944712,0.9954553290940763,0.9712480046764376,0.8783907484863123,0.9981136327532314,0.9930188602854204,0.8638373330318709,0.9925454805576216,0.9564654622614446,0.9900247971590203,0.9328961779949878,0.6986534000912465,0.9142800691011095,0.9130395704503371,0.9938348234924042,0.9959032220596029,0.996238012388174,0.9945715945534581,0.9831036071547191,0.9994306873892812,0.9656708268056284,0.9680043482075205,0.9954781023433741,0.9919137160573515,0.9987573008841325,0.9865906770607241,0.9917463330264039,0.994942213652218,0.9949576907250526,0.8595095154518839,0.9822893031692747,0.9615154485332913,0.9868424413751944,0.7146340097317148,0.9093940029836187,0.9991315510388575,0.9980597760721098,0.9977634171273605,0.9860048857186885,0.9793597655979542,0.9999999999999997,0.9908620705509539,0.9927553856935306,0.9737962131440667,0.9991055860124756,0.9848616398388038,0.9738111644045537,0.9971958230380403,0.8576621315229965,0.9853893448104803,0.9310272127498016,0.9548703271810808,0.9767432809484737,0.9379784452335586,0.9815545163001418,0.9498827145922486,0.9869767065134335,0.9800208020451203,0.9571609523045894,0.9827288605410209,0.9857623781388271,0.9825704937662244,0.9399715202189644,0.9766798085719495,0.9503780408246137,0.9520592009320653,0.9837660815246156,0.9708608570231619,0.6777567594183869,0.9463553926691309,0.9617530549360234,0.7605591013064007,0.9623312598549961,0.959370985703131,0.944076706349455,0.9715102186908228,0.4721582494658886,0.8534824593055603,0.629516441517008,0.688950573711638
Bath Beach,0.7048549370829498,0.7736939646782662,0.9264146579624971,0.9730506512638358,0.9001739015811606,0.8783732968609782,0.9172466200274904,0.7306843311247335,0.8507387536234658,0.841704712996945,0.8720082325225756,0.7997524529368931,0.9616089656502524,0.9608252246471994,0.9343622528129514,0.9265401195352535,0.8543078369487012,0.9481469836180557,0.7331787366858373,0.9462263671466891,0.9804427496901557,0.9845707127398234,0.8796099004000899,0.9226243203657942,0.8869527525165768,0.9583990042918049,0.7413998189278385,0.9693511248479224,0.9263795174416223,0.9892448228691922,0.9639125480476985,0.9668194594972369,0.9469155273257724,0.9361481349868478,0.9954785051075467,0.896993344615225,0.9705553777846977,0.928600004675889,0.7777537428827768,0.9591840927455919,0.8876595150231024,0.9643716989683334,0.9935867734937269,0.9109650627873513,0.9266981654395483,0.9523410627463232,0.9965537099455813,0.9832733421863777,0.9343711185112124,0.9917169568555024,0.972407699119972,0.9953358823528116,0.9637743476135844,0.9964305689601283,0.9974369914536357,0.9878807134702119,0.9886346473434401,0.9948089761440271,0.9457480870745403,0.9994099629528412,0.9779660752271807,0.8479027233082713,0.9938632613862819,0.9582201588566506,0.9803789104668552,0.9840751291040513,0.9037763266488903,0.9127226411122862,0.66666983656004,0.9320100049904352,0.9969815954601704,0.9749885846419347,0.9947653457478497,0.988607272877512,0.9936693512054159,0.9793512447622622,0.9964480267613547,0.9949725284135388,0.9633169520487611,0.99017845627228,0.9310142402188882,0.9839101132145353,0.9710617521311429,0.9931306278356653,0.9869841541870108,0.8739908703990413,0.9925584715486145,0.998868354879651,0.9823184256353298,0.9814246110091766,0.9953747161955714,0.9769047541480781,0.9956934468647048,0.98683054532525,0.9933889608829506,0.9987480280425127,0.9986024689402584,0.9986854135990878,0.9882619355707155,0.9989391525382688,0.9958989473736618,0.9477421286584956,0.9390297562260026,0.9976034419304975,0.8371770189074906,0.9892589734602413,0.9923796105247574,0.999475787785232,0.7880070661250637,0.9950343917255859,0.9983195561937441,0.9894428240393967,0.981784346610336,0.9971785102305326,0.9955748957810632,0.9928547866519815,0.9990870848364599,0.9916491955217112,0.9975417039339756,0.988990239311534,0.9066970903255351,0.99612117427804,0.9961258790594455,0.8882885950804698,0.9993075674397863,0.9669324578785918,0.999868933729294,0.9077573143627126,0.6547663745970965,0.8907773442162954,0.925176033860037,0.9994519136646374,0.9771328462416857,0.9978654495751167,0.9976622992087412,0.9956958400228964,0.992250089423968,0.9855599699285515,0.9896830901958327,0.9986001779528572,0.9965824162913033,0.9946569420219447,0.9959919555212092,0.9995640976985387,0.9960515276464676,0.998258331447864,0.8912434724720837,0.9616529639244948,0.9803279719891574,0.9941687261812224,0.7305930699317609,0.9344666485985218,0.9908754565832273,0.9879522549787256,0.9968772121353904,0.9988751541574964,0.9874055939807463,0.9908620705509539,1.0,0.9680404582907296,0.9922538424319196,0.9936121324590653,0.9986529639791359,0.9872895867435988,0.9957191416877285,0.8857366263728684,0.9967399878920209,0.913417114251804,0.9620372006941313,0.9831564244527731,0.9625362630441967,0.9933941195865228,0.9137197472487568,0.9721915396086809,0.9962957334181766,0.9796619894417716,0.9820256623952784,0.9937810182140563,0.9597146703296088,0.8995020652997265,0.9880855982631194,0.9354620312043975,0.9209156069181157,0.9891235703659107,0.9923659609613205,0.6226635851458378,0.95254720892887,0.9767349817015237,0.7325388711490803,0.9376208838121897,0.9786415418009234,0.9745890140356714,0.9417028144263448,0.46371453215514796,0.8773152004757936,0.6769505952653027,0.659109026893576
Bayside,0.7551759507230685,0.826573663159298,0.9179061895034656,0.9582992674901036,0.8663162979666675,0.8779563142966021,0.8733233129635469,0.7310866776979008,0.8280185701474155,0.8112114643668553,0.8440045871464803,0.7325638895608858,0.9685190742026449,0.9820062996267988,0.9038586827104695,0.9300194291265002,0.8599102782782009,0.909082684812952,0.75154322236983,0.9124459002608301,0.9406290421514395,0.975254924984327,0.8518253604339792,0.8847618687453195,0.8325923152876044,0.9178909336736514,0.692786896661793,0.9620692471607996,0.8999044339289555,0.965357656103013,0.9171819828641326,0.9761312970738659,0.8952015971386247,0.8978806801779201,0.9592329708811645,0.8414255065885143,0.9264070678209602,0.9809233936950428,0.8348002158454216,0.9884515133828309,0.8682811427691407,0.91639465579346,0.9619275383005572,0.9436422684742528,0.8884342679811974,0.9365062093760076,0.9575076400428197,0.9500479639807498,0.8899048775041676,0.9773262932430178,0.9244714776389636,0.9765520786498435,0.9382761063616728,0.974857471978798,0.9681279556824357,0.9256301692316348,0.9467575667682498,0.9744703114412613,0.8946940248271631,0.9683498461469763,0.9330627956090672,0.9012614223199955,0.9732587649013401,0.9312544787155727,0.9204683606099159,0.943965010063496,0.9528483932953783,0.9038315736342803,0.6287362586514861,0.9523086722905766,0.9801252806047683,0.9986857992428823,0.9390303697175517,0.9603226861012122,0.976623100427478,0.9260234825542601,0.9744421180393398,0.961148336558593,0.9891735441935023,0.9567201851840809,0.8875649549843226,0.972582401099718,0.9241365039493998,0.9558268507118497,0.9495323405552322,0.907791079524862,0.9506745237105686,0.9671137504033976,0.9345418190403157,0.9361473755555928,0.97547566476313,0.9800244519570479,0.9761497548290704,0.9875190609650487,0.968790570399986,0.9619696580263454,0.967759377450984,0.9777688004800776,0.9619731037550341,0.9599108241080447,0.9865600279172576,0.8787557581318598,0.8868711955716523,0.9565537713186524,0.7910748387809383,0.9931953907725369,0.9561607069425584,0.9744467398274735,0.867334424607901,0.9880939359714828,0.9808775635962631,0.9582164704513493,0.9328495277364908,0.9752201581550667,0.9617766792469769,0.9481207399599567,0.9770154202222461,0.9916174673118842,0.9783309617720551,0.9427784198550985,0.8441985965803941,0.9851756903253214,0.9775178667118705,0.8311866014333975,0.9724870357384933,0.9357945414963599,0.9670599490832736,0.939826607008909,0.7245321462267944,0.9202668778949417,0.8949652698949936,0.9739888099363027,0.9975992547966508,0.9802713974771106,0.9773307079295186,0.9591233705971902,0.9904373845421433,0.9326169595619977,0.9338187194012224,0.9779380385926577,0.9720345164222297,0.986626552016289,0.9651834499599338,0.9705993339439574,0.9786074326611051,0.9769803814871446,0.818516102239626,0.9856215566320738,0.9338264896058495,0.965498942655388,0.6918575703465674,0.8798008827289104,0.9920336389577802,0.9917687598240862,0.9843127349126005,0.9611438489842972,0.9571086003595208,0.9927553856935306,0.9680404582907296,1.0000000000000002,0.9441898604877939,0.9893534498334624,0.9590849220812437,0.9504024136551027,0.9837263758252406,0.8263041738897338,0.9596848156502836,0.9278113690024367,0.9373650895288607,0.9577199029609493,0.9042463497704187,0.9542029502718391,0.9661737595219572,0.9854640805920263,0.9531327616367546,0.9222763612893944,0.9721177453206719,0.9663464747042779,0.9858863039235645,0.9591821067294725,0.9525519095947023,0.9515362911393532,0.9641904520701651,0.9619500156411229,0.937976237438988,0.7183005342743826,0.9235304028510065,0.9404435321267056,0.771425746537775,0.9722748325814381,0.9264372370809133,0.9051474004762333,0.9798198060433067,0.46057353291547865,0.8116636897083563,0.5966107008364634,0.6938521447126371
East Flatbush-Remsen Village,0.7390801002379365,0.7733235398251249,0.928881601522972,0.9793497847008896,0.9284632460020235,0.9100643565693741,0.9458445055603659,0.7774696376449178,0.8636285751718118,0.8892112213424588,0.883217731356328,0.8475007426744681,0.958929266965864,0.9571114573118101,0.9635922578441337,0.920671846719308,0.8616915412118179,0.9688700850452513,0.7677373089867551,0.9722854337575632,0.9897848945757126,0.985228333164304,0.8819514803828339,0.9511959055890683,0.9253495744967248,0.9809973174325765,0.8061608373419084,0.9673683394090136,0.9267830950386248,0.9946678773307418,0.9828835658043784,0.9654311533607751,0.9764472427543399,0.9403253434688578,0.9958981528513625,0.9339253223212547,0.9893621553276163,0.9071738636492017,0.7867021481998947,0.9374790411939568,0.8961585801212635,0.9829873783480292,0.995542669278549,0.8967803204832338,0.9559251889070774,0.9472178547356538,0.9954221808402853,0.976474625517299,0.9608047953000246,0.9856744274326662,0.9751669667748218,0.9910606557583316,0.9690422685090807,0.9934187884843746,0.991599742920607,0.9982759446227807,0.994502299866099,0.984660216678504,0.9527299428292918,0.9941160644845162,0.9772994001177115,0.8156095178858912,0.9939719007358943,0.9588465206141401,0.9952810622140895,0.9825553336042732,0.8821539190405615,0.908188351805382,0.7327104363197487,0.9140070098170598,0.9832748999545263,0.9572760871525946,0.9970962018243427,0.9758397653323471,0.9922787737248548,0.9933511837668911,0.9938505483571123,0.989973879156062,0.9388644256685935,0.9940300140520568,0.9550685192561535,0.9776683951998577,0.9754462673114597,0.9934806120942792,0.9965603631186699,0.8516080723250362,0.9931873227608793,0.9892383839266543,0.9864607454763181,0.9963387531820901,0.9851522463333652,0.9599757360229846,0.9921589070820953,0.9666898344315142,0.9943441127089081,0.993329477499574,0.9919524685921423,0.9853084888246372,0.9837374203386055,0.9962821478509307,0.9820020268922833,0.972249245240085,0.945230893670657,0.9943143117469382,0.8648390431051836,0.9689193454725726,0.9888908398970383,0.9881590678276914,0.7425717678051832,0.9818118962234165,0.9866847011622496,0.9961276019017884,0.981354364617434,0.9844307827547422,0.9975445450057453,0.9917816802161769,0.9897471851446082,0.9750824999461482,0.9852794678348442,0.9992913327452126,0.9333529766620325,0.981447070644606,0.9905398383460511,0.9132263716181671,0.9888592848004071,0.9852292136993475,0.9924157512313958,0.887929162461412,0.6182426781158453,0.8599425150980677,0.942286424246835,0.9918904644311326,0.9507773315916427,0.9865708823373248,0.9823677026752636,0.9903173592509541,0.9731227085383558,0.9870721247062462,0.9976191168573532,0.9851936881483143,0.9908284053608886,0.9768708807915752,0.9877825269388318,0.993805653664206,0.990250995371005,0.9834788400302092,0.9234974348901973,0.9291254313277928,0.9804241312820422,0.9959159641264289,0.7745283251590233,0.962589441587859,0.9722212362112134,0.9644510876050104,0.9849364559818622,0.9957273942163477,0.9941326616523034,0.9737962131440667,0.9922538424319196,0.9441898604877939,1.0,0.981556200755965,0.9947513595216656,0.9960409258582805,0.9781662923886171,0.9081308426258096,0.9882216813856525,0.8837803533056438,0.9499958794889037,0.9893744832992312,0.9869999539174517,0.991640789127599,0.8816182449829846,0.949168019926639,0.9924291974220002,0.9914179049932647,0.9830176150345918,0.9958718632159259,0.9207757417716833,0.8668638879313616,0.9968049613047061,0.9199533376341776,0.8871333278677976,0.9893700834083579,0.9944104926290679,0.6060560183974677,0.9588259839156025,0.986059226437269,0.7096976822629149,0.9102908145550819,0.9921384586802954,0.9847211682765529,0.9015117022926222,0.4595222931911535,0.9038493095588674,0.744944571824396,0.6320461974737497
College Point,0.7464672843668827,0.8092665596034087,0.9334090314380872,0.9784216991912543,0.9008023162682418,0.8967247070850067,0.913190530674131,0.7513458526435597,0.8523679549545722,0.8484988307845645,0.8710181250539663,0.7873738826751732,0.975576668908404,0.9816628970612766,0.9373984735211196,0.9374402419496822,0.8690026876423051,0.9447775644440971,0.7595724500969592,0.9468831500506215,0.9742007880944837,0.9913287378230418,0.8761519925916895,0.9218889507565885,0.8795277131125215,0.9547292787767322,0.7422670432011157,0.9763466394698446,0.9237684123868785,0.990035188132914,0.9564661107589552,0.9822897615032034,0.9395773156493298,0.9288164873604117,0.9888269047036987,0.8891780828641486,0.9640957550157155,0.9602171969293686,0.817347281798869,0.9795339910072345,0.8904008611873967,0.9560791888033672,0.9897591967921889,0.9342980922542805,0.9256161918872541,0.9539749826047758,0.9882166553150734,0.9761434873300802,0.9298032977090863,0.994413431174326,0.9604691691851197,0.9962781503760036,0.9634691943336445,0.99635299071497,0.9928878385727403,0.9706391726442092,0.9802754798862388,0.9935101448544664,0.9325954821337766,0.9939798491851305,0.9666331829186551,0.8766805101822464,0.9950609901153319,0.955967441566717,0.9656166293289768,0.9748655850817999,0.9337978457546643,0.9175349505271487,0.6709604768366169,0.9482985590188535,0.9965967617668702,0.9937357630512589,0.9789177648854789,0.9825644968737196,0.996276274322325,0.9676252448248416,0.9963719706125462,0.9882903223846651,0.9814143020934869,0.9855571245817069,0.925799694525959,0.9881523361236485,0.9599600915660539,0.9858809092195775,0.9821549797600131,0.8958629261061646,0.9828403413445701,0.9920668736632495,0.9704261606376677,0.9739701561499657,0.9941668114824386,0.9856992410279966,0.996381944450851,0.9934511487737613,0.9930050966303033,0.9904736679579533,0.9929279471205774,0.9964067186033113,0.9853772552106073,0.9903440126752256,0.9992354257815453,0.929506892780393,0.9251191616753499,0.9875954721365643,0.8309325150116633,0.9975623155339266,0.9848898202077927,0.9956806471809229,0.8261455905674548,0.9997822845776265,0.9982066075355248,0.9870813568143229,0.9685647042303993,0.9943642657626109,0.9907886446034718,0.9818369220442441,0.9971946317535912,0.9988824020128861,0.9964523465461518,0.9798028955705944,0.8923005707249345,0.9984704860689766,0.9967340563304399,0.8762570993242401,0.9946959716959447,0.9670775125890081,0.9930581910908691,0.9297118577481672,0.6885442761209944,0.9082646843680642,0.9244769737879647,0.9964117245701408,0.992101025474946,0.9977441009546795,0.9950891525732823,0.9872877180951907,0.9980883768721062,0.9709921102525428,0.9753202401246125,0.9964104175734873,0.9945844818580895,0.9977923902999364,0.9897840297851649,0.9951402525573602,0.9975690950785685,0.9954297342554945,0.8735640689655289,0.9766031051159364,0.9679463451963606,0.9919286923368282,0.7310241864355268,0.924434683438718,0.9981903634075537,0.9954152353491297,0.999074182686586,0.9905974473156176,0.9856407413893358,0.9991055860124756,0.9936121324590653,0.9893534498334624,0.981556200755965,1.0000000000000002,0.9892590476803802,0.9821993005453552,0.9967810049500907,0.871171327889347,0.9876745248915152,0.9243931696792937,0.9573033717612692,0.9834121411061433,0.9506406967883062,0.9851916236999313,0.9428303086611906,0.984315239124301,0.9849131281940119,0.9654443981089273,0.9884219994131664,0.9918829756385663,0.9743438005759925,0.9321144204284013,0.9840504127408436,0.9502716642910746,0.9449685872109765,0.987514572680464,0.9770413857005643,0.6738090248561148,0.9512953362696877,0.9714964829241778,0.7552406034651522,0.9586828474052412,0.9676278265378673,0.9533539237353297,0.9620309261445585,0.4682758277684248,0.8626953668868986,0.6596482786722019,0.6789869090753978
Pelham Parkway-Van Nest,0.7147656329071672,0.7779483350139538,0.9335716811168803,0.9764871020674493,0.9110357778354161,0.8811014195927529,0.9272154188139521,0.7430947098742002,0.8641113948239708,0.8500323702209922,0.8833184452276703,0.8191260684197008,0.9622638437854577,0.9581083665477762,0.939403845413256,0.9316450465352489,0.8624957347153507,0.9562640328706707,0.7456027793800559,0.9519052788236615,0.9853484903419659,0.9853460375456292,0.8927291158511769,0.9291805747926996,0.9013948102197195,0.9659633986587138,0.7559793842033158,0.9723050265401942,0.9357790708273888,0.9897075725774502,0.9708969146176264,0.9666377541768707,0.9529324869605335,0.9454206548269083,0.997955385131113,0.9070491729339494,0.9779843111803299,0.922778632219623,0.7842832885599995,0.9546380542382448,0.8978238666480136,0.9724904497381565,0.9948980627585506,0.9117767672678907,0.9358352741969022,0.9583037610188019,0.9983659338597038,0.9874414025509484,0.9420167874118912,0.9918483944114893,0.9779004460256796,0.9952412141121603,0.969439568768044,0.9958725334981668,0.9972870340742314,0.9921695000864993,0.9940759161879122,0.9948310628835407,0.9570080699886053,0.9990914099779276,0.9832058648102304,0.844351702816065,0.9929565570600812,0.9641658405409606,0.9845559293512204,0.9890747569595522,0.8983980832885046,0.920652072707668,0.6926741483353037,0.9334645890335145,0.9948837221380765,0.9678871975494906,0.9968063524292025,0.9902934732239299,0.9922416757475738,0.9840399280953094,0.9946725819181019,0.9964140385284882,0.9577155058143186,0.9943524046090452,0.9430440312431506,0.9840387024023117,0.9772662367028834,0.9965510547203239,0.9890238737938433,0.8724380444209595,0.9972681602588918,0.9984482530442099,0.9898108685697184,0.983638251973202,0.9957104867588105,0.9741857753377356,0.9951800965976542,0.9838327192170625,0.9914082286586011,0.9994380533451209,0.9991339542155101,0.9956462986428569,0.990497043728372,0.9984002355414607,0.9921156683098434,0.9619027094316259,0.9503414482588017,0.9997469037273098,0.8518805539499505,0.9834788917187256,0.9943948787121059,0.9969229931368658,0.778433335272814,0.9908307739026723,0.9953578813645868,0.989727081050759,0.986554498731471,0.9964498265543908,0.9949180107153162,0.9943623453252917,0.997124584778625,0.987127759686733,0.9951373703834335,0.9924491860464554,0.9223994921919815,0.9927894274625182,0.9955032905679111,0.9026203452988264,0.9979652639282367,0.9716394710483077,0.9991151437233087,0.9054285683931598,0.6549229030143551,0.8896138283862223,0.9381458807187931,0.9972977756701178,0.9690355372379158,0.9957726742745444,0.9949509990647835,0.998465252778942,0.9865247014614467,0.9890552233387767,0.9917227605467197,0.995750269520965,0.9946000749869319,0.9892425193855847,0.9977903602007229,0.9985226185185802,0.9926368074325767,0.9951133478223632,0.9039705409008723,0.9556933879095193,0.9880810151829479,0.9927699215011047,0.747869205486941,0.9482200339424783,0.9858190624216453,0.981497111009362,0.9938054374265524,0.9996320722881837,0.9860738287295043,0.9848616398388038,0.9986529639791359,0.9590849220812437,0.9947513595216656,0.9892590476803802,1.0,0.9916480022960353,0.9917403814162642,0.9046858168819837,0.996546671828088,0.9087619636695252,0.9686825852722682,0.9855586486269001,0.9697090082429024,0.9919537867085125,0.9060568373435893,0.9687310967567434,0.9991110898526322,0.9838103613592682,0.9841522674418037,0.9948667125975493,0.9492605909012849,0.8901420689419237,0.9891268680447113,0.9377393726908935,0.9147850859668814,0.9851756496124269,0.9963903802365108,0.6245523581571716,0.9535196965142844,0.9832750220174068,0.7357238873945553,0.9356318983903691,0.9796455674350039,0.9838404337026109,0.9302107863830353,0.4675121418828096,0.8775920831613522,0.7081392912694845,0.6537355153291478
Sheepshead Bay-Manhattan Beach-Gerritsen Beach,0.7885673478053384,0.8153108739062431,0.9511271922200388,0.9913791398429868,0.9480374956905118,0.9278064482535967,0.9597322468206227,0.8138740319049914,0.8923262332993883,0.9054367463521116,0.9063653934424978,0.8697132008482714,0.9747831201668061,0.9717495047150728,0.9728322532801008,0.9436521186565979,0.8924172749880012,0.9806704996213783,0.8109851859291456,0.9812975775113265,0.994707100350028,0.9937655661050001,0.9072600179765447,0.9614068785678394,0.9428704758849905,0.9903254220126314,0.8267430323944936,0.9816036262207173,0.9457801474576057,0.9966542360938562,0.9892268077044934,0.9801684457567434,0.9789612325153865,0.9546405101328965,0.996737071422969,0.9436845288124274,0.9962933573519122,0.9282262601795439,0.8333180571704157,0.9517337047355052,0.9203243279003136,0.9906304279803516,0.9965386599952639,0.9232353123667366,0.9699644773058503,0.9636984624078649,0.9940730263396317,0.9820136551075073,0.9701249137557414,0.9911342950725427,0.9783627415782469,0.9939928744249009,0.9815142005471462,0.9943689492016636,0.9906038058091496,0.9917907751579802,0.9984207701173312,0.9872987489892209,0.9648895385898969,0.9912766945676771,0.9808029466671171,0.8425524659605516,0.99469645922933,0.9713428477233303,0.9906371187913326,0.9870637084011398,0.9041682174154707,0.9314955677049982,0.7754312606776956,0.9362197974629877,0.9830427777654938,0.9637673126484662,0.9890264455665408,0.9784570714184129,0.9934380129492559,0.9925353787615828,0.992496310251191,0.9902055645318176,0.9498832638059563,0.9988960718554241,0.9719248155377606,0.9850422766839009,0.9803071070412652,0.9957746601649633,0.9967998563290287,0.8751668239669527,0.9952116860306722,0.9862324748223755,0.9918979239124079,0.9935731802304353,0.988130415818247,0.96775237349157,0.9935677042589391,0.9717487916106929,0.9919823529559546,0.9904798808054821,0.9910328763188946,0.9814814891584821,0.988760441539954,0.9902914343635643,0.981412418442657,0.9804887894533354,0.9572704718083244,0.9922206184675296,0.8874129217639372,0.969732833752734,0.9894904712171532,0.9836902057847898,0.7686071005007667,0.9815590584496654,0.9844655876323448,0.9955042851798355,0.9822837882517995,0.9844332562101015,0.9937758895731794,0.9881820816491412,0.9874865704194008,0.9766546536231867,0.983850379713958,0.9980569263819629,0.9496202789223864,0.9811995536839965,0.9919564453358055,0.9300409551431861,0.985616498441484,0.992994591756284,0.9880505600836849,0.9090611290584459,0.6584054462081009,0.881390482357741,0.9654587240195199,0.9882067011080747,0.9537411752186454,0.986103778931073,0.9790741442223079,0.9910573199061923,0.9719559298091764,0.9841331746368281,0.9903085947409077,0.981747475289937,0.9886087339310852,0.9739385646884471,0.9890136090463487,0.9906329773485302,0.9878617562219761,0.979218633297102,0.9315084930903649,0.9378901702057336,0.9865730015459634,0.99295548411579,0.8050857643681552,0.9771794126924562,0.9732380452644742,0.9638896334373992,0.9843787514205344,0.9921521259548302,0.9910425729518709,0.9738111644045537,0.9872895867435988,0.9504024136551027,0.9960409258582805,0.9821993005453552,0.9916480022960353,1.0000000000000002,0.9759220942835528,0.9307441133838203,0.9840200899581342,0.8936596271288118,0.962876452997855,0.9953314789103566,0.9886263287326408,0.9849790991283816,0.8999240869913323,0.958907505239474,0.9901592347195557,0.9881687363243127,0.9936487357744898,0.9971786472763765,0.9217258490283493,0.8852665687828671,0.9958879119286244,0.942021741945853,0.9043572661058087,0.9829304968122171,0.9909548441137981,0.659560905645547,0.9626438588726607,0.9927331775783753,0.7442115983805239,0.9307073278119476,0.9851179195665979,0.984956858625967,0.9062346653697597,0.48015140084702257,0.8928971217723161,0.7763879168959816,0.6507227108629454
Auburndale,0.7017454262040742,0.7833990619504541,0.9231239930661056,0.9667624588652531,0.8799210711482129,0.8621857532650482,0.8943756932356873,0.7091336220978061,0.8400239680777729,0.8126295408948957,0.8600195099261245,0.7644136412966253,0.9631640776146955,0.9658742981994443,0.9139827505522607,0.9293606518978962,0.8509847684546255,0.9301661375907238,0.7215680146450595,0.9268290149442128,0.9671781202178236,0.9820436431103635,0.8732879548710933,0.9000726197800475,0.8587900915322974,0.9400087026345473,0.7013335414668855,0.968147034946199,0.9205442047494786,0.9812692856079964,0.9449595662838324,0.968685515313199,0.921798201267377,0.9256783112544877,0.9873042469896978,0.8672249107113587,0.9536551397686506,0.9477899299170559,0.786277266004555,0.9736101990982164,0.8790095559743244,0.9458876953370677,0.9850410219705915,0.9231824602832209,0.9052857075202629,0.9510717057088316,0.9880499107710485,0.9789783769351147,0.9118476328247986,0.9906278487939386,0.9597415492667841,0.9927295977150541,0.9553562408743582,0.9924966557983294,0.9926458747634869,0.9698954028461957,0.9776976834187805,0.9942975592741187,0.9323528702560261,0.9947040329056199,0.9678904201617125,0.8707241264438694,0.9886539990118891,0.9514010570990703,0.9598684922211043,0.9759344783746208,0.9208267855963496,0.9126565484429127,0.6342071085252532,0.9437658825842139,0.998558545054474,0.9865167090235665,0.9812649097078735,0.9876847218832604,0.9898263162995062,0.9607107228855986,0.9917651713076254,0.9890988301009357,0.9777763144299356,0.9818368502191155,0.9119138072590683,0.9829185682483107,0.9581797032012556,0.9848632963800221,0.9737110838122008,0.8880161616571242,0.9842081680005254,0.9955611209218773,0.9711787981069482,0.9641534668073336,0.9954817481727399,0.9831819061488891,0.9928778401705276,0.9950692785509597,0.9860830207958762,0.992639990968325,0.9945342902215972,0.9991056074272395,0.9838599660606128,0.9907135885568019,0.9990765134262111,0.9253065301679266,0.9254485172795766,0.9901753468782952,0.814041412733996,0.9979381557541116,0.985179153395175,0.9980781470480102,0.8204984663935538,0.9982180095116259,0.9987648645196422,0.9785150148944244,0.9706312130889685,0.9977628754678568,0.9862062086945546,0.9823002661148986,0.9977696705690728,0.9981246019169115,0.997560603551389,0.9742979046417315,0.8825397627547013,0.9992476514806262,0.9945450194111187,0.8647258595572873,0.9977323527508896,0.9519116697065128,0.9955769664101951,0.9206490858375055,0.6826852864735548,0.9087322008454921,0.9131164281469815,0.9962381738848196,0.9917222438711399,0.9981865332750985,0.9994204809002528,0.9905093787827256,0.9988777939403901,0.9721901116478233,0.9729253881842833,0.9992137808087546,0.9921063760015382,0.9992009660651103,0.9931412473685249,0.9951963175326297,0.993200512520898,0.9992496208182429,0.8599672257944234,0.9798062261649216,0.9715578838163085,0.9857696847471972,0.7016136272559496,0.9123622490050686,0.9984123961823097,0.9978326728631841,0.998651105547918,0.9920107888288923,0.9760501693737482,0.9971958230380403,0.9957191416877285,0.9837263758252406,0.9781662923886171,0.9967810049500907,0.9917403814162642,0.9759220942835528,1.0000000000000002,0.8657121877244299,0.991266397300064,0.9256016584712242,0.9631740251106206,0.9740471157038388,0.938899581932397,0.9834405506406989,0.9363124713088439,0.9839344156490397,0.9893263432401963,0.9606949250154029,0.9797377666813479,0.987008768143398,0.9801885923703448,0.923095117478798,0.9754311858810382,0.9453840828672635,0.9427905614538226,0.9803477918614789,0.9794892780034569,0.6485203793282116,0.9400479185133083,0.9672334328533089,0.7478124031061091,0.9569647716090461,0.9592549843632021,0.9559333025947888,0.9642414456062883,0.4567574138483719,0.8452877444691266,0.6387493834856883,0.6704703198912718
Washington Heights (North),0.8321820299020493,0.877288449594094,0.968482731036788,0.9426911344877772,0.9697409973620085,0.8855458380082503,0.9661068420702252,0.8793529059439269,0.9752358500256858,0.8927836628564534,0.9734547486060702,0.9581383430266569,0.9291616029278053,0.8906727727268847,0.9192000800266497,0.9542771890088326,0.9497871252693723,0.9655690022602518,0.8924725362736218,0.9323201094168498,0.9494060079189389,0.9162691131428113,0.9797232016760068,0.9420344237741739,0.9707197536256563,0.9497499150877192,0.865179551292364,0.945913584309493,0.9776431776377019,0.9020512836825335,0.9559017946140315,0.9156030024197281,0.9239698284700925,0.9788143130671271,0.9235296977385096,0.9471117208222111,0.9444131550824418,0.8582153618206593,0.8796597966306904,0.8804224295972166,0.9742218042837646,0.9621029486566566,0.9207112391967213,0.9162221290426352,0.9573411479575317,0.9628551548038898,0.9192447842868676,0.944418572776295,0.9541135125234127,0.9174603200203918,0.9556145875362111,0.9077031816608527,0.9639402959807045,0.9010573980230021,0.909578186647895,0.9102547675766371,0.9404526583175207,0.9125244886234759,0.9841200993653841,0.892940781611647,0.9528643776055701,0.8520220949202076,0.8951490603506812,0.9658772457266862,0.9227797025758911,0.9499309399333292,0.8685957052522114,0.9660018816250523,0.8776719611698561,0.9236991181762729,0.8898283276035703,0.8451325343148286,0.8994457131066725,0.9230323849000819,0.8921543095590729,0.9365318379994939,0.8900087555086444,0.9227134352893155,0.8730469132276327,0.9333953400224348,0.9817992140624269,0.9262470641060881,0.9609033133574283,0.9334286392121035,0.9197509166058351,0.8877588856092877,0.9286549362904236,0.898595408989605,0.9558881049282681,0.9062452018496778,0.9090669656636334,0.9040664897424477,0.8947345506231009,0.8864062175364507,0.8895035201154008,0.9067799721392651,0.9067466863955925,0.8743260420398783,0.9362642732267887,0.8917937316470673,0.8719009562104625,0.9576262359361978,0.9834899255783093,0.9133065335523046,0.9705063633119093,0.854113954102873,0.9292643093368197,0.8781648552771282,0.7657635821231884,0.8708516115057275,0.8775644673355246,0.9067467510583378,0.9463656850214864,0.8959167616649006,0.8953717824111742,0.9202220134879842,0.8837640627745962,0.86489130642241,0.8903804541828436,0.9193890395906565,0.9931353377879688,0.8788308567984723,0.8925964371397377,0.9862507817133007,0.8837969440726079,0.9338383632319726,0.8883091683347455,0.8965640632080479,0.7586335761723747,0.885752137840872,0.9864988381328053,0.8841125267252191,0.8315223042613927,0.8897437406788373,0.872845194167854,0.9203310896337649,0.856480272463723,0.9338995524116515,0.9073956896277742,0.8751481136684482,0.8974879752402222,0.8594441807949994,0.9151960452605192,0.8900465672515442,0.8802150484903061,0.8717165569535903,0.965320229154521,0.8559403282178659,0.9549926326613025,0.8923083953797137,0.9209693840072322,0.9757188683207597,0.8597988187726421,0.8462111865382671,0.8771062423289402,0.8974091060644706,0.8916284029077562,0.8576621315229965,0.8857366263728684,0.8263041738897338,0.9081308426258096,0.871171327889347,0.9046858168819837,0.9307441133838203,0.8657121877244299,0.9999999999999999,0.9045047709980346,0.8721190853581987,0.9510746117059639,0.9344905642846462,0.9387315329490619,0.8967949974136814,0.8444477325861293,0.8894282245040653,0.9080163173750628,0.9330266128253498,0.9249678902405428,0.9038808886864975,0.8052944771727822,0.8274113282531813,0.9103956048154598,0.9312768702493428,0.8562998035441273,0.875109228060011,0.926761530006487,0.7560657271108583,0.9295823429052995,0.9179696918736896,0.8401870236992083,0.8847452141562394,0.9013345489728528,0.9554639681452778,0.8059883791903871,0.6456999285339976,0.8544853170974414,0.8411075368910419,0.7260293094349846
Richmond Hill,0.705998461963325,0.7957032611637157,0.9420857570007609,0.9744702325300791,0.9126027834187325,0.8766239847750581,0.9282300344614636,0.7438504104883039,0.8778726550428045,0.8434079766359829,0.8990855767354067,0.8220503692969513,0.9657056318555771,0.9561895806401467,0.9313614337607686,0.9420921630259111,0.8774326937948707,0.9554586637640327,0.7495488818003017,0.9447853970554474,0.9849263514765163,0.9805405657153583,0.9059443217064166,0.9299861539708489,0.8975610996312844,0.958150703155324,0.7490521981058765,0.9753875978449468,0.9464400529456973,0.9822702999516584,0.9688829165465764,0.965399038274136,0.9458408769466464,0.9559032222720713,0.9950647308378678,0.9078709410599672,0.9678255995887246,0.9284495444694679,0.7885684958042609,0.9612237230319455,0.9112041698644974,0.9691552736060038,0.9934391633434022,0.9231988648584339,0.9316727777663434,0.9664001123681961,0.9974926074615952,0.9918883282901841,0.9425260532227391,0.9918669931067595,0.9855504512572585,0.9922462884049551,0.9738159780815153,0.9921996286396103,0.9984475340485157,0.9850677579383396,0.9884733305593499,0.9962693283517979,0.9624142214280915,0.9949726449757716,0.9895713206532294,0.8701851837912511,0.9876230077563368,0.9724858192002444,0.9816529984838982,0.9922003989001923,0.91496985708147,0.9332428765778638,0.6713235182861605,0.9441818153620481,0.9956164341048627,0.9663084085292196,0.9929062118741887,0.9952752376873809,0.9872418088516773,0.9826414919584769,0.9913397059384818,0.9984671726721505,0.9663473613484763,0.9883667806374181,0.9398950760032945,0.9885674412025696,0.983694310378525,0.9949070531471703,0.9853979167983692,0.8971415830227941,0.9912340866939339,0.9988316741358235,0.9870985856354102,0.9768312053664889,0.994665016068785,0.9831428743510341,0.9890717070421561,0.986887730530289,0.9888261093854249,0.9986265504382719,0.9975478084705897,0.9949665911933583,0.9939331310161585,0.9961527833095349,0.9905591475517317,0.9461980934022769,0.9581690601480934,0.9970340026501133,0.8648386783431112,0.9833756246339322,0.9976263917602232,0.9960491575016109,0.8120479702188171,0.9895491657068335,0.9937547352423117,0.9861563575560466,0.9922950422342351,0.9957674831700718,0.9916440198512376,0.9977686486616115,0.9944681059753665,0.9852638605386284,0.9970157495985494,0.9857827467604267,0.9232943283764496,0.99280791647012,0.9895108220490493,0.9106397633792549,0.9951626648105808,0.9643045440320613,0.9962585516070174,0.924461215205482,0.6947281101098253,0.9121134901838303,0.934101636392293,0.9955791694573147,0.9703685028321684,0.9953634211995438,0.9936564619376741,0.9960957198881069,0.9873735642241698,0.9941371035898298,0.989669757488336,0.9946713855156595,0.9965855538907761,0.9906619790201755,0.9962748524045009,0.9953473835823069,0.9915999919962091,0.9947789048569857,0.9112023911870173,0.9644688751043442,0.9861877394259301,0.9898734152389336,0.7598641249131844,0.9379735219764341,0.9848248822851235,0.982846221946895,0.991463260016209,0.9947488355757194,0.9831984749318531,0.9853893448104803,0.9967399878920209,0.9596848156502836,0.9882216813856525,0.9876745248915152,0.996546671828088,0.9840200899581342,0.991266397300064,0.9045047709980346,0.9999999999999999,0.9355119512806204,0.9733349469240715,0.9844992874675081,0.9630419340651218,0.9957851951169273,0.922593985216929,0.9762244115129066,0.993723852515853,0.9852134908426714,0.9785703547340829,0.9871038533561624,0.9589022065236007,0.9091027143122318,0.9851431339908947,0.9473914893171848,0.9315174473932617,0.9868394919368815,0.9954114610763858,0.6509579165509906,0.9663417830269452,0.9669901850072061,0.7718749324725519,0.9426505794553626,0.9789283626218069,0.9817791546406527,0.9459902104368125,0.5266364369964543,0.8941652609182044,0.6666134601224275,0.7067402818850252
Upper East Side-Carnegie Hill,0.7306512715334658,0.90130534152588,0.953589366505872,0.925441472931601,0.8844091619607838,0.833172250959972,0.8837732986445357,0.7591151428913713,0.9180231594866016,0.7807059441449669,0.9333514529372774,0.7966146120449198,0.9507619897344083,0.9245349447194813,0.8493970347672624,0.9665693449765691,0.9335663544230063,0.9020926228963603,0.7959214722396084,0.8647672581444522,0.9204631300229168,0.9174309854706876,0.9373799964903072,0.87903222113087,0.8403576470191256,0.8748093416977459,0.691011148301682,0.9519975148043711,0.9551597701580693,0.8927371778837627,0.8986343429393508,0.9323704121408468,0.8482812659429044,0.9507060290414135,0.9166172536669122,0.8512573864503595,0.8712442171289528,0.9488013633801633,0.8555919353588185,0.9643003091572867,0.9411138342567568,0.8966222501526518,0.9210361293209168,0.9677969199104832,0.8705506454321038,0.9640221004799044,0.9213884013672543,0.9505792713436749,0.8870453786357205,0.9392957558806453,0.9453864122899233,0.922890195735332,0.9455450622335407,0.915715578164118,0.9334436785134824,0.87000357896747,0.9043181145193049,0.9425321182581049,0.931417170577803,0.9078241201003717,0.9468682855545997,0.978184244129549,0.9046923355581676,0.9587979810812965,0.8842988677840841,0.9413950364643836,0.9750080184766219,0.9630937767825153,0.6130364504615057,0.9749285934662211,0.9356435578724603,0.9235709889267126,0.8889050780144685,0.9526132759046224,0.9075301763810538,0.8995700078333656,0.9114394541905428,0.937653730246187,0.9698360586146453,0.9071858788441053,0.8872766825770653,0.9562555797311495,0.9424590086363279,0.9233568399648786,0.9012900900548021,0.9860132636765822,0.9030661716373211,0.9276143440594079,0.9150060834659548,0.8733024616627076,0.9332105527722869,0.9732915894291163,0.9058435883494637,0.9513811504230608,0.9082477318753461,0.9213696303168013,0.9230893444449513,0.9221893657445412,0.9490597249875056,0.9068151710994028,0.9240925594835144,0.8270753113108746,0.9355159807333584,0.9132284395298802,0.882082055629147,0.9297854214254134,0.9407160170066128,0.9198241069124072,0.9581377947688895,0.92513717160101,0.9213347549854363,0.902701865939534,0.9413006571708292,0.929913026103287,0.9033868548317636,0.9307722120614206,0.9166289213419633,0.9250641613719968,0.9377037565928289,0.8860675158253872,0.879462247290934,0.9321284346229962,0.9074002303725718,0.8949775169653038,0.9140492937458118,0.8824803682153473,0.910584714669558,0.9863103142028855,0.8922654729102413,0.9894635507972632,0.8957347178945873,0.9169388067589112,0.9320495036920762,0.9302307829423083,0.9204749820562925,0.9205622238487037,0.9313698088658084,0.9318758321410536,0.8922975685362262,0.9213322212348791,0.9332825191020618,0.9312411006944876,0.9266805927733516,0.9114018140524051,0.9194928636527165,0.9226371683400001,0.8703462765923105,0.9657935801387388,0.919660369901932,0.9058415028044251,0.7933233528733206,0.8529233991559032,0.9273874497249813,0.9324211517950003,0.9210451113977183,0.9014604082295418,0.8977841675383419,0.9310272127498016,0.913417114251804,0.9278113690024367,0.8837803533056438,0.9243931696792937,0.9087619636695252,0.8936596271288118,0.9256016584712242,0.8721190853581987,0.9355119512806204,1.0,0.9513337229770424,0.9239852205420261,0.8639025960504767,0.9259428509874424,0.9782889509317947,0.9694057247167964,0.9001821759551426,0.9065953536521719,0.9167110617731944,0.8948366448679322,0.9506138009788234,0.9760217882865885,0.8982450459602209,0.9723707498627298,0.9835265052980593,0.9127874265207063,0.9106393796953403,0.8316481975826057,0.9499962208980641,0.8529647006936009,0.9305055621199503,0.9629056941977662,0.8868711236725436,0.8956956393960205,0.9701036850207491,0.7386860903774642,0.8532004064824417,0.5067056260144142,0.8972559920077805
Astoria (Central),0.7580210705272149,0.861972315043821,0.9740930794710754,0.9688189486328366,0.9242191978461125,0.8550168649424961,0.9269302442532787,0.7738964913156465,0.9337458904482742,0.8212486647510142,0.9416554962846355,0.8486202072869232,0.9692160402653823,0.9460243002968024,0.902295988696396,0.9779618070676791,0.9264794803385035,0.9510465308775714,0.8038633794356991,0.9204494817584654,0.9699085113338857,0.9650063234202917,0.9647317129205693,0.9121180630228286,0.9049566405073757,0.9427717120899427,0.7390760297047264,0.9822618666907114,0.9830633350497359,0.9493020092881328,0.9529279419748167,0.9610243234451222,0.9087248407490024,0.9805908806284858,0.9731481074973596,0.8926291495935925,0.9504349826842712,0.9406637255275407,0.8539503760055027,0.9662084341347105,0.9529904373992357,0.9584872621484198,0.9674280083148905,0.9604854948070987,0.9248322650605271,0.9919042357892095,0.9724184020279429,0.9933865191769614,0.9281522192956627,0.977901023488876,0.9798426030058488,0.9703381973615974,0.9798695925548012,0.9641250917565266,0.9734025587718363,0.9455601586176967,0.9742531159183577,0.9819726863196816,0.9844069788200702,0.9634648703524987,0.9861591323020003,0.9208716681669042,0.9544143792644003,0.9858923841185594,0.942521354314691,0.9888430335676155,0.9359588004196194,0.9783600691068253,0.7262325060033804,0.9793845284389475,0.9732907607105324,0.9429606346094817,0.9530532584031781,0.990364850733652,0.9547495135350881,0.9528135604405862,0.9555930347869803,0.9799257015719421,0.9663799414997799,0.973529119112626,0.9517749780185961,0.9801405777456684,0.9807456425273685,0.978916487534181,0.9522181575717847,0.9376157220097495,0.9765020099858069,0.9730133338966289,0.9847622039529292,0.9328959413486779,0.9807983876017321,0.979236686020366,0.9612912639631958,0.9779017773531951,0.9478197048340246,0.9718307384032128,0.9742137312424421,0.9629755363115958,0.9858814174107323,0.9572167843675079,0.9616805767581045,0.9441108550674059,0.9821819028540808,0.9730008880923533,0.9006526257609457,0.9577471326386578,0.9805783778099988,0.9624051105054008,0.8608932578971943,0.9594228366819761,0.9624853571672926,0.9489792901684037,0.9826859761952783,0.9764261361915818,0.9510630616948305,0.9701454805562802,0.9634606745801505,0.9601741226598938,0.9709343035150412,0.9524302381893863,0.945485866626773,0.9673229439228123,0.9634379492978477,0.9349642060487907,0.9654753643083384,0.9418161137075781,0.9636227541398505,0.9526203366953072,0.794094895103928,0.9570879029638831,0.9654987311337562,0.9603910686929944,0.9479497598053905,0.9697919685096743,0.965134256288938,0.9807666316896749,0.9579011752959397,0.9721220754247146,0.9465869695821675,0.9637202177455955,0.964291251482129,0.9581926821088866,0.981890175098309,0.961968681336362,0.9533394857197128,0.9632975045377706,0.9089390290750068,0.9677279026139982,0.9901451156010109,0.9487507385451337,0.8032725167169996,0.9442089400738739,0.9596493156266636,0.9567086519329707,0.9625290091243198,0.9629344628719184,0.9374519695550987,0.9548703271810808,0.9620372006941313,0.9373650895288607,0.9499958794889037,0.9573033717612692,0.9686825852722682,0.962876452997855,0.9631740251106206,0.9510746117059639,0.9733349469240715,0.9513337229770424,1.0000000000000002,0.9661485859554155,0.9326836566703731,0.9550659388334276,0.9404923467232132,0.9785852800419358,0.9708436555080581,0.9532648952860161,0.9699290018734307,0.9578984150173501,0.9425303728882968,0.9240059589724514,0.9476881547519608,0.9818742908073531,0.953871086238661,0.9360097862045472,0.9707124553959562,0.7525915820085354,0.9473329843793874,0.9526946525639155,0.8542244652882189,0.9716345199190967,0.9286839270480446,0.9711795970875711,0.9370385180390376,0.5887836615152707,0.8335692195195354,0.7078857326248545,0.7513831614264829
South Ozone Park,0.813429579389673,0.8568224797034938,0.9691310315419402,0.9976031346573915,0.9628744784581966,0.9451853055429901,0.9716563076917494,0.8430917002701993,0.9169067470511635,0.919525451452266,0.9313506990456196,0.8855954639997442,0.988673798727179,0.9824614786600149,0.97793431706309,0.9631805769400597,0.9229987147750927,0.9884485809197675,0.8430437218587058,0.9853602598387149,0.9979019473487485,0.9956499650798482,0.925490826567339,0.9745812345412469,0.9506856846817701,0.9904963309933007,0.8427612626216822,0.9919207035778741,0.9608659610619823,0.9939428495886189,0.9929981925626304,0.9898211347625768,0.98007574990227,0.9683044406250552,0.9940686079060573,0.955955460147314,0.9912324615632347,0.9473866289593131,0.8644431858277942,0.9663197337905942,0.9436299525716606,0.9924201757021297,0.997338943816187,0.9473356761600839,0.9776433891381348,0.9761967242091332,0.9923477169755668,0.9853625541168036,0.9804673251808648,0.9944185969431948,0.9859041850709362,0.9934708732895011,0.9919670962868516,0.9929130948790612,0.9915781275944024,0.9820450972720559,0.993600529938124,0.9889259508753472,0.9707908819605393,0.9859143563271744,0.9861365065548199,0.8798920159706224,0.9929096025915521,0.9839013367541514,0.9883103210380355,0.9895104834264673,0.9348868488254575,0.9509159143058852,0.7774755423166662,0.9548788495380165,0.9831138007376768,0.9693020393117281,0.9810780324558607,0.9810112376701312,0.9922585952733869,0.9932294941595131,0.9914824345685203,0.9914641214641136,0.964778139059323,0.9948483220651586,0.97727548349856,0.994192509313077,0.9874100782398642,0.994259340052848,0.9969593543621399,0.9109537573967332,0.9875713048630358,0.9839979037858892,0.9881688739266438,0.990374400432898,0.98695569144965,0.9808204512603219,0.9895496548508539,0.9759821945614107,0.9927357438545124,0.9874837569005916,0.9880839826499168,0.9790189945183061,0.9937052264643003,0.9862559043483258,0.9805854912205751,0.9651564114382417,0.9653009620190564,0.9869005693377506,0.9116206395913252,0.9709775924909599,0.9921770075848972,0.9808975059252697,0.81500670182051,0.9819424028174246,0.9825829314336479,0.9959977959406935,0.985998896947977,0.9820254538056243,0.9918974715943971,0.9899839871309243,0.9842585170195838,0.9765786807714126,0.9853015890383274,0.9928313995241733,0.9558680461007055,0.9814668645053698,0.9873973051568634,0.9449788085023657,0.9805376903828921,0.9941920583913567,0.9827465411012293,0.9392502654114503,0.7125127786927321,0.9099206187416856,0.9699909036967891,0.9860037850800099,0.9579920185001889,0.9857417680597341,0.9751865237238602,0.9863368055806964,0.9734238782873964,0.9869370611714982,0.9869294629477212,0.9788749905890911,0.9917352542411297,0.9751245724104849,0.9854657081551618,0.9866777034805846,0.989207045315209,0.9764346871892532,0.9448215543130439,0.9488484360421837,0.9823039850772101,0.9926857041391222,0.836324857936295,0.9733084745632119,0.9735255500610895,0.9653572815385755,0.9827180996709786,0.9851864516235004,0.9925418118057326,0.9767432809484737,0.9831564244527731,0.9577199029609493,0.9893744832992312,0.9834121411061433,0.9855586486269001,0.9953314789103566,0.9740471157038388,0.9344905642846462,0.9844992874675081,0.9239852205420261,0.9661485859554155,1.0,0.9864882493140117,0.9883115867498685,0.9268277269168481,0.9700619398482683,0.9809341966912566,0.9900876649135442,0.9946356072989068,0.9917621061726718,0.9312652257807664,0.9164067411905792,0.9957211538415359,0.9595349941455592,0.9285194434218575,0.9875730284797695,0.986647461738544,0.7132256964728123,0.9822729883235395,0.978336407301171,0.7931642382240772,0.9445074795969329,0.9865702374947659,0.9791347676541017,0.9251937035437185,0.5509455458155325,0.9158998145660414,0.7452781798950613,0.7154596541501579
Soundview-Bruckner-Bronx River,0.7993004140174642,0.8070560781420543,0.9415636846250872,0.9798456792004762,0.9672356458325488,0.9475663421867896,0.98046259497554,0.8540183716531987,0.9001049191936144,0.944717173599943,0.9154833493636324,0.9159426765263609,0.9557030884651675,0.946924444907773,0.9875133192369487,0.9247622310967476,0.8938236674477951,0.9895317515343375,0.8356053964459069,0.9924449556154844,0.9907478831902411,0.9732370640545074,0.9010692047024914,0.9833596626165892,0.9708882927149274,0.9956933879663845,0.8882197043292376,0.963260604853566,0.9362824174735842,0.9820262701473461,0.9962049151923377,0.9587133762342177,0.9967889512323459,0.951378043434691,0.9798038380329336,0.9769762581814486,0.9949357657835011,0.8857071416022212,0.8229033196548108,0.9112813998602106,0.923111159634056,0.9953283772854458,0.9831381117795401,0.8937351168927811,0.9864971020282716,0.945145448299802,0.977737681135771,0.9609315747188235,0.988923598086236,0.9671802621815301,0.973895716612243,0.9702953476958884,0.9744590599640519,0.9723759411541198,0.9700004873047521,0.9864133132210868,0.9849945410901076,0.9600578669629828,0.9608550292862548,0.9669254753753848,0.9703695850456469,0.8037953005152517,0.9754423705441869,0.9618801865344931,0.9948509464297611,0.9720126181981738,0.8718099607687854,0.9162255584077648,0.8176642621815153,0.901896442793132,0.9514676583320725,0.9233607995319797,0.97655433994136,0.9510075762262835,0.9724174912542014,0.9957307554033143,0.9722433723647435,0.9710522954971816,0.9087833227470504,0.9822214047136657,0.9812287838926307,0.9646417124328526,0.9762653746902662,0.979411033102921,0.9917890477173634,0.8490813122571989,0.9749758568003019,0.9604477930732914,0.9783092550177931,0.9936796710789055,0.958266596353362,0.9375537333442425,0.9684069569956054,0.9323503295530928,0.9775904549059017,0.9690252590375951,0.9665991199407843,0.9502100405814493,0.9700629076888011,0.9722861151777098,0.9477073647217382,0.9806383010004919,0.9546329794458079,0.9714191960568646,0.9161913709533686,0.9286578753409332,0.9733444987743332,0.9551307819930485,0.7214850237429525,0.9489728161099024,0.9541351442173844,0.9871025549383285,0.9723785590561809,0.9525626515641178,0.9803482509592847,0.9768120395588236,0.9591159072962712,0.9385394839457275,0.955708711883088,0.9913901809074568,0.9664040569125794,0.9477984131461392,0.9641614673821745,0.9515751867629555,0.9558593691834003,0.9937416103003188,0.9625354025833227,0.8813451949868659,0.6255180121856267,0.8422575925254576,0.9625931474994086,0.9635797191900957,0.9057298407128213,0.9567293678678538,0.9444561421195791,0.9668503083899086,0.9339907552484612,0.9775057300136489,0.9869451669507184,0.9499151777786549,0.9695051005125045,0.9388037952989539,0.9617782206543635,0.9667438354301552,0.9660249411915397,0.9465524855264421,0.9650003500726803,0.8868827814328644,0.968122016353743,0.9794377433884796,0.8534657207801163,0.9856238628510834,0.9334025675739179,0.9204938477157629,0.9524410122215402,0.9700664983734956,0.9843465678949717,0.9379784452335586,0.9625362630441967,0.9042463497704187,0.9869999539174517,0.9506406967883062,0.9697090082429024,0.9886263287326408,0.938899581932397,0.9387315329490619,0.9630419340651218,0.8639025960504767,0.9326836566703731,0.9864882493140117,0.9999999999999998,0.9743858362298268,0.8547719333477408,0.9186746402574162,0.966027734329797,0.9918580706419189,0.972053554921282,0.9778561133466637,0.8659419636000163,0.8420713241894685,0.9898457481964319,0.9099275312609234,0.8572097348354349,0.9732109604965513,0.9792538019565428,0.6366072493844744,0.9684212148060233,0.9729054863136275,0.7264995028142678,0.8812172325058011,0.9906616391059623,0.9815712902744173,0.853823224559046,0.5175290501509227,0.9352014537844848,0.8047866567735881,0.6504476569325559
Eastchester-Edenwald-Baychester,0.7204838597338439,0.7957101479294838,0.9376019890541629,0.9763324167853423,0.9239662782942473,0.902234810991325,0.9412116495616324,0.7692054961605161,0.8745883042553253,0.8740076432473886,0.8982680358439263,0.8380718307530697,0.9653592057390814,0.9585829906447991,0.9500121800930409,0.9337493871962582,0.8777073512640777,0.9635786874548112,0.7644754831529935,0.9597834847738634,0.9878363374696437,0.9805747342256456,0.8931546658658137,0.9483856888962572,0.9108544402326685,0.9667057199876238,0.7853410902838509,0.971915662438819,0.9371428619557203,0.9864558208295225,0.976872208038629,0.966122070996354,0.9635823074407787,0.9503191870583514,0.9928321203122797,0.9283932363704149,0.97236028902045,0.9216344722092763,0.7892859469712232,0.952507572325878,0.9089676439229051,0.9745651671854545,0.99495884663604,0.914250569278958,0.9449424331068763,0.9567245273240575,0.9955414713287511,0.9825048835944623,0.9571246895730404,0.9882689761183289,0.9839567859831849,0.9897190717342585,0.9731595686076343,0.9913908974529951,0.9959099849323968,0.9879040704185906,0.9856593806809855,0.9895000273468664,0.9546693152653128,0.991542319395834,0.984793197173387,0.8558218407198752,0.9897453416908057,0.9683024113681645,0.9901781071254951,0.9859863637378165,0.9106782797731601,0.922262603406526,0.6855647974763789,0.9304955622012409,0.9887314253780155,0.9628881065509517,0.9928845659704635,0.9845146311862396,0.9889067951018988,0.9899595842196937,0.9929926130095504,0.9944295601199613,0.9574479776813656,0.9855832202351124,0.9440226425342562,0.9861984432806502,0.9820691983757115,0.9914795783770864,0.9921445848511006,0.8885237310123703,0.9845972295889982,0.9929626336165136,0.9802862065819914,0.9872612021742577,0.9865301837441947,0.9767824435258553,0.9869223659642768,0.9761387286789291,0.9943562017624191,0.994516641033863,0.9922855613514385,0.9894739727549284,0.9894603917234308,0.9961479180781254,0.9854694014409286,0.9434134045975882,0.9503724280509698,0.991961737273438,0.8729292126219907,0.9759280589012049,0.9944426981715307,0.9916391834979157,0.7974573666156435,0.9858455105785313,0.9894548136839232,0.9930544259268194,0.9883160039640339,0.9871266661899976,0.9957884111246431,0.9977323971339248,0.9903687478498385,0.9787501776030374,0.9923421800777078,0.9899712280289799,0.9251929270221521,0.9867711821831272,0.9856638708767684,0.9153655615893523,0.9889961095982998,0.9736182495338148,0.9919286943071631,0.9177494624829047,0.6744132069146132,0.8943469198209818,0.9299151559202483,0.9937527804742461,0.9614519914378251,0.9903558428779726,0.9856499379862961,0.9881609322588419,0.9812905091343365,0.993834496098373,0.9954442445469935,0.9887177321777804,0.997333813641131,0.9855281064505157,0.98753109696826,0.9929476264570465,0.9936375658339079,0.9882616913066969,0.9251267937272354,0.9486789491125682,0.9754411838218813,0.995112975676562,0.778383903408469,0.9408820642843251,0.9775043041519084,0.9740060486126331,0.986805438899771,0.9913516472994209,0.9929608315198587,0.9815545163001418,0.9933941195865228,0.9542029502718391,0.991640789127599,0.9851916236999313,0.9919537867085125,0.9849790991283816,0.9834405506406989,0.8967949974136814,0.9957851951169273,0.9259428509874424,0.9550659388334276,0.9883115867498685,0.9743858362298268,1.0,0.9122416766278428,0.9648865574874363,0.986180408355075,0.9922184151124828,0.9764816453916615,0.9870971784744259,0.9446709078789313,0.9017132841673797,0.9925888196011508,0.9343774790078554,0.9172271511313556,0.9962361566948499,0.9928398997015919,0.6419801238694329,0.9768787165225578,0.9621787097740824,0.7584928011536639,0.9246440553277082,0.9919428832627935,0.9779468389530439,0.934152178465987,0.5364467741732523,0.9258014122344864,0.6680114185847816,0.7084654703358423
Upper West Side-Lincoln Square,0.7912656570108549,0.9173666577014908,0.9474674680916326,0.9362929089832543,0.8747580322492772,0.8591859970382242,0.8692363140822923,0.7716462060064706,0.8908138862241344,0.7896562971151724,0.9002929221155628,0.7597734828050902,0.966219013003667,0.9598323152038232,0.8617026101470039,0.9648104675063612,0.9243923322590032,0.8942782911883264,0.8132544683458336,0.8729176593770441,0.912097066265087,0.9373046282015726,0.9071997949052036,0.8703395007898485,0.8261045250672696,0.878788680428792,0.6862478691337072,0.9580766961009146,0.9324306089812683,0.9084320213870379,0.8884653749254431,0.9580711574458344,0.8449707729883129,0.921272827699941,0.915082791598527,0.8300392134409725,0.8767307001349905,0.9899357045091882,0.8978325130091326,0.9888106084872887,0.9182458991321815,0.8874096359480568,0.920658134978328,0.9839354531422276,0.8692353357242684,0.9539245568431669,0.9146628989227192,0.9365638821364997,0.874061476172747,0.9471458364289149,0.9166230186488904,0.933446930719174,0.9371262899892066,0.9259880719453161,0.9298436392911228,0.8590582592464898,0.9030621126376575,0.9436723232716772,0.9020777398929097,0.9123654511404883,0.9221030955520857,0.9814882417294837,0.9189306102591677,0.9418496245674044,0.868073887083574,0.9254583184121439,0.9945466026645564,0.9482863665936202,0.6341100810722783,0.9838753834382805,0.9407849168481278,0.9603761143237955,0.8768029212592799,0.941334665572086,0.9235514780789668,0.8846992979651599,0.9214048498509273,0.9289530533453471,0.9887867998812876,0.9124038250051132,0.8790816485434069,0.9581537811308612,0.9163310822216889,0.9185323866701818,0.9013474253740646,0.9793174333221175,0.9023123897813876,0.923453900421716,0.903733013983041,0.8742035414291017,0.938793765025198,0.9767775706885813,0.9215489463135577,0.9633885007721164,0.9156768096696454,0.9160230681417009,0.9228682512510716,0.9275878137001058,0.9424842820724132,0.903326893487265,0.9387538857844819,0.8233626670280786,0.9010410604240785,0.9079970362263581,0.8419494504145302,0.9505540872139123,0.9283093970373164,0.9229289281823669,0.9648402437286742,0.9411284997581087,0.9307584022785229,0.9071658184604504,0.915280885984384,0.9337104251453076,0.9056140404961064,0.9130197793939341,0.9247159527157605,0.9462427250072039,0.939642285492993,0.8851858220180836,0.8501861517444732,0.9427461264283008,0.923327560271229,0.8569626848600598,0.9189046465407779,0.8925955716994579,0.9117445067199605,0.9895159460675972,0.8765785973452876,0.9829061970749418,0.8963950304605075,0.9214930445555655,0.9611622708678568,0.9371604846681397,0.9269332841156936,0.9171123969419279,0.946921243736031,0.9052144182377311,0.8774917889241315,0.9275008181377061,0.9321286750778729,0.9418249994254937,0.92559517235256,0.9159332158969637,0.9287750075969043,0.927075609843738,0.8250960423539718,0.9824342483460404,0.9071820676566021,0.9110213248583114,0.7585526189771045,0.849482624875598,0.9478058180267506,0.9504927385743,0.9349082831159204,0.9027622355786067,0.902302454391413,0.9498827145922486,0.9137197472487568,0.9661737595219572,0.8816182449829846,0.9428303086611906,0.9060568373435893,0.8999240869913323,0.9363124713088439,0.8444477325861293,0.922593985216929,0.9782889509317947,0.9404923467232132,0.9268277269168481,0.8547719333477408,0.9122416766278428,1.0000000000000002,0.9815454754030984,0.8978140738129865,0.8842123472764177,0.9369627512035993,0.9082080363579337,0.9682979621550335,0.9986539124486701,0.9005100084128872,0.9804120819913968,0.9982035433221017,0.9118766390022484,0.8934593644456128,0.8569900775781835,0.9265980018482415,0.8735160955209448,0.9027458306426299,0.9880480654388318,0.8730369118844924,0.8689992110683787,0.9849437588201961,0.6409271273804026,0.8007568973706024,0.5331886354637633,0.8394774740633816
Upper East Side-Yorkville,0.7649558012607462,0.8705680253370358,0.9604512649354353,0.9719829420002156,0.9023306816072075,0.875189668526814,0.9060597593094453,0.7615291723070308,0.8953076417413137,0.8191012999224649,0.9085562969013379,0.792485931071405,0.9834154219887865,0.9774234950332774,0.9059996415752911,0.9711547879936373,0.9126074805926723,0.9357897907458977,0.7903784698623745,0.9194430265503224,0.9616978596916831,0.9778263092499193,0.9216634092517166,0.9057427172157708,0.8694686245454355,0.9316687825048633,0.7147260140000699,0.9844468502492365,0.9546383852951681,0.9619496561390156,0.9394446276005354,0.9806726595274973,0.9029654905529143,0.9512104630039059,0.9717183297741794,0.8715904602268285,0.9378057578581429,0.9822285662590664,0.8624198988918848,0.9967335698472755,0.926135980875955,0.9405732230993746,0.9719727413433773,0.9736313085071524,0.9101940136738332,0.9777371985188478,0.9715525101851452,0.9815144369279811,0.9151722115763913,0.9877527104997078,0.962336827665919,0.981286247553144,0.9697449315080238,0.9767355155898563,0.9800288513296486,0.9353181662334147,0.9631505918365204,0.9884495884239578,0.9465500095858614,0.9716230356126795,0.9692743741044878,0.943730164869463,0.970306650349946,0.9712865598262215,0.9343637317832988,0.9746141334808287,0.9721254834340962,0.957487065478277,0.6648831547667923,0.9854395542551289,0.9871988235216433,0.9851965700610682,0.9487938254148209,0.9863828973256225,0.972829979496807,0.9438750470698613,0.9727108166084278,0.9795186937607451,0.9982532451603171,0.9687064328533997,0.9224707532029229,0.9896849575161938,0.9618549977531892,0.9733511087855471,0.9562043365567702,0.9526909635784547,0.9659096618715072,0.9784310834711506,0.9628833664623854,0.93701059421687,0.9867409644237424,0.9975476540470303,0.9745793283199115,0.9965390311352007,0.9663542803370951,0.9738608433607855,0.9781170681807289,0.9797049458062688,0.9844650616413108,0.9647216869058447,0.9843469660386405,0.9028478590619787,0.9428380778094367,0.9697772045985037,0.8572612705933598,0.988245180384156,0.9777514340854281,0.9771515786262718,0.904818205281658,0.9845567074826678,0.9808849141071989,0.9599637854485642,0.9667087606449971,0.9845503354901213,0.9627290630951688,0.9678537839135606,0.9781171369332343,0.9869982329715912,0.9857302606417412,0.9496842988491351,0.8970678413781132,0.9871792238188287,0.9764540573641557,0.8905477752999578,0.9760245925896756,0.9420669127644818,0.9716671916475684,0.9730244577310996,0.7996269927269024,0.9664507739408122,0.9334112204582597,0.9754077295364117,0.9884891040425552,0.9848176219491533,0.9800622285687073,0.9754397282866812,0.9869665212495196,0.9608204300776607,0.9443410425105144,0.9798899487260697,0.978906649182874,0.9848716258958302,0.9803418115577645,0.9729930263332444,0.9758880621535344,0.979604582332439,0.8695718515275477,0.9966976736901808,0.9656284551621523,0.9644133561601571,0.7581189556728862,0.9087437872196036,0.9876548429110956,0.9879203468493761,0.9827101970499293,0.9663384345206135,0.9545285601904431,0.9869767065134335,0.9721915396086809,0.9854640805920263,0.949168019926639,0.984315239124301,0.9687310967567434,0.958907505239474,0.9839344156490397,0.8894282245040653,0.9762244115129066,0.9694057247167964,0.9785852800419358,0.9700619398482683,0.9186746402574162,0.9648865574874363,0.9815454754030984,1.0,0.9648166137708852,0.9435814618373732,0.9778418661770951,0.9658789500225751,0.9856850965827154,0.9723930825559698,0.9556285844449403,0.9850937892179781,0.9859714409497488,0.9598161322948304,0.9586856850505974,0.7702825936550685,0.952083102683447,0.9427198907577617,0.8480814315606129,0.9911997042517491,0.9333446003152263,0.9390794951601686,0.9852389832872436,0.567360479213682,0.8375720965845885,0.6206688246530474,0.7690547173281593
Morris Park,0.7072850834379982,0.7683189770210271,0.9298226262482393,0.9724310439682322,0.905289739812335,0.8693983159473427,0.921293675932097,0.7323934522715023,0.8607097407412934,0.8394429514872486,0.8785072048306364,0.8147200479326693,0.9564639903121632,0.9514515945655279,0.9321807667383722,0.9279423006039338,0.8556454075696973,0.9517255611780027,0.7368679771183494,0.9458753375797927,0.9818932630414744,0.9818337002999976,0.8926617256226012,0.9207283152482933,0.8976568971751662,0.962731754364529,0.7457479409823131,0.9685412775602379,0.9342900962009796,0.9859709012524542,0.9667735422408839,0.9612433716129942,0.946834148003729,0.9431966917665381,0.9961783648358479,0.8992959302369886,0.9766843170554482,0.9158867411817925,0.7774315161226604,0.9492411477340179,0.8933750502869551,0.969722329313477,0.9912028726581146,0.9062388951019376,0.930518721669577,0.95641094759951,0.9960888601843452,0.9866210005941372,0.9352834032831975,0.9886089575550239,0.9746907685693119,0.9924450462408755,0.965679509019872,0.992706675105904,0.9940529133673106,0.9910739084024784,0.9937744570532306,0.9925803263506887,0.9574026909437783,0.9973424318305095,0.9811359419430719,0.8362974290957655,0.9890937843062572,0.960862870277081,0.9805724800750889,0.9879034892108303,0.8886427453955853,0.9183820521716936,0.6943813346194646,0.9301984059911707,0.9923655365790919,0.962309635243697,0.9953344953837457,0.9892265374624553,0.988228282779786,0.9799117551637875,0.9904649363301004,0.9939217239097338,0.9519256783793267,0.9935619550671236,0.9411657451331735,0.9793155604975318,0.9743899083383111,0.995092067092152,0.9844489973485563,0.8637342526307383,0.9982152068740008,0.9965595739920965,0.9907979349345389,0.9789284349686609,0.9944724323058863,0.9688303179884311,0.9929062528547516,0.9812378691515826,0.9858497016031236,0.9976004152948715,0.9975591345311119,0.9930148801283326,0.987653602956713,0.9954362273003866,0.9889289551207926,0.9664039654524448,0.9503213076871418,0.9990391268045999,0.846166370243184,0.97992569471868,0.9915629733437644,0.9942206631011062,0.7670834366200807,0.9869608437658222,0.992383800156125,0.984555656988402,0.9844513370356966,0.9952401127558317,0.9905568006328278,0.9907554799318675,0.994653267372756,0.9839829168547305,0.9916953367727802,0.9899646514006447,0.9218786191064159,0.9897112783750256,0.9937112139232311,0.8992793432718686,0.9965133513758593,0.9671932361070841,0.9974103979763526,0.8971133334868329,0.6465931319797252,0.8845999041673456,0.9387951630866851,0.9939905767058881,0.9646603979433439,0.9929046195574803,0.9933147801123012,0.9985313171935671,0.9825622716441389,0.9858552900846091,0.9879499208145648,0.9933737829247932,0.9896301008090429,0.9851511345596141,0.9975468420175204,0.9960314906963645,0.9873760443943881,0.9927530845850026,0.8982024757887329,0.9522158256481643,0.9901916289302947,0.9876358200335524,0.7394521888173303,0.9490077641591942,0.982632351571446,0.9780141798544155,0.9908825580340493,0.9984886133319774,0.9795439671585991,0.9800208020451203,0.9962957334181766,0.9531327616367546,0.9924291974220002,0.9849131281940119,0.9991110898526322,0.9901592347195557,0.9893263432401963,0.9080163173750628,0.993723852515853,0.9001821759551426,0.9708436555080581,0.9809341966912566,0.966027734329797,0.986180408355075,0.8978140738129865,0.9648166137708852,1.0000000000000002,0.9792886721682877,0.9817407030414679,0.9928209782104942,0.9443712434462068,0.8799014862185072,0.9841672274315136,0.9347648973433162,0.9084010269554714,0.9772783752857368,0.9953604876915273,0.6145716842467315,0.9437743081782439,0.9859088418449775,0.727280715285682,0.9334579342305607,0.9729186091365685,0.9849518320465216,0.9226070739503213,0.44973123714881563,0.8619444268007227,0.721064996092569,0.6360028021473167
Williamsbridge-Olinville,0.7531197432796771,0.8074816388186038,0.9486318215131097,0.9797553724743038,0.9539865769630387,0.9216192840944383,0.969432049777703,0.8156690517454078,0.9035869774290587,0.9102611978177938,0.9236364605479852,0.8932382315905664,0.9618358400376649,0.947834099747716,0.9682335708525938,0.9374614685556643,0.8970300868743251,0.9831357653019255,0.8047719832408015,0.9770042241544571,0.9950619966923403,0.9753640427084354,0.9141683448062975,0.971733366165144,0.9499248620314753,0.9837613188254531,0.8418924168623276,0.9714736736211275,0.9502267713801209,0.9823098200176914,0.992734633902429,0.9604119220324996,0.9829177511283996,0.9651584860565805,0.9896071229319416,0.9618706707239626,0.9855276204482557,0.8989571973570907,0.805297632841606,0.9308243520348357,0.9301497427350571,0.9912592865180422,0.9918310835459059,0.9077482293673554,0.9704483900199391,0.9603502421846527,0.9910099516629897,0.9800738954610416,0.9801973338585247,0.9793572589263763,0.9906252362669224,0.9802454539442966,0.981360292703966,0.981694901465362,0.9865697818572022,0.9912960814201366,0.9891191322930251,0.9780060557203574,0.9716775786449116,0.9800973086201117,0.9883723540871844,0.8377817449286564,0.9810044432744175,0.9753741192626989,0.998255606210769,0.987490625852941,0.8929269040177854,0.9314367543174109,0.7545731151553797,0.9215034961082486,0.9715999558327123,0.9365354218132277,0.989121334303624,0.9748507620391916,0.9786787428052756,0.9990578064254061,0.981915820319435,0.9881705528851729,0.9330600752414284,0.9860133479512556,0.9704789554935135,0.9791376260827452,0.9904156842970556,0.9900615277919397,0.99410218729018,0.8786836801975232,0.9832878580178855,0.9802696967360368,0.9865562548809409,0.9914688638714948,0.9744515960604337,0.9608102607435443,0.9760367236324369,0.9550710608486774,0.9855733132105748,0.9855808109691528,0.9822155591612389,0.9704453722161229,0.9855696397533754,0.986591576985835,0.9651216985720114,0.9670981481513373,0.9679034777723943,0.9856386447006095,0.9125678841879282,0.9494972201137243,0.9904279386617484,0.9744545819142791,0.7662817164247081,0.9655458489369646,0.971470188866111,0.9907698722623628,0.9909361838279696,0.971859741962374,0.9889628825437896,0.9943234420864735,0.974765345497425,0.9558007791078783,0.9760989786010483,0.9928963107375159,0.9597530427285537,0.96713776734716,0.973327605355495,0.9499634581610648,0.9733080897501006,0.9841465116766326,0.9788432562547672,0.905961184558038,0.6661591593342918,0.8782758023202719,0.9532855742446064,0.9793043274453865,0.9289027198485157,0.9743494881048127,0.965594885611891,0.9816797808459512,0.9558958087009606,0.9954480505646208,0.9961990856844659,0.969794221988383,0.985899712760008,0.9614595363563976,0.9783103853692063,0.980600920560051,0.9791365698550448,0.9682672990605289,0.9613235612120401,0.9183532289724534,0.9797757687349471,0.9874177624526947,0.8330595666422728,0.969237315537953,0.9527797352097975,0.9450633612010612,0.9683553149756925,0.9823418495887716,0.9886716846011548,0.9571609523045894,0.9796619894417716,0.9222763612893944,0.9914179049932647,0.9654443981089273,0.9838103613592682,0.9881687363243127,0.9606949250154029,0.9330266128253498,0.9852134908426714,0.9065953536521719,0.9532648952860161,0.9900876649135442,0.9918580706419189,0.9922184151124828,0.8842123472764177,0.9435814618373732,0.9792886721682877,1.0000000000000002,0.973142046538256,0.981337233425723,0.90393382163671,0.8721803395241363,0.9924397781960509,0.927641433300145,0.8899940226746178,0.9857455286332385,0.993033735678009,0.6453210433879053,0.9822394484188564,0.9654960305793897,0.7607605309622564,0.9034194249880914,0.9956446500893811,0.9902357415672418,0.8941085191064485,0.5609710194473474,0.9441138075552699,0.7359799881852427,0.7024129682093515
Forest Hills,0.8228767675223182,0.8574303652702574,0.9649888134618978,0.9964870356166659,0.9473230208581731,0.9341546437461375,0.9533229024618459,0.8266641797022275,0.9036493184076521,0.8989464508441742,0.9141962471073313,0.8567360001817407,0.9903790778341085,0.9902610776997516,0.9666716659287697,0.963159511309124,0.9140665853859992,0.9760236605100653,0.8350275274937131,0.9748809307281827,0.9888780547938242,0.9994580568784097,0.9175499273876782,0.9549507909530301,0.9325286541883245,0.9827516399602032,0.8133593357087059,0.9922045749667896,0.9536177921216785,0.9937356321038948,0.9799719414542182,0.9950174966918308,0.9636038406062127,0.9561380019570749,0.9913551073490315,0.9302283293070379,0.986953592174184,0.9630512573882337,0.8751941119833093,0.9769951597071115,0.9313681850618906,0.9815285134186771,0.992453128285372,0.9544264733103108,0.9644322829009647,0.9741696881821073,0.98741630968336,0.9821395802151375,0.9617661731841252,0.9958781687116978,0.9717368259804867,0.9955007902715426,0.9848285102803361,0.993784506466414,0.9880952143120053,0.9728716915617547,0.9914646991915694,0.9899659581460364,0.9604643409773974,0.9865172308558351,0.975685980661854,0.8850846669157049,0.993437316309617,0.9756666849035537,0.9729976414070823,0.9835326678606466,0.9400117827951759,0.9476047490853541,0.7731504177589719,0.962533299509512,0.9858956623568194,0.9818120807680945,0.9732259911269627,0.979812515040634,0.9937397165775499,0.9790224712037763,0.9906398908978916,0.9869573214599936,0.9734324044484743,0.9951453370384069,0.9674211979044804,0.9922412151698365,0.9742887746704958,0.9909770818616368,0.9889007989448492,0.908550395772951,0.9882822192748716,0.9826597089690432,0.9847002040331939,0.9804771051121565,0.9907469461065176,0.9819086687726734,0.9935309332769179,0.9836956286734331,0.9883152272240019,0.9845748263371715,0.9878852822473551,0.9811685611350716,0.9900724896696179,0.9814885831581239,0.9859451910820871,0.9626752174279676,0.9529332195193205,0.9847763612658164,0.8860873839673697,0.9801431341943672,0.9856062369263124,0.9814742277970862,0.8214379984373349,0.9868501020134203,0.9854641619983358,0.9895367061694399,0.9746468605304642,0.9855541710909196,0.9865100504977053,0.9793909314039936,0.9865569685354098,0.9853416066119177,0.9853427892439228,0.9863676036905169,0.9393414599204843,0.9858135179797426,0.9925982495218909,0.9228321888596478,0.9830393461613682,0.9882718352030287,0.9826419838153033,0.9396421892034085,0.7138838256859273,0.913880177753372,0.9689674078036908,0.9854156483081262,0.9712128857517229,0.9880150180681276,0.9794563841570255,0.9867060771197937,0.9796814734940461,0.9730270956777787,0.9740205578022199,0.9816398816246752,0.9869687016083386,0.9788669588250815,0.9872117606917261,0.9865366165508258,0.9877442751083146,0.9789046537366067,0.9140680889089329,0.9613428808157216,0.98095896707237,0.9876403413407105,0.8059862226153691,0.9665871322564002,0.9825123691952018,0.9743985638562428,0.9875249265673841,0.9846057187472934,0.9842254537053602,0.9827288605410209,0.9820256623952784,0.9721177453206719,0.9830176150345918,0.9884219994131664,0.9841522674418037,0.9936487357744898,0.9797377666813479,0.9249678902405428,0.9785703547340829,0.9167110617731944,0.9699290018734307,0.9946356072989068,0.972053554921282,0.9764816453916615,0.9369627512035993,0.9778418661770951,0.9817407030414679,0.973142046538256,1.0,0.99352014650933,0.9433425742092564,0.9248004936712262,0.9880927638246986,0.9664475407783458,0.9386240510939904,0.977270609603455,0.9782432589913369,0.7230653005708221,0.961718578553156,0.9864594692838019,0.7853861430690832,0.9615190142389253,0.9691040637901929,0.9679500116657418,0.9341349623351655,0.5009605772164267,0.8706343588006878,0.7532573366756431,0.6858751627585706
Throgs Neck-Schuylerville,0.765856411473087,0.7980552166809213,0.9376296262177017,0.9864092246189892,0.9261443145667115,0.915193267907635,0.9396395339081389,0.78215423896943,0.8662520017671559,0.8836460731818846,0.8826031891459878,0.8324829169689267,0.9722192598112969,0.9752617275274501,0.9619062498646318,0.9337926791866642,0.8720359034357512,0.9660758800745257,0.7808739732468477,0.9704721999662729,0.9876762178755619,0.9949118533050644,0.8857248563193685,0.9450411444878021,0.9171623355870913,0.9792471602722835,0.7929254101276895,0.9771379517601984,0.9304113525098371,0.998666771697139,0.9776122992572153,0.9802839181397849,0.9675911361982967,0.9388909374593765,0.9966512910908455,0.9213841252030947,0.9880642112468613,0.9359707969449885,0.8165205318372567,0.9590040551848222,0.899492520929254,0.9785407444372518,0.996297152712145,0.9190696038111454,0.9528225648513858,0.9548785042548336,0.9944808858362782,0.978695273786632,0.9537706050933137,0.9933028409790186,0.9694719098497548,0.9975515174733136,0.9718111090215329,0.9985271260185117,0.9933608465718945,0.9897421123271546,0.994646999073491,0.9906883399489883,0.9490993729904853,0.9967414494098825,0.9738513040282103,0.8415198087291899,0.9989306262447495,0.961087662547016,0.9849414728921796,0.9819921373359443,0.9063137185616233,0.9175715071437872,0.7343330554639643,0.9337165793569501,0.9902871893233497,0.9769647959583073,0.9904502934256408,0.9795590832290834,0.998426511194176,0.9854227154751979,0.9977892755778781,0.9906459110922955,0.9585422089941482,0.9969875860422059,0.953026162689548,0.9848860968335985,0.9705583304901261,0.9940639089732278,0.9944618979825002,0.8700512652005207,0.9943340018744675,0.9911596172186722,0.9852706686296234,0.9912045670699853,0.9923746256315855,0.9716145820064774,0.9989330010857411,0.9801026902336233,0.9960611254041255,0.9935285450287384,0.9947214032541315,0.9906470452441296,0.9869795769750781,0.9946502761026419,0.9913651574326486,0.9666460911958469,0.9405726654065745,0.9940211511807604,0.8564294863010887,0.9827603035756786,0.9882991861096231,0.9919099812745445,0.773849538541896,0.9914876156057755,0.9931770222125806,0.995823213227836,0.9763449074720592,0.990747049296267,0.9968469767312643,0.9871644458489865,0.9950253170088146,0.9879967916061808,0.9905250088411418,0.9958302087862391,0.924697702014604,0.9902187976160997,0.9980531062130978,0.9035018009985465,0.9931763593017395,0.985951526518067,0.9942624663184009,0.9068294148533934,0.6467914059556665,0.880108787810623,0.9475392310958188,0.9950895625602386,0.9698842948617803,0.9931042127910157,0.9887956526962052,0.9924209970175616,0.9843710957804808,0.9795657304399285,0.988876246333722,0.990883643707828,0.9927837373345542,0.9856134199814842,0.9917336677468896,0.996513706531892,0.9947846225448609,0.988850433091428,0.9056089680269541,0.9498350845047813,0.9805783277897533,0.9964770660616323,0.7655089493505066,0.9590099421558195,0.9854357280572951,0.9781042905137936,0.9933967799157797,0.9963887347663294,0.9928362525088901,0.9857623781388271,0.9937810182140563,0.9663464747042779,0.9958718632159259,0.9918829756385663,0.9948667125975493,0.9971786472763765,0.987008768143398,0.9038808886864975,0.9871038533561624,0.8948366448679322,0.9578984150173501,0.9917621061726718,0.9778561133466637,0.9870971784744259,0.9082080363579337,0.9658789500225751,0.9928209782104942,0.981337233425723,0.99352014650933,0.9999999999999999,0.940601487390353,0.8941015050939072,0.9950748712210257,0.9384616938113732,0.911891835108924,0.9876221768638452,0.9886475284470513,0.6440163028452748,0.9541289118342507,0.9913946332232418,0.7278817836700867,0.9364374387907942,0.9820795701850954,0.9751697280558431,0.9230337121717798,0.44798735412372753,0.8785177988207877,0.7410238156699832,0.6378651982308317
Stuyvesant Town-Peter Cooper Village,0.6681337577343633,0.7978845327461627,0.9009251675615315,0.9277621417181634,0.8227996084932375,0.8079223012391485,0.8319711245924531,0.6542064643300344,0.8122513435186389,0.7348563900032635,0.8320722128968229,0.6851611950751119,0.9438162575122411,0.9472825149143168,0.8465554015763966,0.9195845269836553,0.8377532182541222,0.8731695666092611,0.6861786453888293,0.8614284850704991,0.9177556333651666,0.9463039076532982,0.8510111472083086,0.8385904592616712,0.7825127207492375,0.8746054203546271,0.6069183002017916,0.9430542061773638,0.8957584260889911,0.9336404938346483,0.8847138728543319,0.9448631117084607,0.8468447124474068,0.8928359077665916,0.943401561603503,0.7939369575433481,0.8876834958977989,0.9619533057429016,0.7839634717156296,0.9795845541282878,0.8537834454175008,0.88470536944063,0.9424792779914524,0.9312659010297692,0.8396552544627965,0.9309537997927448,0.9458211877575885,0.9492020577770979,0.849405133360331,0.962153485689115,0.9198563373875882,0.9584420686667968,0.9194371259413184,0.9553649269294779,0.9590647852768922,0.9051480580057929,0.9259984150869172,0.9680478024002133,0.8884642482684174,0.9555011270604115,0.9306903032906071,0.9141061245975075,0.9478762396137825,0.9223147909253124,0.8959391494425339,0.9383061745875344,0.9438519090310586,0.900155677201869,0.5364215542893608,0.9493591204593539,0.9752701676410377,0.9790200909122593,0.9274519126414924,0.9642551137717085,0.9517599946188023,0.9014612343686803,0.9540292779279747,0.954424470863426,0.9860033521862566,0.9342361456861841,0.8502443666672023,0.9597468184596254,0.9165679651225618,0.9420181743261943,0.9212379604127655,0.9147152663491236,0.9361592808160861,0.9634338997724797,0.9219103532353,0.9018490911503739,0.9674709074558511,0.9773503602426254,0.9549522079736481,0.985699246875326,0.9450647108178192,0.9544691265733704,0.9589385785431819,0.972489945938878,0.9532297936826977,0.9478131995108887,0.9763846795819239,0.8433344108917304,0.8840158164689373,0.9475218841916683,0.765290619888318,0.9863926572802608,0.9495799689402502,0.9681642079576968,0.89091846426692,0.9759950606699682,0.9712800848238028,0.9302259025399315,0.9309353952293233,0.9709913006145137,0.9406421413761807,0.9414502813363732,0.9660404461547133,0.9808022625927443,0.9730260466038381,0.9157631016013879,0.8167140465729098,0.9780413949091903,0.9587274892144292,0.8083998424426756,0.9651943136802112,0.8928888720113775,0.9584101721400428,0.9386463448050472,0.7540575541712826,0.9386317263064371,0.8619306617295411,0.9624615273007735,0.9922400456192088,0.9716403350433821,0.9742376007580589,0.9518189103025451,0.9848783620088096,0.9283128803230085,0.9160905591401002,0.9724475170302236,0.9603963853583076,0.982241710181432,0.9593816574077458,0.9577279914926409,0.9612635884729506,0.9739293842907835,0.7904181898220394,0.9940828233198986,0.9269527052125093,0.9424518766558325,0.6451490539858177,0.8375975524899958,0.9838539820524391,0.9899053363366717,0.9726544088463593,0.9482169564369164,0.9282109333711592,0.9825704937662244,0.9597146703296088,0.9858863039235645,0.9207757417716833,0.9743438005759925,0.9492605909012849,0.9217258490283493,0.9801885923703448,0.8052944771727822,0.9589022065236007,0.9506138009788234,0.9425303728882968,0.9312652257807664,0.8659419636000163,0.9446709078789313,0.9682979621550335,0.9856850965827154,0.9443712434462068,0.90393382163671,0.9433425742092564,0.940601487390353,1.0000000000000002,0.9601515270601289,0.9237542083971881,0.9465795599593954,0.9731393787199263,0.9419917864257672,0.9295434030426614,0.7034074371040896,0.9078546691916106,0.9065499626044474,0.7918420619193789,0.9714164433062863,0.900287700007744,0.8948110770898604,0.9949105032946665,0.4963709559584688,0.7874654882697112,0.5078227039740155,0.7299027656264363
Murray Hill-Kips Bay,0.7935054520877947,0.9216327454954266,0.9392642250518477,0.9261742201055629,0.8677909643646858,0.8594493572628982,0.8614149561636438,0.7748907864775119,0.8837642354139736,0.7881834271501291,0.8939211643209808,0.7522185678261054,0.9593515562348853,0.9539456330158342,0.8545777216752289,0.9570609675236482,0.9220236542945354,0.8843882171039806,0.8155943048515448,0.8642673505638836,0.8999959522801069,0.9261666795207647,0.8956951468842802,0.8650103714522487,0.8161610312662936,0.8667554925187413,0.6857358491466026,0.9483512282010957,0.9211312748130354,0.8963771206578209,0.8771655304757279,0.9504384339697104,0.8353357538350152,0.9098781777717307,0.9006094331178232,0.8238025860022578,0.8620303013322632,0.9865973736484401,0.8988954009447857,0.9822288732214254,0.9114629267480074,0.8746571942059135,0.908481763500741,0.9795676560168316,0.8605432627926476,0.9426396996904814,0.9005490294633682,0.9220863803734646,0.8664356094424988,0.9354490087557471,0.9044058189271118,0.9207390007732396,0.9268720305740379,0.9133833760400805,0.9171529308283857,0.8424130057418578,0.8870662060638735,0.930539985119159,0.8869378416040578,0.8975952394205733,0.9086321963063112,0.9821332743644117,0.9070379492462127,0.9313463417445336,0.8550557108537307,0.9109938351563569,0.9951722739657509,0.9389883306809573,0.6233658645532076,0.9760179090822199,0.9277399579485959,0.9525509739739768,0.8606753509378974,0.9269737180766531,0.9119783443453611,0.8724276480230201,0.9097315389135846,0.915518709785392,0.9823021720434502,0.897210389632607,0.8667745471902409,0.9486301156327929,0.9038816494778056,0.9039034696334998,0.8898748427930417,0.9793569172671936,0.8847471565887631,0.9090307078641853,0.8865501130444712,0.8623313634728006,0.924487422204127,0.9687108998955383,0.9079776043096895,0.951635775199397,0.905374489197646,0.9013538911121416,0.9082112087266448,0.9141587863468918,0.9302037200298777,0.8894681785233962,0.9265172816710056,0.8019158005093785,0.8865254392686879,0.8919797301186181,0.8363621379304397,0.9393838850562232,0.9152959752601817,0.9093820489452625,0.9709956073021042,0.9297463361143694,0.9178868802510893,0.8964080711702965,0.9014303875537181,0.9190635945904341,0.8935817800368474,0.9002482277513053,0.911104513290199,0.9344576044605164,0.927467638998038,0.8709224633201929,0.8363969123380399,0.9304488611025914,0.9092682961723388,0.8470247681704812,0.9039748578352091,0.8819010936076167,0.8968081832195373,0.9880954823575196,0.8827144326254688,0.9783386903832374,0.8823279090972734,0.9086020210984251,0.9517838918282444,0.9243788746599363,0.9124857907455021,0.9006737853627719,0.9358620290981845,0.8920162901125284,0.8640508269774309,0.9138189961610054,0.9213876420535454,0.9305708689537556,0.9097332609466467,0.9020349885399229,0.918396868987482,0.9133348183600394,0.816500754255224,0.9732731937483299,0.8889639205954903,0.9000705365423692,0.7582986584419014,0.8334104070254438,0.9361102672971892,0.939224803443651,0.9222441381751262,0.8870608002614181,0.8928902977900254,0.9399715202189644,0.8995020652997265,0.9591821067294725,0.8668638879313616,0.9321144204284013,0.8901420689419237,0.8852665687828671,0.923095117478798,0.8274113282531813,0.9091027143122318,0.9760217882865885,0.9240059589724514,0.9164067411905792,0.8420713241894685,0.9017132841673797,0.9986539124486701,0.9723930825559698,0.8799014862185072,0.8721803395241363,0.9248004936712262,0.8941015050939072,0.9601515270601289,1.0,0.8893766844843088,0.9720021436032253,0.9944146424943286,0.9039454089363939,0.8774529691816391,0.8665515099467367,0.9225303180713581,0.8544209483970313,0.9062732045218429,0.9790278213913042,0.8631193510101105,0.8507811432440823,0.9809324577102956,0.6573410958355083,0.8020730769657075,0.5071454655888006,0.8534937632140768
Canarsie,0.7773108874523703,0.8093133579141387,0.9427512633773426,0.9881823492289797,0.9452402983184767,0.9368593232552106,0.9596677532936247,0.8138767983071076,0.880934530756877,0.9137136231818652,0.8997132116579761,0.8642175838814964,0.97275858189932,0.9719545788741907,0.9773480112937394,0.9346589947667509,0.8861573412067927,0.9787917979699444,0.8041349793391146,0.9836240399602266,0.9935053174850325,0.991051539615354,0.8910516405182133,0.9674597764466065,0.9378069263529898,0.9873966212984567,0.8333430263560417,0.9766227338858443,0.9346712158143942,0.9973546803176785,0.9889147048834471,0.9780552194453979,0.9843110148877954,0.9469157729398142,0.9941568379003897,0.948973044224432,0.9908973146426586,0.9256576034710082,0.8209090399925496,0.9492587183876435,0.9125217689619998,0.9873573204938975,0.9973151607937304,0.9159137606019454,0.9688798761999028,0.9542570418626461,0.9932457061140866,0.975360121182684,0.9733964667233566,0.9889604030585645,0.9771375126462527,0.9922423468310962,0.97741540274581,0.994186683420511,0.9911800322221229,0.9915539686769259,0.9920746624364456,0.9844520648539568,0.9535833877506052,0.990173253093115,0.9773527984022152,0.83907401205018,0.9959854477988129,0.9662327324478224,0.9947489032879192,0.9816226196250811,0.9060799561869592,0.9198229173995937,0.7518751353989845,0.926525872341906,0.9818793759797126,0.9652667534970163,0.9898697589157532,0.9733704205548658,0.9947698883678734,0.9951709410488995,0.9951841729808883,0.9889151768451623,0.9493887636045211,0.9929792101757146,0.9633009610743162,0.9845783330514098,0.9778329234565182,0.9919586413481667,0.9997262780586099,0.8744019974503575,0.9873581527594143,0.985229285497599,0.9824884718967456,0.9982870586227613,0.9833992112845812,0.967946905574079,0.9916625450239167,0.9682720738463442,0.9975855286504905,0.9894318931733745,0.9886740938849234,0.9821372126220801,0.9860017952615242,0.9927306549154471,0.9816808489807736,0.9645419994944974,0.9467028371488163,0.9889254833132898,0.8832065050398817,0.9699176260035822,0.9886494345124284,0.9847924959525007,0.7712677019048242,0.9829112764804482,0.9850947660032433,0.999809766752914,0.9800234518221501,0.9808867162287648,0.9978794725933315,0.9906011100697089,0.9873049335007887,0.9758881917267609,0.9848499632717101,0.9979872907271323,0.9388703886058001,0.9810567943083531,0.9891424406215528,0.9239375701864962,0.984023077889842,0.9927853510255508,0.9874530484277065,0.9087087561369536,0.6501649321238541,0.8747715029559399,0.949482813339435,0.9901433878359992,0.954369374904235,0.9857454722367051,0.9777061018703948,0.9850983490080641,0.9737137879232044,0.985565276652939,0.9950068951334693,0.9817931574229397,0.9928079758025153,0.9766917256096421,0.9833139179286282,0.9909641473691578,0.9927578666205081,0.9795443845638253,0.9337439383937932,0.9341022813876834,0.9747520740611048,0.9980807941836569,0.8031354490823585,0.9650608545442422,0.9727280294027032,0.9644533549976492,0.9842160816564447,0.9903527582635245,0.998849288661143,0.9766798085719495,0.9880855982631194,0.9525519095947023,0.9968049613047061,0.9840504127408436,0.9891268680447113,0.9958879119286244,0.9754311858810382,0.9103956048154598,0.9851431339908947,0.8982450459602209,0.9476881547519608,0.9957211538415359,0.9898457481964319,0.9925888196011508,0.9005100084128872,0.9556285844449403,0.9841672274315136,0.9924397781960509,0.9880927638246986,0.9950748712210257,0.9237542083971881,0.8893766844843088,1.0000000000000002,0.9319290855349103,0.9020120812962356,0.9943771580574213,0.988899080052647,0.6494117712111223,0.9728517737149274,0.9804047599214234,0.7385807212239761,0.9197689277972514,0.9950951990421676,0.9777288118978542,0.9113471867539386,0.4983763610519923,0.9207903402389499,0.7383217454275834,0.6684321449637028
Upper West Side (Central),0.8319039202641489,0.9331948548930955,0.9877243651909675,0.9701803936182907,0.9340532401656959,0.8899515487159999,0.9281448261275227,0.8283429024427346,0.9503708440299138,0.8435330922392379,0.9545590996789722,0.8497014276939157,0.9858583590840991,0.9680274869502635,0.9060355548790746,0.9956390106656446,0.9630458686830576,0.9470062205854015,0.8649125370036462,0.9193885736421393,0.9548144773028098,0.962580889223487,0.9663841221613759,0.9183304670777105,0.9014003231721428,0.9319497229163781,0.7615717190913677,0.9872283123890514,0.9817153392370309,0.9364675316025236,0.9395548698552942,0.976016509413378,0.8959377528086443,0.9728904468497108,0.9498274735255271,0.8917876050181426,0.9304018831091596,0.9794474678592064,0.9234249288755965,0.9864695737125073,0.9681412790587697,0.9422742243250523,0.9510431282334223,0.9956488151588362,0.9260113054225741,0.9916892691256365,0.9473870179954091,0.9732289587384273,0.9264483020279997,0.9698386361377083,0.9599573884086728,0.9571051035313627,0.9778452854858098,0.9490681898755206,0.9542035870108436,0.9054285793402573,0.9484999305560786,0.9663854764394382,0.9632586727236755,0.9376752534079054,0.9641465146653558,0.9706038142626595,0.9414508449625668,0.9822226653756807,0.9132460968448839,0.9666353662755358,0.9832386780964456,0.98898966815679,0.7425764137865506,0.9997511251971303,0.9564482706319146,0.9538854920868092,0.9140364305090617,0.9691805258450189,0.9436860868220862,0.9298162614365143,0.9409658940917912,0.9586350782884386,0.9833038197179838,0.9525429760226319,0.9445442852893181,0.9792369091369323,0.9619795892153128,0.9559283509310411,0.9360343964702682,0.979575125298602,0.9451694743296585,0.9471912648754012,0.9553152019271038,0.9118752283951499,0.9628443603241643,0.9847636409826663,0.944814213279451,0.9719753024745965,0.9352785097980981,0.9446027476728449,0.9499658834045812,0.9415397222167315,0.9728383633972716,0.9292895194513533,0.9485766913489952,0.90236222910369,0.9618594073338934,0.9421766292930337,0.9110215515080279,0.9510597554463844,0.9599769553613822,0.9393095295708118,0.9275104091991966,0.9493080694489686,0.9447113752503915,0.9353319783179516,0.9568706945509379,0.9546677488438857,0.9309893758154031,0.9449191553222357,0.9428884192156864,0.9519576092351361,0.9547638142452016,0.9262760753406349,0.9287210884993206,0.9537777074723753,0.9458616760462375,0.9285606338290847,0.9396247260341325,0.9353381609151488,0.9355920651718218,0.9899019185078906,0.8665160359981686,0.9848648072104123,0.9615919833809762,0.9397150496729737,0.9507865911827618,0.9534855687858441,0.941627009286674,0.95201042505649,0.9485936124371388,0.9441831589272004,0.9149167600776787,0.9420377918560635,0.9501153739443534,0.9455752927650187,0.9561603900266806,0.9385226431954085,0.9419077530418049,0.940541629081371,0.895734668793754,0.9752383387141134,0.9586434619011062,0.933203601975022,0.8337545152203154,0.9238781143259548,0.9513181080420077,0.948361893141337,0.94777626668731,0.9327672685814345,0.9253887751443638,0.9503780408246137,0.9354620312043975,0.9515362911393532,0.9199533376341776,0.9502716642910746,0.9377393726908935,0.942021741945853,0.9453840828672635,0.9312768702493428,0.9473914893171848,0.9723707498627298,0.9818742908073531,0.9595349941455592,0.9099275312609234,0.9343774790078554,0.9804120819913968,0.9850937892179781,0.9347648973433162,0.927641433300145,0.9664475407783458,0.9384616938113732,0.9465795599593954,0.9720021436032253,0.9319290855349103,0.9999999999999999,0.9846183728019393,0.9251414235067583,0.9356268409110318,0.8518007884754197,0.9523659795804184,0.9234685030732968,0.910803899803276,0.9911095327942964,0.906934190329893,0.9298856422877784,0.9563901506076687,0.6500928396655282,0.830833680633782,0.6686101450929242,0.8177998075045967
East Midtown-Turtle Bay,0.7717065133876001,0.9083671233181059,0.9507609570769108,0.9368520725149831,0.8729775114280365,0.8442449060195459,0.8684917969063309,0.7558472063614564,0.895677727786521,0.7765309642457482,0.9052637407830574,0.7605133839729095,0.9649209838567829,0.9544446146729678,0.8553208523827394,0.968468433823658,0.923019028477501,0.8953524133725039,0.8000870241057763,0.8690908375550371,0.9165997885953265,0.9379784038242045,0.918085475856977,0.8660376860215584,0.826021495605983,0.8793226210686229,0.6724821462730706,0.9606873265829851,0.9414741560335952,0.9093299347938113,0.8910548612272825,0.955445840830273,0.8428937347082348,0.9304656880027202,0.9218222687301033,0.8273354231761111,0.8798948643774479,0.9849848906611249,0.8861207095831327,0.9889812993870815,0.9223449397518712,0.8913320303686828,0.9248378309032516,0.9833032872104578,0.8669415113768096,0.9614765085951131,0.9220428736174906,0.9470431061939967,0.8728249024777137,0.9512374434931689,0.9256981607381001,0.937517440094259,0.941276627852135,0.929645541560124,0.9362309365532351,0.8671695405190024,0.9104699552385382,0.9507045731252287,0.9140129343218146,0.9190918008798332,0.9322567729995909,0.9819812742820404,0.9207299090718439,0.9484939695559014,0.8730968175547256,0.9352446164766886,0.9897790939805313,0.9554216074220038,0.6273408591995462,0.9878907017232256,0.9474832802466477,0.9583195923735592,0.8858801169008998,0.9520584139474454,0.925053361196257,0.8892357693314128,0.9240211069490047,0.9368273755124713,0.990017513425868,0.9184045528600567,0.8823372369604712,0.9614421949996754,0.9250242316761955,0.9260889393591633,0.9034660973885672,0.9798811201348722,0.9118462552709503,0.9320505453083197,0.9143466790844931,0.8754507819906685,0.9462080053589705,0.9804000480445062,0.9253284514412689,0.9693136508241753,0.9167764836552554,0.9243190563752648,0.9306532008205395,0.9342821135694782,0.9492328979276213,0.9098659096589641,0.9431445855098425,0.833538824570315,0.9134241377222526,0.9172080482170248,0.8446921633535729,0.9542159303513075,0.9361875714076948,0.9297023244403345,0.962324549365744,0.9444202511071006,0.9360793127137075,0.9083229350575354,0.9257485290350957,0.9419594876681934,0.9088853618897498,0.9208453707725284,0.9305330093304489,0.9497814124868186,0.9457277591682847,0.8897982650309728,0.8579758146146115,0.9480203374151129,0.927877518378052,0.8631039084543809,0.9266003849044068,0.8914611629853816,0.9194537213511611,0.9889430443910562,0.878123145071888,0.9889223791500948,0.9014996665648852,0.9268178600147925,0.9630688768171768,0.942875375084874,0.9347726019724009,0.9269910853952538,0.9509757242744231,0.9145536679904553,0.8836404836838282,0.934333239274687,0.936215572768237,0.946509829481761,0.9350756599406725,0.9219122421638093,0.9307983864556691,0.9344354267516974,0.8292896859221203,0.9877898202659287,0.9197223110591034,0.9129080017179816,0.7539178645777215,0.854541134566446,0.9517196031147017,0.9551586356104065,0.9394799637189536,0.9104639787153636,0.9020436165796533,0.9520592009320653,0.9209156069181157,0.9641904520701651,0.8871333278677976,0.9449685872109765,0.9147850859668814,0.9043572661058087,0.9427905614538226,0.8562998035441273,0.9315174473932617,0.9835265052980593,0.953871086238661,0.9285194434218575,0.8572097348354349,0.9172271511313556,0.9982035433221017,0.9859714409497488,0.9084010269554714,0.8899940226746178,0.9386240510939904,0.911891835108924,0.9731393787199263,0.9944146424943286,0.9020120812962356,0.9846183728019393,1.0,0.9120381704274148,0.9036492650320027,0.8462316222609495,0.9268150817188867,0.8798456364926789,0.9053838790422836,0.9919243966831441,0.8748915302603381,0.881772855261975,0.9870358110385578,0.6408864604893738,0.7967704009739699,0.5384802173000633,0.8375456043994376
Baisley Park,0.7400511899536433,0.7958461492933604,0.9277330727606194,0.9763169878160863,0.9212847713135015,0.920875837829129,0.9384317652103629,0.7807382446454563,0.8574474383944338,0.8889874991729846,0.8816197963848565,0.8277898366010158,0.9662419481360458,0.9678800923425294,0.959889926212216,0.9235270869717005,0.8694658777494834,0.9604303212145143,0.7711292767573991,0.9660922217982624,0.9825676656073972,0.9829757205864882,0.8696565535255543,0.9516276360084372,0.9068888373436919,0.9673844379274135,0.7978894894597591,0.967536783247522,0.9190273322803376,0.990307220611513,0.9734029409144346,0.9708426739421402,0.9682301012228486,0.9325635677812126,0.9873354199735281,0.9282299914367003,0.9711684984037687,0.9281980191501908,0.7964803820587798,0.9528215632862634,0.8947143534600761,0.96945928623652,0.9923773434333195,0.910183638047447,0.9463563199066284,0.9431014472093144,0.9889813836056432,0.9686384463968128,0.956536233314679,0.9853507877719611,0.9700773044235558,0.9883142451417626,0.9654421876890924,0.9910983817299315,0.9905357085547457,0.9822514392568306,0.9788894947529208,0.9828842751251824,0.935033996237228,0.9880584199880205,0.970252344713421,0.846519072484283,0.9924312936390933,0.9560018133711558,0.9863726089402116,0.9731715679330545,0.9124516859878082,0.9058683093906867,0.6886306307883708,0.921402282191642,0.9839369820507944,0.9707629685221847,0.9859745172272582,0.9714791732955215,0.9919982959221633,0.9855965525867688,0.994498353866113,0.98617821393649,0.956460100014049,0.9810770159767961,0.9370947519812761,0.9822853654711478,0.9686637848050966,0.9840108368488674,0.9925450496184612,0.8790583445436714,0.9759955043569525,0.9855984156221362,0.9676235014356966,0.9900776078226241,0.9802740884580551,0.9719330050095578,0.9873772204947634,0.9712692837288056,0.9975039359391005,0.9874766506971809,0.9860524776859529,0.9859413807553152,0.9812301841122157,0.9925078189359188,0.9850140327245672,0.9331313942968792,0.9292426744422657,0.9839022806450928,0.858475695863093,0.9764870193466767,0.9854437258388563,0.9879349628174714,0.7911651321731136,0.9867171199512081,0.9877178001618706,0.995390077950561,0.9740763952967748,0.9804640004905969,0.9962213370325542,0.9892935473551348,0.9880371762214739,0.9795387679176183,0.9880491377472361,0.9881597457619498,0.90980409705475,0.9844486304303814,0.9852218884026689,0.8996275051665118,0.9843428753315061,0.9774401755065147,0.9871208634311472,0.9124354472564785,0.6552879552438141,0.879422819885577,0.9202370363173809,0.9918314106783321,0.9642932362921193,0.987173362632411,0.9808325724162149,0.9786799289464652,0.9811673697950364,0.9820468196935035,0.9911582879725885,0.9850661621921679,0.9952125132032026,0.9844643649031918,0.9785612502504618,0.9903081717626793,0.9957325921740917,0.983898294960026,0.9133946899170364,0.9431575893587885,0.9600349841829809,0.9972648897405106,0.7708919919185641,0.9340664504298704,0.9777911233363363,0.9732290455948713,0.9861376280358957,0.9866226306860546,0.9975741499943409,0.9837660815246156,0.9891235703659107,0.9619500156411229,0.9893700834083579,0.987514572680464,0.9851756496124269,0.9829304968122171,0.9803477918614789,0.875109228060011,0.9868394919368815,0.9127874265207063,0.9360097862045472,0.9875730284797695,0.9732109604965513,0.9962361566948499,0.9118766390022484,0.9598161322948304,0.9772783752857368,0.9857455286332385,0.977270609603455,0.9876221768638452,0.9419917864257672,0.9039454089363939,0.9943771580574213,0.9251414235067583,0.9120381704274148,0.9999999999999998,0.9822509420369818,0.6405078222837385,0.9731741459656186,0.9600984303741379,0.7388604968426151,0.9188010581101924,0.9925446897595652,0.9621616655262266,0.9323842349115393,0.5112309905048141,0.9268811845345092,0.6635788245534232,0.6924258746518418
Wakefield-Woodlawn,0.7182621462401843,0.7856757075643538,0.9424703982732549,0.9765382373997944,0.9285444024560352,0.8865300771579808,0.9447335298499498,0.7647311239946996,0.8864949369254197,0.8660924247199097,0.9057332986619024,0.8537515947016677,0.95949885064049,0.9472170635346256,0.945496235662579,0.9366201152089642,0.8776426575691357,0.967826070191315,0.7637105217717798,0.9583103399547045,0.9910942028567079,0.9789564245816824,0.9112658089882968,0.9436474025929352,0.9226755406235484,0.9725021164616507,0.7841179463550815,0.9723935224680782,0.9488826854842961,0.9841436155508079,0.9808631743609582,0.9598959190200068,0.9625488653143054,0.9607248426765057,0.9967002739691387,0.9285863999892047,0.981626168120361,0.9066473915944757,0.7859130489528718,0.9421045061829961,0.9157857667816244,0.9821879470340692,0.9940589365643421,0.9089808327580248,0.9484281770152307,0.9640870519161279,0.997963960824046,0.9902306752370958,0.9568411852900631,0.9869142661806385,0.9888282547252005,0.9888617494373666,0.9766415441100876,0.9893698888677694,0.9945673870812494,0.9949071465750619,0.9951549144846078,0.9900795359071172,0.9719024059875513,0.9925428339718609,0.9914723063336491,0.841775096902878,0.9859331689814418,0.9731644125693178,0.9918091682663395,0.9938906234678668,0.8913251742523456,0.9308917859608232,0.7169703164884497,0.9303673185957673,0.9866067528522208,0.9492258122802621,0.9970730944739775,0.9892856464994586,0.9842635905909116,0.9918342872155304,0.9878118109381917,0.9961815040577008,0.9454337587224588,0.992764204157825,0.9570449575085828,0.9822417970796575,0.9881887478402511,0.9969721374330766,0.9902220362924071,0.8755435928324553,0.99571022288564,0.9938806565718783,0.9944919912293593,0.9851358578874957,0.9891808926034503,0.9688405497185565,0.9864525263998809,0.972844914806975,0.9864832266599837,0.9966312891016024,0.9946150237164004,0.9861654265473865,0.9913032615805635,0.9948459581275702,0.9801550479202599,0.9702437876309425,0.9670063711602639,0.9975969503743881,0.8819835453137707,0.9678155406351575,0.9962182794400977,0.9887267550256458,0.7710406155037196,0.9788027468647902,0.985474339357784,0.988184309261407,0.994491826448366,0.9888220122712877,0.991585074133839,0.997656090603643,0.9883348851944912,0.9726210773812957,0.9882682616564575,0.9933499796753613,0.9448339102882686,0.9822317944802649,0.985992046308583,0.9285950522351337,0.9895603302078171,0.9742105196078321,0.9926788584533321,0.9045515979537105,0.6633417285282455,0.8887206138409409,0.9484048469719225,0.9900501535119026,0.9492936540727713,0.9875184440404057,0.9844996140441472,0.9958405033273061,0.9726040154159038,0.9966896271022054,0.9953772752989924,0.9860519725442568,0.9908654202784172,0.9770333637572741,0.9936354023935253,0.9918550801700964,0.9849088733149424,0.9853832582516114,0.9323273250326335,0.9406992878935839,0.9920554694990549,0.9886595218949784,0.7842768566205113,0.9603857710669083,0.9707957654711168,0.9654356130091424,0.9826982012623687,0.9946068401230981,0.9839293386405596,0.9708608570231619,0.9923659609613205,0.937976237438988,0.9944104926290679,0.9770413857005643,0.9963903802365108,0.9909548441137981,0.9794892780034569,0.926761530006487,0.9954114610763858,0.9106393796953403,0.9707124553959562,0.986647461738544,0.9792538019565428,0.9928398997015919,0.8934593644456128,0.9586856850505974,0.9953604876915273,0.993033735678009,0.9782432589913369,0.9886475284470513,0.9295434030426614,0.8774529691816391,0.988899080052647,0.9356268409110318,0.9036492650320027,0.9822509420369818,1.0,0.6282302961597417,0.9648713402637352,0.9775382319103458,0.7507510231519334,0.9227500215428912,0.9852457064331273,0.9944258347173445,0.913004597803054,0.5124139053004293,0.9023027959396522,0.7251367100796182,0.6753695997164917
Downtown Brooklyn-DUMBO-Boerum Hill,0.8639547735697449,0.96794606572683,0.8452426446422131,0.7499148682452556,0.7846264738863771,0.7541207365576588,0.7478250083342458,0.8263847466975524,0.868109703305077,0.7036548644639381,0.850877966283509,0.7395322040002529,0.8035869760357748,0.7743311305744335,0.6887348315487672,0.8593804799199709,0.9060313319370555,0.7382171178310715,0.8895936815043787,0.6938013773478445,0.700811883811428,0.7153169646891437,0.8439778607395235,0.7306880791755376,0.7282683215277382,0.6903135052359788,0.6698151464188709,0.7857218650864222,0.818482233625651,0.6546912517065516,0.6973556667646257,0.7767711994699639,0.641430051982846,0.7888009384747454,0.6605223074610982,0.7070794202995653,0.6612719420818723,0.8383950490419625,0.9410173190977636,0.8007963427811593,0.8582303162042056,0.6973191369893271,0.6742349971313493,0.889170271202265,0.7313273678553257,0.8061793444212009,0.6537882956637078,0.7176910681255738,0.7230354651241082,0.7139898001616404,0.7141022612110843,0.6813484369656402,0.7728056432335075,0.6645115311951315,0.6697018131436241,0.5751005072569996,0.6638023250820272,0.694961688666863,0.7457533786282097,0.6279590130161075,0.7104234807873883,0.9219766233881512,0.6568106033668839,0.7839872154563166,0.6142332585220746,0.7055946924870194,0.8867564048197648,0.8559967070968012,0.6931068916485125,0.8563660616072137,0.6711569500007768,0.714455842568826,0.5817215029024676,0.7006894801330158,0.662269410609302,0.6517207794069702,0.6512988280925349,0.6787998369306433,0.7872315585389065,0.6730067407811844,0.7476400040856698,0.7492389907035694,0.7203601636033955,0.6747664000298601,0.6580509607253885,0.909255148807731,0.6441857627644403,0.645625602493791,0.678886560984933,0.6169928964875877,0.6836899840980168,0.7691224710733892,0.6540507341868952,0.7178285069072696,0.6495407189157348,0.6415498630107692,0.6529811533709706,0.63746458039077,0.720702237073524,0.6145124698079731,0.6607096355985133,0.6102085781606433,0.7520925935086364,0.634445632650375,0.8147311625635025,0.6754692742509668,0.6863315329102919,0.6321695952244546,0.9209348925581915,0.6667838461670694,0.6478774243110401,0.6553340558879198,0.6894297920833351,0.6620039662456743,0.6317353034863584,0.656112134499623,0.6415772195804271,0.6741922778482902,0.6702072387407872,0.6262064852703786,0.7379954635589928,0.669781551622072,0.6529813922471639,0.7713699074030934,0.6289842708546923,0.6901828434399507,0.6209048845192036,0.886535151679287,0.9616307094982598,0.8792016222032961,0.7816404544733875,0.6374208316598465,0.6944731105789309,0.6664309588234693,0.6346114651350491,0.6547014990602955,0.6668402163737837,0.6619476110107771,0.6014279415902594,0.6378314175269898,0.6695826308291776,0.6568569655583789,0.6637843045311579,0.6322728319592563,0.6564570055217157,0.6340107728175289,0.7077078190419278,0.759127949502846,0.6823436229698919,0.6421168282670532,0.8160622456434947,0.6909950379107027,0.6729739622250618,0.6691901702037166,0.6572370335429739,0.6159074693902032,0.6422021168715004,0.6777567594183869,0.6226635851458378,0.7183005342743826,0.6060560183974677,0.6738090248561148,0.6245523581571716,0.659560905645547,0.6485203793282116,0.7560657271108583,0.6509579165509906,0.8316481975826057,0.7525915820085354,0.7132256964728123,0.6366072493844744,0.6419801238694329,0.8569900775781835,0.7702825936550685,0.6145716842467315,0.6453210433879053,0.7230653005708221,0.6440163028452748,0.7034074371040896,0.8665515099467367,0.6494117712111223,0.8518007884754197,0.8462316222609495,0.6405078222837385,0.6282302961597417,1.0000000000000004,0.7539237502764683,0.6220891622359771,0.951824434875711,0.8258114069068287,0.6138734296859369,0.6332995823988349,0.758879956034398,0.7933209952338887,0.6223786040766554,0.4783530154914079,0.8815081773536444
Hell's Kitchen,0.8036135242942364,0.8850970940223085,0.9723555868095056,0.9776335661205333,0.9689774354200777,0.9417288300469595,0.9763992889779353,0.8654071991458105,0.9414193911711835,0.9225237865983752,0.9595094207614575,0.9103205342175501,0.9761678717407526,0.956770519864061,0.9616535954212446,0.9651155430798198,0.9474744369353657,0.9822136318794317,0.863592627908254,0.9683994276504448,0.9835743603969852,0.9646706091747185,0.9395897047447143,0.979553994587382,0.950684608157257,0.9682662900208805,0.8591826464689414,0.978228382758176,0.9670345733734234,0.960078437068285,0.9822216794705412,0.9668430456452006,0.9656877010994832,0.9767754595146074,0.9667400329334488,0.967176235296194,0.9598706133543342,0.9280129923485921,0.8661667687071442,0.9478369254489707,0.9637339970340253,0.9777816892501285,0.9751709831324425,0.9466450412706792,0.97009862568278,0.9719638559660074,0.9688898075402759,0.9703334300224433,0.9824200475482311,0.9699913945115698,0.9862691013441728,0.9629092679204594,0.9865935549731065,0.9617407004546088,0.9699427199185149,0.9517106635162689,0.9632868022711382,0.96461995050254,0.9680996964618541,0.9515747224728923,0.9805342834409243,0.9029422067694494,0.9602656184611779,0.984619012930383,0.9722424690428845,0.9751583750783188,0.9427978692266227,0.958717398901435,0.7579496611127579,0.9486585251700017,0.9546870998900165,0.933972194383299,0.9526784191443324,0.9630435014879684,0.9594037213277724,0.9801475941089616,0.9617720551730864,0.9723439014288433,0.9493002031208981,0.9623228539869815,0.9672571389125114,0.9810042288231392,0.985915366798818,0.969784363525665,0.9754330564569352,0.9379733628511494,0.9520624889826701,0.957385109395543,0.9632225858118681,0.9652191843294428,0.9563356688717652,0.9710069322095335,0.9519285452105717,0.9487550639012493,0.9678321019868795,0.9609753219414302,0.9587649507601401,0.9474909289666563,0.9784323407952563,0.9586639098661802,0.9468192444353374,0.9231735640836352,0.968107408083825,0.9570108248433861,0.9457218336213471,0.9363868660464117,0.9770901014402118,0.950369340147715,0.8497055394639497,0.949545944819333,0.9501898879043208,0.9727174948258069,0.9790252311896678,0.9504682553681504,0.9656317701618075,0.977292658819543,0.9507917734354495,0.9402604078967,0.9609213683536497,0.9638573512991336,0.9573904859453999,0.9508607655101419,0.948440143328722,0.9635736633155745,0.9456108555359981,0.9702999688166298,0.9498801463666181,0.9537334242069283,0.7699744650036552,0.9241862362908266,0.9521947486661608,0.9563009762474817,0.9230978897937882,0.9563920368262533,0.9405347134120485,0.9555572348546973,0.942040456336859,0.9800732391550626,0.9677337984015871,0.9462905272860382,0.9727215404397641,0.9460494729871117,0.9548179378314564,0.9545010551890375,0.9630718776919068,0.9446648027745315,0.9674978400303655,0.9273210055864165,0.9561267620305297,0.9674398225698642,0.8826963214482964,0.9483218417558686,0.9378433207992549,0.9320150699700142,0.9483504227545314,0.9503559491454888,0.9714571194787147,0.9463553926691309,0.95254720892887,0.9235304028510065,0.9588259839156025,0.9512953362696877,0.9535196965142844,0.9626438588726607,0.9400479185133083,0.9295823429052995,0.9663417830269452,0.9499962208980641,0.9473329843793874,0.9822729883235395,0.9684212148060233,0.9768787165225578,0.9265980018482415,0.952083102683447,0.9437743081782439,0.9822394484188564,0.961718578553156,0.9541289118342507,0.9078546691916106,0.9225303180713581,0.9728517737149274,0.9523659795804184,0.9268150817188867,0.9731741459656186,0.9648713402637352,0.7539237502764683,1.0,0.9242869176000239,0.8499757766277191,0.9224480791574916,0.9756757100044741,0.9601229934560666,0.9167644528307388,0.6845314028556506,0.9604912105387036,0.6752695932889006,0.8141854606516481
South Jamaica,0.777021115586283,0.7798914492805105,0.927307214603609,0.9768467978304675,0.9219982212147331,0.9022271531372187,0.9332349937486124,0.7818795273434801,0.8607478282605787,0.8784870299791813,0.8707191544311972,0.8383774740503332,0.9556342072375332,0.9584097923783156,0.9549724986586267,0.9204373221399659,0.8581590916898036,0.9596870782470108,0.7818809666067641,0.9643631331703817,0.9769418015191875,0.9844427489171031,0.8823152275038967,0.9322718810417874,0.9217614437106184,0.9779359375378727,0.7964694667154776,0.9643206959176996,0.9218864938060057,0.9878804791215497,0.9698669822562394,0.9663797696918731,0.9600345186719436,0.9283502196564478,0.9858725805896777,0.912672391057892,0.9894058477521857,0.9126406026668836,0.8139974309015371,0.9354370647507627,0.8887008220760892,0.9744035675630124,0.9816549448690137,0.900467533133711,0.9499210861561147,0.9437278031547867,0.9805819391218641,0.966386794703842,0.9434568913451254,0.9781182715000238,0.953298037486596,0.9840847530385438,0.9601346473129257,0.984260645707467,0.9753703020262036,0.9825536694331785,0.9908129325553594,0.9745543917747174,0.9458719144069088,0.9833625254740526,0.9594751447036886,0.8070669721477579,0.9848689084363987,0.9473140227427694,0.972408733862822,0.9707881308326353,0.873299862575372,0.9068527914602074,0.7767899321626702,0.9170093914326197,0.9717314388261443,0.9546584289528107,0.9780404874021104,0.9635623889601743,0.9836203416277313,0.9731103162442826,0.9805903557509524,0.9745011444428464,0.9312737207085489,0.9920392749275919,0.9559490802431951,0.9655938922014777,0.9566793601212391,0.9839387303873607,0.9811123959180219,0.8363865202899873,0.9908084460354228,0.9742436918052566,0.982893881920639,0.9795079810672337,0.9793787374079582,0.9461183417561244,0.987459043316419,0.9604585910897548,0.9766239387746851,0.9785766703624789,0.980935484975608,0.9712191105776932,0.9715249583080888,0.9777513426743483,0.9722357032670731,0.9843033473850468,0.9352947349440879,0.9830560584870971,0.8491268743321586,0.960865808028504,0.9716206401672446,0.9728208400106462,0.7257256153356544,0.97122269923583,0.9745789429554335,0.9800217510170557,0.9612579194918123,0.975767248980338,0.9798661247944361,0.9680809342429214,0.9785569705825476,0.969073165736767,0.9696622795088955,0.9875714123252732,0.9294797102862657,0.9705394974326895,0.9868524788032863,0.8995555813503809,0.9780959720436295,0.9800316753382239,0.9792179868796004,0.875879538192746,0.6112794448696642,0.8511580319598002,0.9560710703834395,0.976598359471289,0.9447778504365769,0.9749777267310544,0.971212927668309,0.983260862647459,0.960895805178422,0.9617180564615765,0.973185190872191,0.9722593189930584,0.9705759133838907,0.9613974567390432,0.9808990970054449,0.9809977875993661,0.9731668556687487,0.9692299372088732,0.8961783055402218,0.9237956946201211,0.9791238441085577,0.978037224181917,0.7621482644762932,0.9705796785418086,0.9652241730414682,0.9542764582962083,0.9757295463213724,0.9849372086607219,0.9731672940420191,0.9617530549360234,0.9767349817015237,0.9404435321267056,0.986059226437269,0.9714964829241778,0.9832750220174068,0.9927331775783753,0.9672334328533089,0.9179696918736896,0.9669901850072061,0.8529647006936009,0.9526946525639155,0.978336407301171,0.9729054863136275,0.9621787097740824,0.8735160955209448,0.9427198907577617,0.9859088418449775,0.9654960305793897,0.9864594692838019,0.9913946332232418,0.9065499626044474,0.8544209483970313,0.9804047599214234,0.9234685030732968,0.8798456364926789,0.9600984303741379,0.9775382319103458,0.6220891622359771,0.9242869176000239,1.0,0.695153345651457,0.919815928227251,0.9618815830777362,0.9728077726982448,0.8821916489978991,0.39030996299633636,0.8369381057128212,0.8105564494224964,0.5732170545441606
Chelsea-Hudson Yards,0.7787551907415708,0.9549687869396911,0.9080270147717827,0.8132664168386523,0.8374322452179849,0.7596050043455008,0.8148880414576442,0.798642660586545,0.9308388882182848,0.7197470268998526,0.927583206223191,0.7992337063362444,0.8562473185970162,0.8079432643985985,0.7350966349698463,0.920406519130235,0.9443398163294108,0.8107424439200103,0.8563952714493216,0.7493720219633083,0.7938588597015551,0.7793507896070078,0.9281248103152449,0.7930948030857892,0.786681923505639,0.7574830498749653,0.6761789586838393,0.8542466210485363,0.907340660609218,0.7302728147030153,0.7831476581168774,0.8217003473657173,0.7160601799606496,0.8890157914235375,0.7611112874471192,0.7776001226002427,0.7368431854061003,0.8607091049971497,0.8973616579574736,0.8552877116865949,0.9268894970746593,0.7830402019608195,0.7690383543255023,0.9260384725617644,0.7870075204509432,0.8904598488150572,0.7624417984723556,0.8273893095495967,0.796269562712822,0.7983172185480361,0.8320753366877578,0.767087491094436,0.8545165709482051,0.7522571016343822,0.7750468809739396,0.6917259059873377,0.7594803515045376,0.7938136969192732,0.8536732409852767,0.7306733802099363,0.8281616701651963,0.9670887935397547,0.7380986792379216,0.8762787983617092,0.7253654028768386,0.8158766062268457,0.9211069055635749,0.9300811427930284,0.6563742180140129,0.9144103837107556,0.7713861083532346,0.7675718166753837,0.7051391160342404,0.8144601785169393,0.7415066331507882,0.7560505005716182,0.7405216966119517,0.7881910382503584,0.8526665677661204,0.761047718921613,0.8151056418952686,0.8331909410983503,0.8331616779906523,0.7768943757879214,0.7479866164791137,0.9664079829724533,0.7470081858076887,0.7586430420323323,0.7847282101998554,0.7073257971945343,0.7796631509751561,0.8534963350926722,0.7375995145169116,0.8052288864450878,0.7383719359836249,0.7538324825482846,0.7584506778580594,0.7424045329004096,0.8196020240952802,0.7262135902407998,0.7507938721030976,0.6990400198039078,0.8640922641889154,0.7466348132548892,0.8870200311815556,0.7588546263196673,0.7973097961099587,0.739372843543269,0.9570977452999355,0.7534290326318899,0.7451498317131142,0.7425154180939535,0.8123177067295418,0.7652843446076014,0.7297380459825681,0.7759447019089978,0.7402837288570036,0.755523276598795,0.7730286262770028,0.7229822869899328,0.8259716563700699,0.763909734942241,0.7381037235017605,0.8607017054219518,0.7346666836820159,0.7539643249952387,0.7301626929886609,0.9405822016868685,0.9876784135676913,0.9514115635028403,0.8383810145060071,0.7393717840091806,0.766288465918343,0.7636643206707783,0.7403002034115095,0.7632088558623464,0.7572320334530483,0.7885263638937825,0.7192503554020604,0.741948651026477,0.7709014380959657,0.7541111665015353,0.7698991545925525,0.7342975137151925,0.747163342270266,0.7415636762372062,0.8094547658740673,0.8375817872830261,0.7919392120814276,0.7345606566549482,0.8486981156957154,0.7606538922701794,0.7565615098554044,0.7585133996884595,0.7478377965889812,0.7230400774773585,0.730086947521025,0.7605591013064007,0.7325388711490803,0.771425746537775,0.7096976822629149,0.7552406034651522,0.7357238873945553,0.7442115983805239,0.7478124031061091,0.8401870236992083,0.7718749324725519,0.9305055621199503,0.8542244652882189,0.7931642382240772,0.7264995028142678,0.7584928011536639,0.9027458306426299,0.8480814315606129,0.727280715285682,0.7607605309622564,0.7853861430690832,0.7278817836700867,0.7918420619193789,0.9062732045218429,0.7385807212239761,0.910803899803276,0.9053838790422836,0.7388604968426151,0.7507510231519334,0.951824434875711,0.8499757766277191,0.695153345651457,1.0,0.8770025950438148,0.7213297543007604,0.7586789765841445,0.8383017722731062,0.8769914571229552,0.7407897725437228,0.47361225997217626,0.9586298231772444
Upper East Side-Lenox Hill-Roosevelt Island,0.7950216978485195,0.9001233818566655,0.9596853857063509,0.9550729658955867,0.8883853096214417,0.8569526020510189,0.8838095759109761,0.7668222828553514,0.9011474326645923,0.7940423125686786,0.906477999483175,0.7776474748962731,0.9748175307297181,0.9677306086372579,0.8769357568845317,0.9745942612946558,0.9223269717753793,0.9133854390310534,0.8099816954752737,0.8912199488440877,0.9338436714553326,0.9584197956455408,0.9271398157493458,0.8777700536463336,0.8499588803912463,0.905623410277851,0.6918137330952004,0.9736899678950364,0.9507658640504867,0.931787853780274,0.9100931000967459,0.9702793297902265,0.8645758900698997,0.9390627312416449,0.9420393822646496,0.8406319919052984,0.9103019775524898,0.9887007496930591,0.8958609662382506,0.9935601900387505,0.9262640134964649,0.9135168775492116,0.9413832963608622,0.9850184146759439,0.8880687905410127,0.9719431851140264,0.9392702272357218,0.9612125734810323,0.8869446012125694,0.9664417691762135,0.9346115149618615,0.9560505262222143,0.953818023761547,0.9482437225365786,0.9497102002101798,0.8924615633198929,0.9361822661937408,0.9650502542873607,0.9310507996784839,0.9392349165278038,0.9435225508346494,0.963429475186106,0.9402691327109912,0.9572929279542477,0.8914403061776287,0.9507865402681156,0.9793589968341534,0.9614877514283049,0.677378145172249,0.9926129714331171,0.9612653995995931,0.9699459858496868,0.9065267336355883,0.9642747028174345,0.9439233845829196,0.9063666467235216,0.9406714969549609,0.9507252461365235,0.9914760711585958,0.9436699169091708,0.9068692211682989,0.9706253059306658,0.9359189317924193,0.9457346436969126,0.9216676454349079,0.9629935378944526,0.9387021255589818,0.9472615576547023,0.9389901423508946,0.8966276047750271,0.9642128331618129,0.9830834476848436,0.9473044966660114,0.9804415989172491,0.9312521686524953,0.9413095987842574,0.948769865038346,0.9488077376106806,0.9619622249876985,0.9266404265092357,0.9580100873969628,0.8773131425308763,0.9274453649242993,0.9378253528882264,0.8488524164056535,0.9663893753055656,0.9487744238177322,0.9445388776014687,0.9290743406443213,0.958242377837142,0.9514360681518169,0.9251915701873362,0.9373121114185812,0.9589567754184569,0.9256047975835351,0.9320448747074048,0.947862692207682,0.9647927193907133,0.9572932776473231,0.9135203905729987,0.8804779705241756,0.9615391582440749,0.95010878067971,0.8748085759982467,0.9451488170375912,0.9150412438473016,0.9380095761818869,0.9784488634699111,0.8437875040626656,0.9778302568454759,0.9299416491951414,0.9422526633795099,0.9720034244385366,0.9575592904064195,0.9509651192226893,0.948365137709838,0.961712590014115,0.9250940166655702,0.9003271644295643,0.9496071580292985,0.9464497597690849,0.9565678612757422,0.9549193636800364,0.9400945996943052,0.9433448603690795,0.9487445220730719,0.8384193049920132,0.990731406529755,0.9446003479592641,0.928291387246882,0.7565897968873283,0.8894575455100497,0.9654961138594496,0.9654468149541982,0.9557192388132234,0.9323182460299942,0.9161007801440254,0.9623312598549961,0.9376208838121897,0.9722748325814381,0.9102908145550819,0.9586828474052412,0.9356318983903691,0.9307073278119476,0.9569647716090461,0.8847452141562394,0.9426505794553626,0.9629056941977662,0.9716345199190967,0.9445074795969329,0.8812172325058011,0.9246440553277082,0.9880480654388318,0.9911997042517491,0.9334579342305607,0.9034194249880914,0.9615190142389253,0.9364374387907942,0.9714164433062863,0.9790278213913042,0.9197689277972514,0.9911095327942964,0.9919243966831441,0.9188010581101924,0.9227500215428912,0.8258114069068287,0.9224480791574916,0.919815928227251,0.8770025950438148,1.0,0.8870186310331287,0.9060282262512664,0.976047606250342,0.5746529995324889,0.7805789583371969,0.6209180841359304,0.7772584185996663
Flushing-Willets Point,0.7466091316457513,0.7842970769259049,0.9272927321711163,0.9738713996395404,0.9412870738083551,0.9302256498450371,0.9596307010636568,0.8074563133539696,0.871600700006803,0.9164062623615034,0.8947769956617463,0.8719069067005777,0.9542956612174028,0.9492646967223782,0.9734749790203205,0.9152526095947043,0.872152302680641,0.9742859778200905,0.7882318223559919,0.9789749409928719,0.9878018947582818,0.9738241084627232,0.87813381838994,0.9694333202467629,0.9375965151654014,0.9804333382909985,0.8434871059899284,0.9599243322187642,0.9227086571253642,0.9857401713913414,0.9865317551120407,0.9574720899427704,0.9866837281862019,0.9403938480334415,0.9845245571855809,0.9566096767888522,0.981952917206645,0.8938438038089781,0.7875898198186858,0.9233357756215544,0.9032381101996845,0.983002779203883,0.9892206701281472,0.8893851842462254,0.9649764713996437,0.9385772916889833,0.985873028200432,0.9640951308460517,0.974844696656179,0.9740137400335372,0.9754838761743219,0.9779052309465012,0.9674671366606181,0.9814716675794513,0.9821634791394344,0.9902305171863488,0.9815191949593076,0.9705621568599375,0.9467826582786042,0.9789228827020541,0.9726016576738791,0.8129220562364645,0.9838139821584672,0.9568390881607951,0.9975136277917371,0.9731316913039636,0.8817780384330915,0.9031142503694635,0.7373916837623642,0.9007558906597644,0.9674094333858044,0.9408682846793703,0.9874164056094188,0.9611183287501538,0.9816121598330578,0.9956769249889622,0.9845125226847798,0.9803704677317842,0.9258383272148538,0.9800698203264572,0.9557380348880784,0.9714311731133146,0.9749717606070435,0.9822748206313019,0.9948351161261286,0.8554992449385479,0.9750295392002463,0.9751471299826635,0.9724244992520961,0.9962902909375475,0.9674158567829618,0.9516216211901569,0.9765163798052001,0.9478715484563138,0.9901229515133088,0.9807826633102903,0.977252676534125,0.9694194842138342,0.9751767151689964,0.986699563916315,0.9653691280732304,0.9549527222080718,0.9414434374932288,0.9796883746841544,0.8862549137940755,0.9498384419673231,0.9816205677739331,0.973612540616944,0.7439390303597878,0.9668197325693202,0.971366256006393,0.9937475564995896,0.976834673154841,0.9659546571499009,0.9917869428180974,0.9881743746021961,0.9742289641267156,0.9561269394948909,0.9728702513374423,0.9926413981230605,0.9370513017544931,0.965322279179608,0.9729677183154922,0.9259435613049913,0.9711443713471309,0.9845080181795716,0.9771094012547956,0.8884427356485217,0.6239569330481192,0.8513738711461297,0.9328524476191296,0.9797814194506894,0.9301272954022172,0.9718806391248745,0.9631713845111887,0.9729232021598179,0.9565260991225275,0.9856742882858185,0.996328592626697,0.968501849982897,0.9850572682396073,0.9620662366334711,0.9696992451367674,0.98028830643807,0.9825945475599033,0.9666649345470864,0.9456100786415094,0.9081056504922105,0.9626656860317409,0.9913815915320399,0.8091040907889349,0.9564675133330658,0.9528472829501662,0.9447405229529444,0.968461140543898,0.9804611900939182,0.9949629008950711,0.959370985703131,0.9786415418009234,0.9264372370809133,0.9921384586802954,0.9676278265378673,0.9796455674350039,0.9851179195665979,0.9592549843632021,0.9013345489728528,0.9789283626218069,0.8868711236725436,0.9286839270480446,0.9865702374947659,0.9906616391059623,0.9919428832627935,0.8730369118844924,0.9333446003152263,0.9729186091365685,0.9956446500893811,0.9691040637901929,0.9820795701850954,0.900287700007744,0.8631193510101105,0.9950951990421676,0.906934190329893,0.8748915302603381,0.9925446897595652,0.9852457064331273,0.6138734296859369,0.9756757100044741,0.9618815830777362,0.7213297543007604,0.8870186310331287,1.0000000000000002,0.9758022890389546,0.8887470136388109,0.5211041073465678,0.9491387595740931,0.7196822542352003,0.6727913047158395
Flatbush,0.7319694747283427,0.7920051652878933,0.9484345152165917,0.9710451588601005,0.9431184458099079,0.8841380302007222,0.956979422909669,0.7877239279460737,0.9090744558123576,0.8763555372690907,0.9243641168507443,0.8893864479173039,0.949705749460844,0.9288285626614291,0.9446870958658806,0.9381682799162573,0.8900201803328627,0.9741830667315409,0.7863218955097752,0.9584055890382694,0.9890371931015545,0.9662100708871485,0.9310265441480896,0.9491005673728933,0.943660529793026,0.9752463670884522,0.8102726701215477,0.9667648025810988,0.9594456161258925,0.970201268056621,0.9839064307241409,0.946853227363779,0.9635301714923438,0.9712208439027736,0.9873780425396251,0.9422790395529183,0.9823982966015314,0.8831944027770988,0.7931228076522175,0.9206700477594273,0.9307803605763143,0.9868905465667874,0.983322075132953,0.9018314431362386,0.9571484554768529,0.9658784390940424,0.9877833708192274,0.9861152258200213,0.9637334522954384,0.9734896586631221,0.9899140810594972,0.9739976563425146,0.9777412663218105,0.973464804463516,0.9807051817327973,0.9887553377719172,0.9915071639601604,0.9761849802844511,0.9844901157224548,0.9763729890204758,0.9910190014388809,0.8297923752939146,0.9692476456270513,0.9756299606084737,0.9878726429491006,0.9916107489738784,0.873105221074773,0.938998097488181,0.7616001234692968,0.9231319030052428,0.9677282665710657,0.9199629880527,0.9864561011348797,0.9795495560132959,0.9665064261562466,0.989473266463054,0.9696833782156091,0.9858867036706079,0.9221413855387118,0.9862824358497527,0.9709132822454349,0.9706453394215944,0.9905099104855221,0.9899890520334828,0.9812762315441891,0.867952769047296,0.9895802363372357,0.9785315662256932,0.9957000261066073,0.9760909096575393,0.9749544963861463,0.9519665134494919,0.9696767803186122,0.9525075336111395,0.9687811746855466,0.9835953463955162,0.9808893395217726,0.9648443526217567,0.9834005884082258,0.9792227458933379,0.9571950357265067,0.9829582277400082,0.9805566161009561,0.9869858611785225,0.9089494092776793,0.940772543901722,0.987731155898419,0.9685319504615487,0.7492610313820515,0.9552758807300753,0.9642978523620814,0.9754156905920308,0.9927871723507607,0.9721704608455367,0.9762029083560251,0.9884469218442198,0.9690012716603229,0.9478896251076361,0.9693940127811747,0.985987008537929,0.9678675022919206,0.9606084817690071,0.9687341898399674,0.9516797683611881,0.9711348002066592,0.9708718787929558,0.9757499748283306,0.8932184117418086,0.6660632301312106,0.8794487358983814,0.9630217979076204,0.970904962515014,0.9177228827748553,0.9685704656068717,0.9633170159255229,0.9863769759185737,0.9460771749476776,0.9923956754765637,0.9863985866076462,0.9649550340769447,0.9738013070439407,0.951404090561117,0.9822325635987886,0.974576214405978,0.9639939117092253,0.9637624594653582,0.9527607807429501,0.9154728876391718,0.9935038937649529,0.9720293853600347,0.819996311386578,0.975361470157053,0.9450398431319844,0.9371261314731288,0.9610833401001334,0.9804959581492769,0.968275885665429,0.944076706349455,0.9745890140356714,0.9051474004762333,0.9847211682765529,0.9533539237353297,0.9838404337026109,0.984956858625967,0.9559333025947888,0.9554639681452778,0.9817791546406527,0.8956956393960205,0.9711795970875711,0.9791347676541017,0.9815712902744173,0.9779468389530439,0.8689992110683787,0.9390794951601686,0.9849518320465216,0.9902357415672418,0.9679500116657418,0.9751697280558431,0.8948110770898604,0.8507811432440823,0.9777288118978542,0.9298856422877784,0.881772855261975,0.9621616655262266,0.9944258347173445,0.6332995823988349,0.9601229934560666,0.9728077726982448,0.7586789765841445,0.9060282262512664,0.9758022890389546,0.9999999999999999,0.8787958849070954,0.5358018021649142,0.9010501767453835,0.7717720525098455,0.6729393003915017
Gramercy,0.6951076610736506,0.8380069629279169,0.9127123902471076,0.9245913063964717,0.8324679865111421,0.8184542694671711,0.8373656671981515,0.6839532947062195,0.8342244276704818,0.7437149034097238,0.8528366313084114,0.6997232695955742,0.9484666665755431,0.9477643666574052,0.8429878344135543,0.9324669318951075,0.864908831940357,0.8730965259759855,0.7196885374852787,0.856705497380066,0.9106434086169806,0.9373486327744306,0.8653955751876473,0.8438680306618591,0.7857991399747395,0.8661690590581199,0.6213187669772001,0.94421817375286,0.9045119279647583,0.9189103336933688,0.8792216770685405,0.9447911532419936,0.8382053249236181,0.8993056322765036,0.9288140744607647,0.7994327093181238,0.8732952096880999,0.9715209697565904,0.814822447374579,0.9832999719545139,0.8725104841415792,0.8776347787624704,0.931245972104923,0.9484953723295929,0.840458652456804,0.9355144381163777,0.9316661888988215,0.9419003498932546,0.8517110357943836,0.9538037177153186,0.9170262420484013,0.9457457185424704,0.9212295121468551,0.941307956244463,0.9472075896515795,0.8828300769794026,0.9105195243055634,0.9574362012947549,0.8870356327717456,0.9368419562554664,0.925481680941445,0.9444728062039831,0.9334510848357738,0.9263157541968222,0.8816122204376331,0.93017329696859,0.9657549948670405,0.9137866622995007,0.5435322631956366,0.9601868315776245,0.9620759809090624,0.9715901871971768,0.906015692531157,0.9549831515413783,0.9378891339224749,0.8909294444016241,0.9397994928402255,0.9434405036223983,0.9891971231143903,0.91936943213896,0.8496150871154596,0.9577722406612104,0.9137514306919619,0.9290694493830173,0.9095902797996529,0.9432203045997086,0.9172177491572151,0.9478532861074743,0.9082817552464374,0.8864930106876409,0.954117935485478,0.9787380499308566,0.938368201023494,0.977419043357384,0.9325246562151934,0.9384443628395441,0.9432165107678901,0.9559237814653221,0.9470255564976987,0.9300049844099968,0.9618642567005397,0.8205221204701827,0.8848214546188596,0.9296113533307625,0.7865996864457684,0.9737572438498435,0.9402896627766172,0.9512869908499464,0.9296196206551631,0.9626914033581716,0.9556079637801205,0.9183256938236812,0.9235232000759326,0.9556176405695253,0.9254723756580819,0.930513841356403,0.9492331416344408,0.9672422598917526,0.9609971185550242,0.8986882346984859,0.8180480007680756,0.9647732656919574,0.9415326510555362,0.8185835741883251,0.9464600337555549,0.8844575156796202,0.9394350544775031,0.9605084402571787,0.8067781898147919,0.9591504783385317,0.8616393774918549,0.946454337368405,0.9825664930080517,0.9579947877024287,0.9563583320708715,0.935096164918513,0.9721491560663361,0.9190647511589499,0.8995806340347499,0.9555656196778318,0.9501529384261306,0.9690029723104752,0.9436737881259116,0.9402838645628051,0.9488738123700953,0.9569278060670465,0.7972779251222463,0.9927269223472787,0.912906008701042,0.9289028460961938,0.6770401923395614,0.8276054864608144,0.9704378984690626,0.9771004143013585,0.9574615726502698,0.9280803139835335,0.9166203412556542,0.9715102186908228,0.9417028144263448,0.9798198060433067,0.9015117022926222,0.9620309261445585,0.9302107863830353,0.9062346653697597,0.9642414456062883,0.8059883791903871,0.9459902104368125,0.9701036850207491,0.9370385180390376,0.9251937035437185,0.853823224559046,0.934152178465987,0.9849437588201961,0.9852389832872436,0.9226070739503213,0.8941085191064485,0.9341349623351655,0.9230337121717798,0.9949105032946665,0.9809324577102956,0.9113471867539386,0.9563901506076687,0.9870358110385578,0.9323842349115393,0.913004597803054,0.758879956034398,0.9167644528307388,0.8821916489978991,0.8383017722731062,0.976047606250342,0.8887470136388109,0.8787958849070954,1.0000000000000002,0.5666914256264526,0.7985797307302744,0.48038765952061213,0.7889391596267399
Midtown-Times Square,0.569837477636549,0.778616123177779,0.6908435084064772,0.559529792550152,0.6643547902985251,0.5715777922066683,0.644809630738463,0.6828109524517552,0.775248877984711,0.5749707179958103,0.780450630855815,0.7052703574287863,0.6013644399538065,0.5258607063120739,0.525061040764398,0.6894612970855827,0.7742589569048077,0.6073310672950174,0.7131046507489485,0.5334559786225692,0.5658745470089647,0.5000964354886508,0.741843503258972,0.6253917166069272,0.6213465684729059,0.52678294448703,0.5933277346028891,0.6010654252876232,0.7014692004245446,0.46003979460702327,0.5742948838859372,0.5480238604453244,0.5197323888712133,0.6970573074061114,0.5011019970808669,0.6394159056922316,0.48638144800905997,0.5664433185525852,0.6725035078136461,0.5688661907077247,0.7555853891881487,0.5651827466911483,0.5194475704758511,0.6752936138420392,0.5909577642222675,0.654920780475037,0.5112435787068066,0.5800697301586577,0.6207842774960913,0.5282895979457819,0.6310678628964156,0.4903647280006075,0.6310443056198622,0.47831458357943263,0.5201503340752291,0.45144860520344354,0.49797853321911983,0.5241122940493206,0.6465705451679966,0.4545280333030404,0.6104619960825255,0.7526110104723142,0.46495778566373946,0.661371596375832,0.5151297674857338,0.5773479899112066,0.6829414375778121,0.7166665344807108,0.4943711426683983,0.6528055686283215,0.49280116156026127,0.4602887393254929,0.4599101585371713,0.5572704640835741,0.4653162937400544,0.5448117549695038,0.47258039478391284,0.5388396439339728,0.5730205204503774,0.49021705554070993,0.6062868619791659,0.5828791961848576,0.628266257695379,0.5211770493019361,0.5103772058078403,0.7713377630775852,0.47219754684107673,0.4934111785500988,0.5324957270542059,0.4744047962066715,0.4973793351036803,0.597403221472361,0.4501985024324732,0.5149405371219294,0.485263622787308,0.4936829606276739,0.48829885771855014,0.46310254539650175,0.5720427336129248,0.4708446584742679,0.4610451861070761,0.44260569502176733,0.6684365828088503,0.48237748902589206,0.7787059306526165,0.45839899222887603,0.5576079662481217,0.46537366141316433,0.7606843528403612,0.4661714728536217,0.463277299004375,0.4980532414928488,0.595379848793671,0.482468915180843,0.47819173133911536,0.5497854404275535,0.45942484894118973,0.45479468045768373,0.5052448046994059,0.47522823678542897,0.6513572263993088,0.4792579701156414,0.4459456166896742,0.7187945615728351,0.45214952096439776,0.5141094853767973,0.45685402422111565,0.720291020997892,0.8564677426487283,0.7241477600756431,0.5992202900378999,0.46963175203786545,0.45611115462091556,0.4858696260774805,0.4527596739434389,0.4913598021312655,0.4669120733130779,0.5783114502888317,0.49686838556510265,0.4601365951924136,0.5216659789131645,0.4723241230421278,0.4937449914126868,0.4617084516027039,0.48328721653226736,0.4611696355136815,0.6954007495495385,0.542377808616152,0.5328685278451312,0.4829705765254636,0.7908096089151413,0.5318511834270433,0.45563903872947575,0.45937935685294823,0.45924011242489904,0.45041429294259705,0.4930068419166227,0.4721582494658886,0.46371453215514796,0.46057353291547865,0.4595222931911535,0.4682758277684248,0.4675121418828096,0.48015140084702257,0.4567574138483719,0.6456999285339976,0.5266364369964543,0.7386860903774642,0.5887836615152707,0.5509455458155325,0.5175290501509227,0.5364467741732523,0.6409271273804026,0.567360479213682,0.44973123714881563,0.5609710194473474,0.5009605772164267,0.44798735412372753,0.4963709559584688,0.6573410958355083,0.4983763610519923,0.6500928396655282,0.6408864604893738,0.5112309905048141,0.5124139053004293,0.7933209952338887,0.6845314028556506,0.39030996299633636,0.8769914571229552,0.5746529995324889,0.5211041073465678,0.5358018021649142,0.5666914256264526,1.0,0.6868914096344879,0.23871370258666536,0.9463624387593382
Jamaica,0.7224372233647063,0.7821597988226276,0.8811858435047726,0.8992696368612042,0.9245146659742253,0.9122718996287111,0.9413820331988326,0.8406804484242947,0.8653386410125875,0.9210059706730251,0.8932945557188884,0.8996469355242996,0.8844545260563332,0.8623060240782259,0.9290680942117236,0.8604232172223837,0.8649868847370011,0.9318342788674969,0.8055306497474383,0.9289683546467871,0.923111918200379,0.8791560862520861,0.844180327067278,0.9547710122221036,0.9196381207107122,0.9164453812513405,0.8848006247485805,0.886409286534701,0.8765818793764192,0.8921280313298005,0.9360097988337795,0.8741390130888572,0.9439653663145661,0.9014503754895492,0.8929434706731115,0.9578164298920896,0.9000326512592911,0.8019494339366343,0.7534930385313664,0.8298411303423833,0.8873246997762929,0.9251923407152294,0.9081680800544364,0.826844345334936,0.9296008026454715,0.8734510892395367,0.8990391883623557,0.8817952178566322,0.9517883733668563,0.8822849067162204,0.9253633340966385,0.8791017779427172,0.9115429304936041,0.8835735700836973,0.8949486540438407,0.9035470890867896,0.8885832335112439,0.8746771816784793,0.8918954982723053,0.8736251250139426,0.9099902426813434,0.7737264057889495,0.887542655494104,0.9049747628054146,0.9371483952733578,0.8965930874101016,0.8307631846840628,0.8561976829619772,0.7185050471760266,0.8244029029123345,0.8637567036959068,0.8287136261244382,0.8969891984382585,0.8704455333756964,0.8839592795848589,0.9382020041899042,0.8905038893273001,0.8962488601468209,0.8348096999322447,0.8828992948912685,0.9079997888784305,0.8964440183873268,0.9231350408669021,0.8939639765137446,0.9224433703504341,0.82949236667646,0.8694371413240983,0.8767953778922352,0.8837906114591408,0.9243856309676216,0.8617649237871271,0.8734699058653635,0.868508499368169,0.8404238210780524,0.9073818089518553,0.8859442499610244,0.8770673206675241,0.8624914587356918,0.8966531001321926,0.8945078091682062,0.8553845688131828,0.8576878759662994,0.8941358075388464,0.8806850716150871,0.9093581419017726,0.8340918530051236,0.9046061393180891,0.8698398735700695,0.717048418758953,0.8600355647234862,0.8649101543399939,0.9173616048921157,0.9127996664552565,0.8572956528623886,0.9067029377203151,0.9178673764230482,0.8675802448291972,0.8404299730704928,0.8770480567360954,0.9085164748528887,0.906647553462801,0.8587075101712919,0.8608921642259775,0.9212293809082119,0.8605470197235909,0.9159932722393817,0.8721498152630219,0.8457993641289725,0.636577811886436,0.796359013485525,0.8654087854601874,0.8808002139839318,0.8104176322241645,0.869385407395911,0.8492921929358946,0.8697719669822445,0.8466582695448126,0.9250672921787031,0.9257001311830845,0.859784049025943,0.9037302435706088,0.8566499761480013,0.8646857773164579,0.8784250362846677,0.8921667293147723,0.8580272453418457,0.9564100495962187,0.8000497752633187,0.8677266668255624,0.9083662239941158,0.8701040144968301,0.889075213200863,0.8364635612607988,0.8282595365008895,0.8589000308774982,0.8756793437739575,0.923663312558674,0.8534824593055603,0.8773152004757936,0.8116636897083563,0.9038493095588674,0.8626953668868986,0.8775920831613522,0.8928971217723161,0.8452877444691266,0.8544853170974414,0.8941652609182044,0.8532004064824417,0.8335692195195354,0.9158998145660414,0.9352014537844848,0.9258014122344864,0.8007568973706024,0.8375720965845885,0.8619444268007227,0.9441138075552699,0.8706343588006878,0.8785177988207877,0.7874654882697112,0.8020730769657075,0.9207903402389499,0.830833680633782,0.7967704009739699,0.9268811845345092,0.9023027959396522,0.6223786040766554,0.9604912105387036,0.8369381057128212,0.7407897725437228,0.7805789583371969,0.9491387595740931,0.9010501767453835,0.7985797307302744,0.6868914096344879,1.0,0.6227924093791888,0.7623967583529108
East New York-New Lots,0.787695386384886,0.6321896100275248,0.7361978080864648,0.7614593346761871,0.8133986736877211,0.7764259332731256,0.8087519279678477,0.7929837299516178,0.7433652620759752,0.8207500567873257,0.724474839513747,0.8379732236497904,0.7119981014188568,0.7024697476753872,0.8091336127200413,0.7014914195222456,0.7077823269588386,0.8005909743649914,0.7727636487615172,0.8097184967745531,0.7597044590773305,0.7400558518505336,0.7283895441302018,0.7864504161768021,0.8566024322927495,0.8216244803875582,0.8370097986358036,0.7276930354982135,0.7284065118000779,0.7440761817564318,0.790803781778306,0.7239857166358944,0.8041684802983144,0.7328987567696245,0.7312455400221101,0.8060905882451275,0.8198105661125611,0.6153572485331943,0.7168748872767042,0.6231555101319609,0.7316229965707265,0.8026598654082058,0.7246643926073333,0.653801611687316,0.8265959365493085,0.7155637476645124,0.7139164885499522,0.7057216672753226,0.7933247993097738,0.7044810615370928,0.7149293804290737,0.7117499572118002,0.7481476845803983,0.7101163793160841,0.6882615801985297,0.7526901934912384,0.770114107222705,0.6847735883791501,0.7645078791147826,0.6990916570303797,0.7129271134235462,0.5047293323173226,0.7182158045257083,0.7236458465897474,0.7522138501885369,0.7247749298034573,0.5738341652157913,0.7046518634511244,0.9383433357997086,0.6532441287613083,0.6610096574974452,0.6329405418151014,0.7133212651739523,0.6728865185529456,0.7118598831244156,0.7576419108942769,0.6982954853441677,0.6975204472041855,0.600222063114944,0.7630554749914651,0.8355991922112165,0.6916759605965759,0.7291132009804473,0.7346607745022166,0.7467986133534377,0.5530216991399173,0.7520854738069931,0.6750847413334814,0.7679921410667282,0.7579119442877553,0.6938280043759365,0.6345940729981969,0.7159159374413104,0.6402874241632867,0.6996767816846202,0.694855990095966,0.6977127758416117,0.652786470491233,0.7066200850528576,0.6915461224654968,0.6562249107830749,0.8697606960952785,0.7514545150181215,0.7136487391826811,0.7647067001591548,0.6247678068739141,0.7003424756888318,0.6599404840906263,0.3757473454210617,0.6553653496379724,0.6638507667671841,0.7299439213858284,0.7089254482119484,0.6747551681002378,0.7087054701701371,0.6931480075912748,0.6779194687744508,0.6489432187072945,0.6575593299405044,0.7613126009501774,0.8315926523610001,0.6534917683419181,0.7101426097238329,0.7902427126048766,0.6762425270442726,0.7970478271249742,0.6845570589329488,0.5880701910880903,0.37297689466405576,0.5455844589875906,0.836820060070806,0.6757229714512887,0.5908318476450674,0.6701780406320301,0.6517467535090504,0.7164424008908149,0.6227768880308777,0.7019819991613521,0.7212284621632955,0.6556030325484985,0.6733751733453206,0.6235235034427942,0.7035594024875215,0.6910854310918935,0.6729933720673097,0.6463655529026571,0.7825593263620518,0.5704466724683606,0.7572414279885613,0.7044793627809698,0.7663596610244328,0.8696574569807397,0.63669558425452,0.6050963468151968,0.6676224851450778,0.7097249711873082,0.7123688843296948,0.629516441517008,0.6769505952653027,0.5966107008364634,0.744944571824396,0.6596482786722019,0.7081392912694845,0.7763879168959816,0.6387493834856883,0.8411075368910419,0.6666134601224275,0.5067056260144142,0.7078857326248545,0.7452781798950613,0.8047866567735881,0.6680114185847816,0.5331886354637633,0.6206688246530474,0.721064996092569,0.7359799881852427,0.7532573366756431,0.7410238156699832,0.5078227039740155,0.5071454655888006,0.7383217454275834,0.6686101450929242,0.5384802173000633,0.6635788245534232,0.7251367100796182,0.4783530154914079,0.6752695932889006,0.8105564494224964,0.47361225997217626,0.6209180841359304,0.7196822542352003,0.7717720525098455,0.48038765952061213,0.23871370258666536,0.6227924093791888,0.9999999999999998,0.283635699337758
Midtown South-Flatiron-Union Square,0.6600213968755939,0.8799395074133566,0.8204035538646066,0.7238168965800981,0.7579256943804609,0.694355323292293,0.7426094340050907,0.725003518517759,0.8487395276960343,0.6571718003064634,0.8591749559470473,0.7266607679372729,0.7729911521609083,0.7209630893523318,0.6591663491139633,0.8323835800284811,0.8695119256132585,0.7304188726104887,0.7678352222406832,0.6698651310791477,0.7162024113599998,0.6872621572995429,0.8356218742415459,0.733344882739225,0.6998425313266916,0.6662529385565217,0.617772631361531,0.7664231238093119,0.8207576044601357,0.645902551608422,0.7065685091084217,0.731865475534168,0.6477178855777894,0.8117561233630289,0.6777535200018383,0.7206278186049034,0.6381688462143901,0.7742068563437168,0.7885952764270475,0.7736820037425568,0.8502939428271397,0.6982907130095024,0.6938227061774268,0.8388399527384569,0.7043204617063613,0.8016983419040459,0.6865443977068305,0.7440835190265792,0.7308461966986436,0.715223453435522,0.7675287652959534,0.6822397973255451,0.773561724277047,0.6708064100425066,0.7032938786204692,0.6145008412370903,0.664732593780989,0.7130550032644327,0.7642540419700625,0.6494520029411156,0.7565336180677306,0.909094123663075,0.6575613356719697,0.7991630240039287,0.6618537296541013,0.7344481670612941,0.8599446304303298,0.8419416989992597,0.512777966867883,0.8233344792179959,0.6938256213179053,0.6860773011963851,0.6337910178275176,0.7353818709928083,0.6608966952381965,0.6891086736049272,0.666384399977391,0.7140443856817529,0.7793399152705826,0.6650985827468197,0.7176734263413136,0.7588725921356164,0.7636963815876747,0.6923547100648076,0.6757136251922632,0.9141359408054175,0.6492698476911929,0.683828370171013,0.6881913540140665,0.6371387363278911,0.6915795821423223,0.785081035061042,0.6490720584942468,0.7224134424894527,0.6720640312982221,0.6778527335696064,0.6772348768014383,0.6686244189938821,0.741758812753513,0.6570014348042815,0.6724162297154314,0.5759927492866952,0.7800871020949778,0.663867699666463,0.8248448248822056,0.6805664877441692,0.7259375441256665,0.6669424540059304,0.9238383134732451,0.67720844392412,0.6689498526228301,0.6725580800059114,0.7436136215586524,0.6815519006551918,0.6610796925045911,0.7142407916356132,0.6615590563406752,0.6729042648079696,0.7021027424154059,0.6422386139013766,0.7340928734352138,0.6868202366520317,0.6477733775899537,0.7881469283107196,0.6539316560452985,0.6677747649477344,0.6525221423703875,0.8802664451440376,0.9458332890334024,0.8847134148409243,0.7210354159330992,0.6671581928439996,0.6888172047223884,0.6863126342893053,0.661426597783646,0.6738799251064868,0.6847181640067778,0.7283023178019651,0.6581037462415956,0.6662172233506148,0.7075638442787479,0.6857097457155562,0.6813019782540805,0.6570965376228581,0.6804817141487957,0.6678669263692568,0.7582161019701141,0.7592994639898256,0.6913601556520443,0.6675753072554574,0.7934704217084388,0.6488922345821881,0.6757992842723415,0.6836850030889386,0.6678351596905651,0.6405759502977755,0.6692550120421757,0.688950573711638,0.659109026893576,0.6938521447126371,0.6320461974737497,0.6789869090753978,0.6537355153291478,0.6507227108629454,0.6704703198912718,0.7260293094349846,0.7067402818850252,0.8972559920077805,0.7513831614264829,0.7154596541501579,0.6504476569325559,0.7084654703358423,0.8394774740633816,0.7690547173281593,0.6360028021473167,0.7024129682093515,0.6858751627585706,0.6378651982308317,0.7299027656264363,0.8534937632140768,0.6684321449637028,0.8177998075045967,0.8375456043994376,0.6924258746518418,0.6753695997164917,0.8815081773536444,0.8141854606516481,0.5732170545441606,0.9586298231772444,0.7772584185996663,0.6727913047158395,0.6729393003915017,0.7889391596267399,0.9463624387593382,0.7623967583529108,0.283635699337758,0.9999999999999998
